# Resource object code (Python 3)
# Created by: object code
# Created by: The Resource Compiler for Qt version 6.10.1
# WARNING! All changes made in this file will be lost!

from PySide6 import QtCore

qt_resource_data = b"\
\x00\x00\x071\
\x89\
PNG\x0d\x0a\x1a\x0a\x00\x00\x00\x0dIHDR\x00\
\x00\x00\x80\x00\x00\x00\x80\x08\x06\x00\x00\x00\xc3>a\xcb\
\x00\x00\x06\xf8IDATx\x9c\xed\x9d\xcdo\x1dW\
\x19\xc6\x9f3wf|\xe3$\xb5c\xfb\xbaQIH\
\xa5D\xa4RBH\x9a\x1a$X\xf0\xd9\x06^\x0b\x09\
\x8aD+$D\x85@\xb0\x01$$\xd8\x90eY\xd1\
J \xc4\xa2\x026dA\x85T\xdaEy%C\xbb\
@@\x03\x0dI\xd3\x84\xa6!\x80B\xb1\xaa\xc4\xbe\xfe\
\x8c[\xfb\xfa\xce\xc7Ag\x1a\xc1:\xd73s\xce\xf8\
\xbc\xbf?\xe0\xces\xe6\xf9\xdd3w\xbe\xee\x81 \x08\
\x82 \x08\x82 \x08\x82 \x08\x82 \x08\x82\xb0\xddQ\
\x83\x8eOkmm\xd70\xf3\xf7\x00<n-\x80\xbb\
|\x7fzz\xfa\xf4\x9d\xa4k\x9c\x00\xcc\xfcm\x1d\x0e\
?\xd9\x9f\xfc\x00t+\xb6\x92\xc1%T\x9e\x22\xbe\xf9\
G\xa8l\x13D\xa4\x94\xba\xb3J\x83&\x0d\x96\x99\xbf\
\xa1\xc3\xe1'\xfa\x93SR\xbe)_g\x88o\xfe\x09\
\x08\xa2\x81?\xa31\x020\xf3Wt\xab\xfd\xa3~g\
J\xe9V\xdb\x81Dv\xf9\x7f\xf9!\xfa\x9d\xa9\x81\xb3\
4B\x00f\xfe\x92n\xb5\x9fJ&\xa7\x94\x0e\xa5|\
\xa5s\xc47_\x02T\xab(\x7f+\xb3\xa1\xf3\x020\
\xf3#:\x88\x7f\x9eL>\x10\xe4\xe1\xb0\x03\x89\xec\xa2\
\xb4~\xe7\x9b\xaf\x82-\x97\x0f\xd7\x05`\xe6\xcf\xea \
>\x93LN\xb5\xf2p\xa7\x03\x89\xec\xa2\xa0\x11\xcf\xbd\
TZ\xf9pY\x00f&\x1dDO'\x93\x0fDy\
\xb4\xcb\x81Dv)\xca7\xd3>PZ\xf9pU\x00\
f~P\x07\xe13I\xe7d\x9cG\xbb\x1dHd\x17\
sb\x17\xdd<[d(\xb3|\xb8(\x003\x7f\x18\
\xaa\xf5\x5c2q\xb2\x9d\xc7#\x0e$\xb2KQ\xfe\xdc\
\xd9b\x06(\xbb|\xb8&\x003\x7f\x10\xaa\xf5|\xbf\
s\xffp>4\xea@\x22\xfbDs\x7f.~\xf5W\
Q>\x5c\x12\x80\x99\xa7\xa0\x02N&N\xec\xca\x87\xc6\
\x1cHd\x9fx\xee/\xc5\xf9~U\xe5\xc3\x15\x01\x98\
\xf98T0\x93\x8c\x1f\x1f\xc9\xda\xe3\x0e$\xb2O<\
\xff2\x94N+-\x1f.\x08\xc0\xccG\x00\xf5\xdbd\
\xfc\xd8\x9elG\xc7v\x1c'\x88\xe7\xcfA\xe5I\xe5\
\xe5\xc3\xb6\x00\xcc\xfc\x1e@\xbd\x90\x8c\x1f\xebd;\xee\
\xb6\x19\xc5\x19\xe2\xeey\xa8\xbc_K\xf9\x86\xd0\xd6\xc0\
\x99\xf9 \x80\x17\x93\xb1\xa3{\xb3\xe1\xbd\xb6b8E\
Q~\xd6Cq\xb3+\xa8\xe7f\x97\x95\x19\x80\x99\xdf\
]\x94\xbf\xe7\xc8\xbel\xe7=6\x228G\xbc\xf0J\
\xed\xe5\xc3\x86\x00\xcc\xbc\xcf\x94\x9f\x8e\xdew \xdb\xb5\
\xaf\xee\xcd;IQ~\xba^{\xf9\xa8[\x00f6\
\x07\xfa\x17\xd2\xd1\xc3\x87\xd2\xdd\x07\xea\xdc\xb4\xb3D\x0b\
\x17\xad\x95\x8f:\x05`\xe6NQ\xfe\xc8\xa1\xc3\xe9\xee\
{\xeb\xda\xac\xd3D\x8b\xaf\x22H\xdf\xb6V>\xea\x12\
\x80\x99\xcde\xbd\x99\xf4\xae\x83G\xd3\xbb\x0e\xd6\xb1I\
\xe7\x89\x16/!H\xde\xb2Z>\xea\x10\x80\x99\xcd\x05\
\xfd\x99l\xf7\xbd'\xd2\x91CUo\xae\x11DK\x97\
\x11$k\xd6\xcbG\xd5\x020\xb3\xb9\x89\xff\x9bl\xd7\
\x81\xf7'\xa3\x87\xab\xdcTc\x88\x96\xfe\x86\xa0\x7f\xcb\
\x89\xf2Q\xa5\x00\xccl\x1e\xdfy>\xdb\xb9\xefC\xe9\
\x9e\xfb\xaa\xdaL\xa3\x88\x96^C\xd0_u\xa6|T\
%\x003\x0f\x01x6\xdby\xcfG\xd2\xb1#\xb0\xf7\
\x06\x81;\xbcS\xfe\x8aS\xe5\xa3\x0a\x01\x98\xd9\x8c\xee\
\x99lx\xefC\xe9\xd8Q)\xdf\x94\xbf|\xc5\xc9\xf2\
Q\xb6\x00\xccl.-\xff2\xdbq\xf7t:~\x0c\
z\xf0\xf7N\xb6\x0d\xd1\xf2\xeb\x086\x97\x9d,\x1fe\
\x0a\xc0\xcc-\x00g\xf2v\xe7\xe1t\xfc}R\xfe\xff\
\xca_r\xb6|\x94%\x003\x9b\xb6\x7f\x96\xb7\xc7\x1f\
M&\x8eC\xdf\xe1\xebI\xdb\x91h\xf9\xaa\xf3\xe5\xa3\
\x0c\x01n\x97\xffT>4\xf6X2q\x02Z5\xea\
m\xb3J\x88VL\xf9\x8b\xce\x97\x8f\x92f\x80\x1f\xe6\
C\xa3_M:\xf7C\xabV\x09\x1f\xd7l\xa2\x95\xbf\
#\xe85\xa3|l\xe5y\x80__\xce\xd0\x9e\x9dy\
\x22\x8fG\xbe\x99L\x9c\x94\xf2\xcd\xce,\xca_hL\
\xf9\xd8\x8a\x00\xed\xd9\x99\xe2\x0c\xcf\x5c\xd8\x18z\xf3\xc5\
RC5\x99\xcdw}\xb41\xe5c\xabO\x04\xf5\xf6\
\x9f*/\xc96\xa0=;\xd3\xa8\xf2\xd1\xb4\xff\x07\x10\
\xcaG\x04\xf0\x1c\x11\xc0sD\x00\xcf\x11\x01<G\x04\
\xf0\x1c\x11\xc0sD\x00\xcf\x11\x01<G\x04\xf0\x1c\x11\
\xc0sD\x00\xcf\x11\x01<G\x04\xf0\x1c\x11\xc0sD\
\x00\xcf\x11\x01<G\x04\xf0\x1c\x11\xc0sD\x00\xcf\x11\
\x01<G\x04\xf0\x1c\x11\xc0sD\x00\xcf\x11\x01<G\
\x04\xf0\x1c\x11\xc0sD\x00\xcf\x11\x01<G\x04\xf0\x1c\
\x11\xc0sD\x00\xcf\x11\x01<G\x04\xf0\x1c\x11\xc0s\
D\x00\xcf\x11\x01<G\x04\xd8\x06\xa8\xac?\xf0 \xac\
-\x1c)\x94\x83\xca6\x8b\xa5f\x01\x9c\x1e\xe4\x03E\
\x80\x06\xa3\xd2\x1e\xe2\xee\xcbP\xe9\xc6w\x89\xe8\x07\x83\
\x8cD\x04h(*\xdd0\xdf|\xad\xb2\x8do\x11\xd1\
\x8f\x07\x1d\x85\x08\xd0@\xccZ\x83\xd1\xfc\xb9\x5ce\x9b\
_'\xa2\x9fne\x04\x22@\xc30k\x0dF\xf3\xe7\
2\x95\xf7\xbfLD\xbf\xd8jz\x11\xa0A\x04\xfd5\
D\xdds\xa9\xca\x93/\x12\xd1\xd3e$\x17\x01\x1a\x82\
\xf9W\xf6\xa8{\xbe\xaf\xf2\xe4Q\x22z\xb6\xac\xd4\x22\
@\x030\x8bNE\xdd\x0b=\xa5\xd3\xcf\x11\x11\x97\x99\
X\x04p\x1c\xb3\xeeP\xdc\xbd\xb0\x0e\x9d}\x86\x88~\
WvZ\x11\xc0aZ\xbd\x05\xb3\xbc\xfc\x1at\xf6i\
\x22\xfa}\x15IE\x00Gimt\x11-^\x5c\x85\
\xce?EDg\xabJ)\x028Hk}\x0e\xd1\xd2\
\xa5%\xe8\xfc!\x22:_eB\x11\xc01Z\xeb7\
\x10-^\xee\x02\xda\x94\x7f\xb1\xeat\x22\x80C\xb4\xde\
~\xd3,2}\x03\xd0\x1f'\xa2\xd7\xebH&\x028\
B\xf8\xd6,\xc2\xe5+\xb3\x00>AD\xd7\xeaJ%\
\x028@\xb8\xf6\x06\xc2\x95\xab\xff\x06\xf01\x22\xba^\
g\x22\x11\xc02\xe1\xad\xeb\x08W\xaf\xfd\xe3\xf67\xff\
?u\xa7\x11\x01,\x12\xae\xfe\x13\xe1\xad\x7f\x99c\xbd\
9\xe6\xdf\xb0\x91D\x04\xb0D\xb8r\x0d\xe1\xda\xf5K\
\x00\x1e$\xa2yk9l\xef\x08\xdfPE\xf9W\xd1\
Z{\xe3\x02\x00s\xaa\xb7hs\x17\xc8C\xa15R\
\x94\xbf|\xc5\x94\x7f\xf6\xf6\x0f>\xab\xe5Cf\x80\xfa\
P\xd0\x08\x97^3\xe7\xfa\x7f\x000MDk.\xe4\
\x92\x19\xa0\x06\x8a\xf2\x17/\x9b\xf2\xcd2\xeb\x9ft\xa5\
|\x88\x00\xd5\xa3\xb4F\xb8\xf0\xaa\xb9\xc4k\xee\xe3\x9b\
\xbbz\xeb.\xe5\x93C@\x85(\x9d\x9b;z\x086\
\xba\xcf\x01x\x84\x88\x06\x7f\x83\xa3\x22d\x06\xa8\x08\xa5\
3D\x0b\xaf\x98\xf2\x7f\x05\xe0\xf3.\x96\x0f\x11\xa0\x1a\
\x8a\xf2\xbb\x17\x10\xf4\x16\xce\x00\xf8\x02\x11%\xaef\x15\
\x01JF\xe5\xa9yx\xd3<\xcae\x9e\xd7\x7f\x8c\x88\
2\x97\xf3\x8a\x00%\x13u\xffj\x1e\xe2\xfc\x09\x80\xaf\
\x11Q\xeez\xde-\xfd\x08l\xcf\xce\x94\x97d\x9b\x10\
\xf4W\x9f\x04\xf0\x1d\x22\xd2M\x18\xd1\xc0\x02\xf4\xf6\x9f\
R\xe5Fi>\xed\xd9\x99\xc7{\xfbO\x9d~\xf8\xbd\
-\xdfw\x85 \x08\x82 \x08\x82 \x08\x82 \x08\x82\
 \x08\x82 \x08\x82 \x08v\x01\xf0_\xc7\x1doX\
\x82\xb8in\x00\x00\x00\x00IEND\xaeB`\x82\
\
\x00\x00\x03\x82\
\x89\
PNG\x0d\x0a\x1a\x0a\x00\x00\x00\x0dIHDR\x00\
\x00\x00\x80\x00\x00\x00\x80\x08\x06\x00\x00\x00\xc3>a\xcb\
\x00\x00\x03IIDATx\x9c\xed\xdc=O\x14A\
\x1c\xc7\xf1\xdf\x19J\x0c\x05\xa5\xb1\xf4\xa9\x90Z-\xc5\
\xd2\x18\xad\xc5\xd6\x16\xa2\xef\xc7W\x22\xadZ\x00\x8d\x81\
\x18[c\x07$rv\x92\x9c\xd9dw\xb3Yo\xf6\
\xe6q\xf7\x7f\xf1\xfbI\xa6\xc1p\xf3eg<\xb9\xbb\
q\x05\x00\x00\x00\x00\x00\x00\x00\x00\x00\x00\x00\x00\x00\x00\
\x00\x00\x00\x00\x00\x00\x00\x00\x00\x00\x00\x00\x00\x00\x00\x00\
\x00\x00\x80\xe9\xcc\x12g~(iW\xd2\x13Iw%\
\xdd\x96\xb4Y\xff\xd9oI?$}\x97\xf4I\xd2\xa1\
\xa4\xaf1\x93,\x16\x8b\xe4\x0b4\x9b\xcd\x82Z\x17\x8b\
ETk\x0ec\xb4\xcef\xf1K_\x85\xbc\x93tZ\
\xadM\xe08\xad\xbfw\xd3c\x9eV\xb5\x01bF\xae\
\xd6\xd8\xf9C\xc6\xd8\xad16$\xedK:\x8f\x08\xec\
\x8f\xf3\xfa\xb16Jl\x80R\xad\x85\x16~\x92\xd6P\
w$\x1de\x08\xec\x8f\xa3\xfa\xb1\xb3m\x80\xd2\xad\x99\
\x17\x7f\xb2\xd6\x10\xcf%\xfd*\x10\xd9\x8c\xabz\x8e\xe4\
\x0d0Vk\xa6\xc5\x9f\xb4\xd5\xd7kI\x7f\x0aF6\
\xa3\x9ac/e\x03\x8c\xdd\x9a\xb8\xf8\x93\xb7\xfax!\
\xe9z\x84\xc8f\x5c\xd7s\x06o\x80\xa9Z#\x17\xdf\
D\xeb*\xf7\xea\xa7\x90\xb1\x22\x9bqU\xcf\xed\xbd\x01\
\xa6n\x0d\x5c|3\xadC6\x0a\xfdb\xe2;\x8e\xfa\
\xaf\x0e\x06.\xa8\x89V\xcf\xc57\xd5:d\x7f\xc2\xc8\
f\x1cxn\x00\x13\xad\x9e\x1b\xc0T\xab\xcbf\xa6\xd7\
\xa3\xa9\xe3\xbc\xfbf\x91\xe3\x82\x9aj]\xb1\xf8\xe6Z\
\x1b7z\x1b\xe1\xad\xa4m\xef\xd7\x08\xe5l\xd7-C\
h\x0d\xb7\xb25\xe6m\xc8R\xe3\xb4\x89r\xfc\xad2\
\xd5\xba\xe2\x19\xc0\x5c\xeb2;\x86\x22\x9b\xb1\xb3l\x03\
Xmu,\xbe\xd9\xeb\xaa\xde?\x01O'}rZ\
n\xd7\xf1uZ\xd3\xb4\xad\xdd\x0d\xf0\xc8`\xa8\xab\x89\
\xd64mSw\x03<0\x18z\xdf\xf1uZ\xd3\xb4\
\xad\xdd\x0dp\xcb`\xa8\xab\x89\xd64mSw\x03\xdc\
4\x18\xeaj\xa25M\xdb\xd4\x7f\x1f\x00\xff\x99\xee\x06\
\x98\x1b\xfc\xd1]M\xb4\xa6i\x9b\xba\x1b\xe0\xa7\xc1P\
W\x13\xadi\xda\xa6\xee\x06\xf8f0\xd4\xd5Dk\x9a\
\xb6\xa9\xbb\x01\xbe\x18\x0cu5\xd1\x9a\xa6m\xean\x80\
C\x83\xa1\xae&Z\xd38\x9b\xf80(\xb2u]?\
\x0c\xea\xbf\x0c\xfc`h\x97\xaej\xa15\xce`\x8b\x95\
\x83\x0b\x17kt \xe4b\x8d\x0e\x84\x5c\xf4\x0f\x84,\
s` \xd4\xf7H\x98\x89V\xcf#a\xa6Z\x87L\
}x\xf1d\x8d\x0e\x85\x9e\xac\xd1\xa1\xd0\x13\xdfC\xa1\
\x9a\xf0\xf8\xf2|\x8d\x8e\x85\xcf\xd7\xe8X\xf8?\xad>\
\xf8\x8f!+ZC\x16\xdfZ\xab\xaf\xbd\x91b\xab9\
\xde\xb8\x9a</\xec\xa8\xad1\x8bo\xa95\xc4\xcb\xfa\
)\xa4Td\xf5\xd8\xaf\x86z\x02.\xec(\xad)\x8b\
o\xa55Tu\x97\x8a\xe3\x02\x91\xc7\xf5c\x0f\x0a\xbc\
\xb0E[s,\xbe\x85\xd6\x18\xcd\x8d\x0c.3\x04^\
\x8et\x83\x88\xac\xad9\x17\x7f\xea\xd6\x14[\x92\xdeK\
:\x8b\x08<\xab\xbfw+d\xfe\x84\x8b\x9b\xa5\xb5\xc4\
\xc2O\xdd\xda\xc8q\x93\xa8g\x92\x1ewnf\xd4\x1c\
7\x9awnf\xf4Y\xd2G\x037\x89\xf2n5p\
\x93\xa8\xa2\xad)7\x89\x02\x00\x00\x00\x00\x00\x00\x00\x00\
\x00\x00\x00\x00\x00\x00\x00\x00\x00\x00\x00\x00\x00\x00\x00\x00\
\x00\x00\x00\x00\x00\x00\x00\x00@\x0e\x92\xfe\x02d\xdf\xc3\
\xe7&\xa04\xe4\x00\x00\x00\x00IEND\xaeB`\
\x82\
\x00\x00\x03\xca\
\x89\
PNG\x0d\x0a\x1a\x0a\x00\x00\x00\x0dIHDR\x00\
\x00\x00\x80\x00\x00\x00\x80\x08\x06\x00\x00\x00\xc3>a\xcb\
\x00\x00\x03\x91IDATx\x9c\xed\x9dO\x8f\x0cA\
\x1c\x86\xdf\xb6\xac/\x80\x03N\x5c9\xe1\xe0[,f\
}\x0f\xbe\x85\xbdb\xf7C\x90\xe0{\x10\x89p\xda\xb8\
\x11\x09G\x0e\xacCo:z7\x932cGUO\
wU\xbd\xcf\x93T\xf6\xcf\xa1\xa7\xfaW\xcf\xfc\xde\x9e\
\x99t\x8d\x00\xc0\x98&\xf6\xd4\xdb\xb6\x1d\xbdjM\x13\
=\xdde\xcc\xfa\xff?\x1f\xf2\xa0%\xd5\xc6Y\x80s\
\x92>\xf4\xbf_\x93\xf4m\xa8\x03\x97T\x9bS\x83\xcf\
\xa4\x1c\xf6$]\xe8\xc7\xaek\x11\x5c\x05\x98\xcd\xb5\xff\
E\x7f\xdb\xe0\x18\x01G\xad\xbf{\xe6\xcf\xf3u\xa8(\
 \x02\xf2fo\xc1\xe2\xcb5\x0a\xdc\x048\xa9\xd5\xdb\
E\x81S\x04,k\xfd!\xc9Q@\x04\xe4\xc9\xb2\xd6\
\x1fb\x15\x05.\x02\xfcok\xb7\x89\x02\x87\x08X\xb5\
\xf5\x87DG\x01\x11\x90\x17\xab\xb6\xfe\x10\x8b(\xa8]\
\x80\xd4V^}\x14\xd4\x1c\x01\xb1\xad?\xa4\x8b\x82\xeb\
\xfd\xcf\x95 \x02\xf2 \xb6\xf5\x87t\xc7xZYm\
\x8e\xa9U\x80\xa1[w\xb5QPc\x04\x0c\xd5\xfaC\
V\x8e\x02\x22`Z\x86j\xfd!UFAm\x02\xac\
\xbbUW\x17\x055E\xc0\xbaZ\x7f\xc8\x89Q@\x04\
L\xc3\xbaZ\x7fHUQP\x8b\x00c\xb7\xe6j\xa2\
\xa0\x86\x088/\xe9\xfdH\xcf\xfey\x96F\x01\x110\
.\xbb\x13,\xbej\x89\x82\xd2\x05\x98\xba\x15\x17\x1f\x05\
%G\xc0T\xad?\xe4\xaf( \x02\xc6a\xaa\xd6\x1f\
Rt\x14\x94*@n\xad\xb7\xd8((1\x02ri\
\xfd!\xc7Q@\x04\xac\x97\x5cZ\x7fH\x91Q\xe0v\
g\xd0\xaa\x93Nz :\x00\x14\x03\x02\x98\x83\x00\xe6\
 \x809\x08`\x0e\x02\x98\x83\x00\xe6 \x809\x08`\
\x0e\x02\x98\x83\x00\xe6 \x809\x08`\x0e\x02\x98\x83\x00\
\xe6 \x809\x08`\x0e\x02\x98\x83\x00\xe6 \x809\x08\
`\x0e\x02\x98\x83\x00\xe6 \x809\x08`\x0e\x02\x98\x83\
\x00\xe6 \x809\x08`\x0e\x02\x98\x83\x00\xe6\x9c6;\
\xfd\xc1\xbf~\xbct\x8a\x12`\x8a\x8d\x17j\x87\x080\
\x07\x01\xccA\x00s\x10\xc0\x1c\x040\x07\x01\xccA\x00\
s\x06}\x1f\xa0i\x9aMI[\xfd\xb8-\xe9\xa2\xa4\
M\xf7\x22'\xf2C\xd2'Io%\xbd\x90\xf4\xaam\
\xdb\x83\xc9g\xd5\xbd)3?$\xdd\x91\xb4\xdf\xef\xc6\
\xc9X\xdf\xe8j|wA\xfd\xa7\x11@\xd2\x86\xa4G\
,\xf8\xe8\xa3\xab\xf9F\x0e\x02\xb0\xf8\x13J0\xa9\x00\
\xfd\x1e\xf9\xee\x8b0\xf5\x98\xa5\x08\x90\xf2\xe9Xwq\
\xf7Q\xd2\xe5\x84c@:\x9f%]\x91\x14ua\x98\
\xf22p\x9b\xc5\xcf\x82K\x92\xee\xc7N$E\x80\xad\
<\xebaI\xf4Z\xa4\x08p\xcb\xbd\xea\x19q3v\
*)\xd7\x00?%\x9d\xcd\xb9*F\x1c\xc4\xaeE\x8a\
\x00\x13\xbc\xf6\x80\x7f\x10\xb5\x96|\x16`\x0e\x02\x98\x83\
\x00\xe6 \x809\x08`\x0e\x02\x98\x83\x00\xe6 \x809\
\x08`\x0e\x02\x98\x83\x00\xe6 \x809\x08`\x0e\x02\x98\
\x83\x00\xe6 \x809\x08`\x0e\x02\x98\x83\x00\xe6\xa4\x08\
\xf0\xdd\xbdx\x19\x11}\xb7p\x8a\x00_r\xae\x88\x19\
\xd1k\x91\x22\xc0;\xf7\xaag\xc4\xeb\xd8\xa9\xa4\x08\xf0\
2\xe7\x8a\x98\x11\xbd\x16\xdc\x1cZ>\xdd\xcd\xa1W%\
\xfd\x8a9\x93\xe8\x0e\xd0oS\xf2\xb0\xde\xba\x16\xc3\x83\
\xb6m\xa3\x16?\x89\xb9\x8d\x09v\xb8G\x7f\xb2\xb1\x93\
\xcb\x161\x8fY\x8c\xd1\xc7\x93,\xb6\x88\x99\x9b\xc0=\
6\x89\x1ae\xec\x1f\xed\x0a2\xc4&Q\xd1\x17\x81\x8b\
\x1e\xb4\xdf&n\xbb\xdf1\xecF\xbfy\xc1\x99\xe8\xd9\
A\xc7\xef\xfeB\xefM\xbfM\xdc\xb3E\xdb\xc45\x0d\
_\x85\x00\x00\x00\x00\x00\x00\x00\x00\x00\x00\x00\x00\x00\x00\
\x00\x7f\x90t\x08g\x9a\xa4\x85'_#\x91\x00\x00\x00\
\x00IEND\xaeB`\x82\
\x00\x00\x05\xe3\
\x89\
PNG\x0d\x0a\x1a\x0a\x00\x00\x00\x0dIHDR\x00\
\x00\x00\x80\x00\x00\x00\x80\x08\x06\x00\x00\x00\xc3>a\xcb\
\x00\x00\x05\xaaIDATx\x9c\xed\x9d1o\x1cE\
\x18\x86\xdf\x10\x03\x0d\x14\xe9\x80P\x19\x8a\xe9\x0d\x05\xbd\
\xe9\x13)\x87\xc4\x1f\xb84\xa1\x80\x22\x0e\x7f\x00\xd9\xa4\
\x80\x02\x8a\xdcO\x88\x15\x02\xa2\xb4\x7fB\x22$\xaa)\
lWA\x94\x14\xd0`\x84@{\xfa\xf62>\xed\xdd\
~\xb3\xb7w{\xbb\xef\xfbH\x96\xa5\xf3\xee\xde\xce|\
\xcf\xcc~3\xbb;\x86\x10B\x08!(\xb9V\x16:\
\x84PU\xfe\xd7\x00\xdc\xb2\x9f\x8f\x00\xbcc\x9f\x89\xed\
\xe5/\x00/\x00\xfc\x02\xe0)\x80\x9f\x00\x5c\xce\x9fm\
\x8cq\xfa{gI1n\x03\xf8\x1a\xc0\xfb\x0av\xaf\
x\xa3h\xcf\xf6\xf3)\x803\x00\x07\x00~\xa8*\xc4\
+\x15\x9f]\x07pd;(\xf8\xfd\xa7\x88\xe1\x13\x8b\
\xe9\xf5\xf9\xd2T\xf5\x00_\x01\xb8\xcf^k\x03\xa4\x8c\
\xe9AZ\xb4\xf9\x1e\xe0\x8e\x82?h\xee[\x8cg\xa4\
\x02\x14\xc9\xdd7\xec5D\xc0\xb7i\x22\x9f\x0a0\x02\
\xf0.{\xed\x10p\x13\xc0'e1S\x01n\xb1\xd7\
\x0c\x11\xb3X\xa7\x02|\xc8^+D|P\x165\x15\
\xe0-\xf6Z!\xe2\xed\xb2\xa8\xe90\xf0ug\xf9\xaf\
9\xb6\x11\xdd\xf1\x9f\xe3\x9b+\x93@A\x88\x04 G\
\x02\x90#\x01\xc8\x91\x00\xe4H\x00r$\x009\x12\x80\
\x1c\x09@\x8e\x04 G\x02\x90#\x01\xc8\x91\x00\xe4H\
\x00r$\x009\x12\x80\x1c\x09@\x8e\x04 G\x02\x90\
#\x01\xc8\x91\x00\xe4H\x00r$\x009\x12\x80\x1c\x09\
@\x8e\x04 G\x02\x90#\x01\xc8Y\xb6JXk\xc4\
\x18\xcf\x01\xec\xb6x\xc8\x8fC\x08\xa7X\xfd\xd8\x0fB\
\x08G-\x9e\xd7\x94\x18\xe3#\x00\xe3\x86\xbbOB\x08\
w[>\xa5\x85\xa4\xeb\x04z\xde*\xc5\xaao\x07\xc7\
\x18\xc7\xb6PQN\xd0\x8a \x1d\x85\x10\xfe\xa89\xf6\
\x81\x1d\xfb\x86\xf3\xb8\x17!\x84\xf72\xce\xa3\x96\x18c\
\xf1\xdd\xe7\x19\xe7\xf0\xdc\xcav\xdc\xd2)\xb8\xe2\x18c\
\x9c\xc6q\xe3\x97\x80\x10\xc2\xa4h\xc1\x00\x96\x063\xa1\
h\xa5\x0f\xea\x82o\xc7>\xb2c{\xd9\x8d1\x8eZ\
(V\xca8G@\xeb\xcd\xda\x0a~6\x9d\xe4\x00!\
\x84\xa2\xe0\xdeBO2\x8f]\xb4\xa8\xd3\x8c]\x9av\
\xd5u\xc7\xf3\x08~\xec\x11{\x9dt\x99\x04^x\xb6\
iXA\x9ec\x97\xec\xc7\x18[\xc9Ob\x8c\xfbv\
i\xbb\xb0\xae\xbd\x8e\x9c\xf3\x5c\x0b\xdb>\x0aX\xb5u\
x{\x82\x03\xc76\x1e\xca\xd6\x9f\xd5kuI\x97\x02\
x\x82\xdb\x86\x00\x9e\x968\xb2\xe4\xad1\xd6\x8b\x8c\xec\
\x9c%\xc0\x16\xe1\x09\xc6\x8d\x16r\x812\x99\xec\xfc\xba\
\x9e\xc3\xe0\x05\xb0Q\x87' \xab\x0aP^Fz\xd3\
\xfaA4\x13\xe8\x99\xec\xd9\xb5$.\x1b\x9b\xdb(z\
\x91S\x1b\x85\xf4\x06\x16\x01\xbc\xad\xb2i28\xeb\xfe\
\x1b\xee\xdf\x19\x14\x02\xd85\xd9#A\xf6\x900\xc6\xb8\
W\xecW\x5cf\xecr\xd3+\x98n\x06y\x83\x93\x9b\
\x0b\x94\xdb\xb7~Oa\x13\xd0\x08\x901C8\xf6\x0e\
\x09m\xbb\xdev\xff \xbc\x1d\xeci\xa59C\xc2\x91\
m\x7fl\xd3\xdb\xbd\x83J\x00\xbb\x85\xec\x09\x94W\x80\
\xde\xcd\xfc\xcd\xc3\xf8@H+CB\xfb\xfb\x9e\xdd\xaf\
\xc8\xb9\xf9\xb4U0\x0ap\xdc\xd2\xc4Py\xed\xefm\
\xeb\x07\xa3\x006$\xf4\xf4\x02\xa3ECBK\xfe\xc6\
}\x9b\xf7\xaf\x82\xf5\x99@o\xc6\xbe\xa8\x17(?\xef\
\xd5\xbc\x7f\x15\x94\x02X\xc6\xeei\xb9\x8b\x86\x84\xbdO\
\xfeJ\x98\x9f\x0a\xf6\xf4\x02\xe98\x7f\x8a=B\xb6\xdb\
\xc7y\xff*h\x05\xb0\xcc\xdd\x93\xbd\xcf\xdf\x1f\x98u\
\xffk8\xad\x8d\xc3\xfe^\x80'\x88\xb3!\xa1%\x85\
\xbd\x9d\xf7\xaf\x82Z\x00\x0bb\xce\xc4P\xaf\xe7\xfd\xab\
`\xef\x01\xe0L\xe4Fv\xd7oP\xdd?$\xc0\x14\
\xef\x13C\x8f-)\x9c\xf4u\xde\xbf\x0az\x01l\x1c\
\xef\xca\x05\xec\xf7`Z?$\xc0\x0c\xef5\xfdy\x9f\
\xe7\xfd\xab\x90\x00/'\x86<\x81\x1dD\xe6\x9f\x22\x01\
^R\xd7\x0bx/\x15\xbdB\x02\x18\x8eg\x05&}\
\x9f\xf7\xafB\x02\x5ceY/0\xb8\xee\x1f\x1d\x0b\xe0\
y\xeen\xa5\xd7\xb5\x1a\xb0\xe8Y\x81\xd3!\x0d\xfdR\
\xb6\xbd\x07XU\x80\xac\xfd\x97<+\xd0\xa4\xf5oZ\
\xdeFt)\xc0\x9ec\x9b\xa6\xafm\xef\xcf\xfd\xcea\
>\xd1\xbbh\xb8\x80\x83\xe7\xdc\xdb\x5c6\xa7\x11\x9d\x08\
\x90\xdcT\xf1l\x9b\xf5\xb6\x8em_V\xec^\xee\xfe\
\x15\xcf\x0ad\xb7\xfe\xe4U\xb1:V~+yU6\
.\x80U\xceIF\x17y\x18c<\xac\xab\xa8\xe2\x8e\
]\x8c\xb1\x98\xae=\xac\xd8\xffq\xe6R0i\x8b\xcf\
\x12\xc0\x84{\xe4\xdc\xbc\x10\xf5d\x0d\xcb\xd4\xb8\xd9\xc8\
\x22Q\xdb\xb6JX\x08\xa1\xb6\x0c1\xc6\x13\xeb\xfe\x97\
\xae\xd8e\xbd\xd9y\xce\xf7\xd7\xb0\xea*aY\x8bD\
m|\x950\xb1v\xb6{\x950\xb1]H\x00r$\
\x009\x12\x80\x1c\x09@\x8e\x04 G\x02\x90#\x01\xc8\
\x91\x00\xe4H\x00r$\x009\x12\x80\x1c\x09@\x8e\x04\
 G\x02\x90#\x01\xc8\x91\x00\xe4H\x00r$\x009\
\x12\x80\x1c\x09@\x8e\x04 G\x02\x90#\x01\xc8\x91\x00\
\xe4H\x00r$\x009\x12\x80\x1c\x09@\x8e\x04 G\
\x02\x90\xb3\x93\x14\xffO\x00o:\xaa\xc3\xbb\x8e\x80\xd8\
^.\xcb3K{\x80\xdf\x150\x1af\xb1N\x05\xf8\
\x95\xbdV\x88xV\x165\x15\xe0G\xf6Z!b\x16\
\xebT\x80be\xac\x17\xec5C\xc0o\xe9*h\xa9\
\x00Eb\xf0\x05{\xed\x10\xf09\x80\xbf\xcbb\xce\x0f\
\x03\x0b3\x1e\xb2\xd7\xd0\x80y8\xbf\x12j\xd5<\xc0\
\x97\x00\xbec\xaf\xa9\x01\xf2\xbd\xc5\xf6\x0aU\x02\xfc\x0b\
\xe03\x00w\x00\x9c\xb1\xd7\xda\x008\xb3\xff~z\xcf\
b{\x85\x9d%\xe5{\x02\xe0g\xdb\xf9\xb6-\xee|\
\x13\xc0\xab\xec5\xba\xe5\xfcc\x89^\xf1om\x9fZ\
\x97\x7f\xd9\xeb\x12\x09!\x84\x10\xa2]\x00\xfc\x0f\xa4\x04\
_\x92\xfa!\x07}\x00\x00\x00\x00IEND\xaeB\
`\x82\
\x00\x00\x04\xce\
\x89\
PNG\x0d\x0a\x1a\x0a\x00\x00\x00\x0dIHDR\x00\
\x00\x00\x80\x00\x00\x00\x80\x08\x06\x00\x00\x00\xc3>a\xcb\
\x00\x00\x04\x95IDATx\x9c\xed\x9d1O\x14A\
\x18\x86_@\xb10\x16\xd7\x0a\xd5\xf9\x13\xd0\xc2\xd8b\
\x0f\xca\xf9\x13\xceZ\x1b\xfe\x82\xc4\xcah\x83?A\x0a\
\xb4\x86\x9f\x001\xb1\xb0!PI\xec\xa4\xd0B\xb1\xc0\
\xac\x99!\x9b\x0b\xbb\xf7}\xcb\xdc\xdd\xec\xbe\xef\x93L\
L\xf4\xeefg\xbegfgvfG\x08!\x84\x10\
\x82\x92\xb9\x9aB/\x02X\x0b\xe9!\x80\xbb\xe1\xefD\
\xde\xfc\x02\xf0\x0d\xc0g\x00\xbb\x00>\x018\xf7^\xf1\
:\x80#\x00\x17J\xadOE\x1c\x9fX\x03\xbf\x00`\
KA\xefd\xda\x0a\xf1\xadE\xc1\xef\xbe\x04\x95l\xa8\
\x82(\xd2FY\x808\x08,\x06w\xc7\x00\x965\xc0\
\xeb<\xa7\x00\xfaq`8\x1fJ;P\xf0iX\x02\
\xf0,\x166\x0a\xb0\xc6^+d\x5c\xc6;\x0a\xf0\x80\
\xbdF\xc8\xb8\x1f\x8b\x1b\xc7\x00\xbf\x01\xdcb\xaf\x15\x22\
\xcec\xbc\xa3\x00\x17\xc6\xb2\xd7=9\x14y\xe0\x8a\xe5\
\xfc\xf8\xcf\x89.#\x01\xc8\x91\x00\xe4H\x00r$\x00\
9\x12\x80\x1c\x09@\x8e\x04 G\x02\x90#\x01\xc8\x91\
\x00\xe4H\x00r$\x009\x12\x80\x1c\x09@\x8e\x04 \
G\x02\x90#\x01\xc8\x91\x00\xe4H\x00r$\x009\x12\
\x80\x1c\x09@\x8e\x04 G\x02\x90#\x01\xc8\x91\x00\xe4\
H\x00r$\x009\x12\x80\x9ci\x09\xd0\xf4\xf0\xa5\xbd\
\xc4\xd7\xf1\xe1\x1a\xd7\xd2i\xa6Y\x09\x9b\xce\x8a_I\
\x94o\xdf\x99\xeff\xa2|\xa7M\xa3XN\xbb\x15\x0c\
\x1cyn'\xca\xd3#\xde0Q\x9e\xb3\xa0\x15\x02x\
\xf2\xfc\x01\xa0\x97 \xbf\xe3\xd2\xef\x8d\xcb3E~\xb3\
\xc2\x15\xcbY\x0e\x02\xcf\x8c\x9f\xeb%h\x91\x83p\x0b\
(\xf2\xdcIxm\x16\x86#\x15\xbf\x9a\xf0\xb7\xafM\
\x0e\x02\xec\x1b>\x9bB\x00\x8c;*\x95\x91\x1c\xa6\x81\
\x96\xa0\xf4KA\xf4R\xfe\xae\xa5\xf5S\x91\x83\x00'\
\x13\xee\x05\xca\xc1?i\xf8\x1b\x9d%\x97\x07A\x96^\
`5\xb4f/q:\xf7~r\x97\xdf^r\x11`\
\xdf\xd8:\xbd\xbd\xc0 \x0c\x22\xad\xbd\x0c\x1d9=\x0a\
\xb6\xf4\x02C\xe7\x14-\x0a\xa3\xd6_AN\x02\xec\x18\
\xa6_\x9e)a?\xdc6\xce$@59\x09p\xe6\
\xe8\x05,\x94\x07\x7f)\xe7\xf5\x9d\x22\xb7\xd5@KK\
\xed\x1b\x1f\xa6h\xf0g 7\x01\xac\xdd\xf5\xb8^ \
\x8e\x15\x8a\x81\xdfa\xa2k\xeb$9\xee\x07\xb0\x080\
\x183%\xd4\x83\x1f'\xb3X\x0c\x8a\x8b3W\x05r\
\xef\x1a\xcb\xb5q\xd9\xb7j\x11i\xfb\x9a\xe5\xb4\xd6U\
\xaat\xec\xac\xd7\xd6,\x06\xd5a\x19\x0cnV\x04\xb8\
<\xf5\xd3\xe0o\x0c\xb9\x0a`y0\xd4\xabX\x1f\xd0\
\xdc\xdfA\xce{\x02\x9bL\x09\xcb\x83?=\xf77\x90\
\xb3\x00\x96\xf9\xfb\xca\xc8\x940\xf6\x08\x93l\xfds\xce\
\xf4|\xe4\xfb\x8f\x9d\xdf\xbf7\xc1\xb2d-\x80\xf5\xc1\
P\x0cz\x94\xe1D\xa3\x7f;\xb9o\x0b\xb7\x04r8\
2\x1e\xd0\xbd\xdfA\xee\x02\x9c\x18\x03\xba\xa9\xc1_3\
\xda\xf0b\x88U\x80\x9e\xa6~~\xda \xc0\xa1c-\
_\xf7~'my5\xcc\xd2\x0bxD\x11\x81\xb6\x08\
`\xd9\xcf\xa7\xd6\xdf\x806\xbd\x1cZ\xd7\x0bh\xd3G\
C\xda&@\xd5\x00O\x9b>\x1a\xd2&\x01\xea\x1e\x0c\
\xa9\xf57\xa4m\xe7\x03\x5cu\x9f\xf7n\xfah\xb2\xb5\
\xbc\xf3L{?@\xaf\xf4\x9b\xde\xd7\xbfG\xd7\xf3\xbd\
[\xc5\x0f\xf4r\xe8\xec\xdf\x0e~U\xfaM\xef!\x10\
\xab#o\x0e{\xb0\x9e\x11\xa0\xd7\xc3'$\xc0\xa0\xe2\
\x94\x8e\x03g\xa5\xc7\x1dC\x9eC\x1c\x86\xa5]H\x96\
\xa4\x03\x22\x12\x0a\xe0\xdd\x1ee\xd9\xf4ya\xb8\x9f[\
\xb6\x96M\xbb\xf7\x9b4\xae\xf2\xcc\x85?\xad\x05\x9c3\
|F\xcc^\x00\x0b\xffc\xa9S\xc2\xc8\x91\x00\xe4H\
\x00r$\x009\x12\x80\x1c\x09@\x8e\x04 G\x02\x90\
#\x01\xc8\x91\x00\xe4H\x00r$\x009\x12\x80\x1c\x09\
@\x8e\x04 G\x02\x90#\x01\xc8\x91\x00\xe4H\x00r\
$\x009\x12\x80\x1c\x09@\x8e\x04 G\x02\x90#\x01\
\xc8\x91\x00\xe4H\x00r$\x009\x12\x80\x1c\x09@\x8e\
\x04 G\x02\x90s#\x14\xff'\x80;\x86\xaah\xd3\
I\x19\xa2\x9a\xf3\xf8/\xb1\x07\xf8\xae\xca\xa2\xe22\xde\
Q\x80/\xec5B\xc6A,n\x14\xe0#{\x8d\x90\
q\x19\xefx\xe8\xd3b8Bm\x99\xbdf\x088\x0d\
\xff\x11\xd5\x1f\x94z\x80bP\xf0\x92\xbdfHx\x11\
\x83_\xb0P*\xf3W\x00\xb7\x01<b\xaf\xa1\x0e\xf3\
\x1a\xc0\x9b\xba\xe2\x15B\xbcMx\xb8\xa2R>\xe9\xdd\
H\x83\xaf\xe5)\x80#\x05\xaf\x13\xa9\x88\xe3FU\xb0\
\xebN\xfe\x5c\x0cg\xfb\xae\x87\x13\xbd\x97\x00\xdcd\xef\
C[\xc0\xdf0\xd0+\x8e\xd0\xdf\x0dG\xec\x9f\xb7\xbe\
TB\x08!\x84H\x07\x80\x7f\xf3\xe6\xc0\xbfj\x1e\xb8\
\x96\x00\x00\x00\x00IEND\xaeB`\x82\
\x00\x00\x09\xe5\
\x89\
PNG\x0d\x0a\x1a\x0a\x00\x00\x00\x0dIHDR\x00\
\x00\x00\x80\x00\x00\x00\x80\x08\x06\x00\x00\x00\xc3>a\xcb\
\x00\x00\x09\xacIDATx\x9c\xed\x9dk\x88VE\
\x18\xc7\xff^6\xf3\x86\xb9f\xb9\xab\xabV\xa4\x82\xb7\
\xf2\x12Qa\x17\xc8\x0a\xec\xaa\x9b\x82\x85\x81Q\x96\xda\
\x17\x0b\xb2H\xb2>\x88RT\x14i\xda\x87\xfcPx\
)3)(\xf3R\xe8\x8a\x96\x16\xd8\xc5K\x17\xb5\xec\
b\xea.\x95\xf7\xda5\x06\xfe\x87\x0e\xef\xcey\xcf\xcc\
93g\xcf\xfb\xee\xf3\x83a_\xdew\xcf<\xcf3\
3g\xae\xcf\xcc@\x10\x04A\x10\x04A\x10\x04A\x10\
\x04A\x10\x04A\x10\x04A\x10\x04A\x10\x04A\x10\x04\
A\x10\x04A\x10\x04A\x10\x04A\x10\x04A\x10\x04A\
(\x1d\xda\x94Q^\xf5\x000\x00@\x7f\x00=\x19\xaa\
C\x9f\xd5\xef\xe7\x02\xe8\x02\xa0-\x80n\x05\xcf\xff\x09\
\xa0\x09\xc01\x00\xa7\x00\x1c\x05p\x98\xe1\xd7\xd0\xe7\xfd\
\x00\xf6\xf2\xf7\x92\xa7\x14\x0b@/\x00#\x01\x0cc\x86\
\x0f\x02p)38K\xeaY\x10v\xf3\xefN\x00;\
\x00\xfc\xde\xb2\xc9cG\xde\x0b@;\x00#\x00\x5c\xcd\
p\x15\xdf\xea<\xa3j\x8b\xad\x006\x01\xa8\x03\xf0\x05\
\x80\xc6\x9c\xeb\x9c+z\x03x\x00\xc0;|\xcb\xce\x96\
xP6\xac\xa2M\xbd[{\xe6F\xa1\x12f\x16\x80\
\xedl\x87K=\xd3\xa3B\x13m\x9c%\x85\x018\x0f\
\xc0T\x00\x1bXE\x96k\xa6G\x85F\xda>\x95i\
\xd1j\x18\x02`1\x80\x13\xad0\xd3\xa3\xc2\x09\xa6\xc9\
\x90r-\x04j\xd85\x0e\xc0\xc7e^\xc5\xa7\x0dM\
L\xa3qL3\xef\xf8\x1e\x05(#\xc6\x03\x98\x93A\
\xe9\xfe\x17\xc0>\x00\xdf\x038\x00\xe0\x10\xc7\xedjX\
\xf6\x07?\x9f\x0a\x8d\xf7\xd5\xdf0\xddB\xf3\x03\xe7r\
\xee\xe0\x02\x0e;\xd5\xe7\x0b\x01\xf4\xe5\x90\xf3\x22\x00\xed\
=\xdb\xf35\x80g\xd8\x19n\xf2%\xc4g\x01\xb8\x1e\
\xc0\xf3\x00.\xf7\x10\xf7\xcf\x00>\x07\xf0\x19\x80o8\
\x0eW\x99\xff\x8f\x07Y:*X\x08\xd4<\xc4`\x00\
W\x00\x18\x0d\xa0\xc6\x83\xac/\x01<\xca\xfe\x82s|\
\x14\x80>\x00^\x05p\xab\xc38\xbf\x02\xf0!\x80\xcd\
\xcc\xf8\xdf,\x9f\xafa\x81\x1c\x05` g\x0b\xcf\x07\
\xd0\x99i\xa0f\xff\x8ep\x96o\x0f{\xea\x1bY\xd0\
l\xa8bA\xb8\x06\xc0\xcd\x00\x86:L\x83\xf7\x01<\
\x04\xe0\xa0\xc38\x9d\xa2\xaa\xcf\x87Y\xb5\xa6m\x0b\xff\
\x06\xb0\x1c\xc0})&~Tu\xfd\x14k\x88\xa4z\
|\xc38\xfa%\xd4\xa1\x9a6,\xa7Mi\xd3E\xa5\
\xed\xf4\xac\xfa\x076\x0c\xe0\xccW\x1a\xe3T\xfb\xfc.\
\x80\x89\x00:\xa6\xd0e8\x80\x15\x8e\x87\x96\x8d\x8cs\
x\x0a\xbd:\xd2\xb6U\xb45\x8d>\x9bX\x93\xe5\x82\
))K\xf7.\x96\xea\xc2\xc5\x19[T\x87\xed\x0d\xcf\
\xa3\x8c&\xca\xb8 \xa5\xae\xddh\xf3\xae\x94\xb5\xe4\x94\
\x96,\x00\xaa#\xb4(EB\xae\x01p\xa3\xa3~H\
-\x80\x06\x8f\x19_\x18\x1a(3-m\x98\x06kR\
\x14\xdc\xd7\x98\x17\x99\xd2\x1d\xc0'\x093\xfe=\xae\xe4\
\xb9\xe0\x1cv8\xe3\xe4\xaa*|\x1b\x80y\x00&P\
~%\x80\x0e\x0c\x95\xfcn<\xffg\xaba\x13\xb2\x90\
:\xb8`\x18\xd3&IA\xf8\x94y\x92\x09U\x5c\xfa\
\xb4U\xf2#\xf6\xc2]\xd1\x85q\x16\x93\xa9z\xccO\
\xb0ChK_>{\xd0\xc0\xae.\x0e\xed\x1ae`\
\x97.|\x95\xc5Ji\x15\x87I6\x8a\x1dtT]\
\x86\xe9\x04`K\x11\x99j\xd2g\x06\xdf\xee\xb4t`\
\x5c\x87\x8b\xc8\xdbB\x9d\x5cRkP\xf8\x0a\xc3\x1e\x9f\
\x85\xa0\xa7e\xa7EU\xa1/\x02\xe8\xeaX\x0fU\xe5\
\xae/\x22w\xa5'\xe7\x90\x1e\x8c;J\xee:\x87\xcd\
A\x80J\xbb\x97,\x9b\x85]\xcc+\xa7t`\xbbh\
\xaa\x84\x9az\x1d\xebZ\x09\x12\xd5\xe6\xab\xa9\xe0\x99\x9e\
d\x86\x99\xc1\x19G\x9d\x0e\x0b=\xc9\x1c\xcb45M\
\xff\xad\x9c\xcev\xc6\x12\x0b\xe1\x1b8\x7f\xee\x83\x89\x11\
2\xd5j\xdam\x9ed\xeaP\x8b5\xc7#t\x99\xe4\
If/\xa6\xadi>,q%\xf8\x1e\x0b\xa1\x0b=\
.\x92TG\x0c\xf5\xfe\xcd8\xf3\x03n\xa3\xecB}\
\x1a<\xb6\xc3\xed\x99\xc6\xa6\xf9qOZ\x81},\xdc\
\xb2\xe6\xba\xb11\x927#\xe4>\xe2Yn1\x1e\x89\
\xd0\xe9M\xcfr\xe7\x1a\xe6I=\xf301+\x0c\x05\
\xcd\xf3l\xf0\x88\x88\x8e\xd0\x0a\xcfrM\xd0\xa5Q\x13\
u\xf6\xc9<\xc3\xbcI\x9cFc\x0c\x05\xbc\x9e\x81_\
\xc1j\x8d\xdc#>z\xbb\x09\xa8\x8c\xe8\xa0\xad\xf6,\
\xb7\x8dE\xdflL\x12\x01\xc5\x86ZAXO\xd7m\
\x9f\xf4\x8b\x98\x95\x9b\x9e@\xa6\x1a\xa6\xdd\x0d\xe0-\xfa\
\x0f\x9c\xe6\x9c\xfa.~W\x9bp(7M\xa3_#\
}\x06|\xd2\x8e\xc3\xcf\xb8|\xb2\xf6%\x18e\x10i\
\x83'\x07\x88B\x9e\xd4\xc8>\x90`\xfe\xfbN\x00\xdf\
\x19\xd8\xa5\xfe\xe7.\xcb\xb8+\xa8Sa\x5c\xcf$3\
\xd9\x8a\x1a\xc3~\xdah\x9bH\x17\x1bDxo\x06\xc6\
)\xbe\xd5\xc8\x9em\xf1\xbczK\xe6\x1bV\x95\xe10\
\xdf\xb2v\x9b\xad\x89cO\x02{\x93p\xaf\x81=\x8b\
M\xe3\xad\xe0\xbe\xb7b\x91\xd5e\xb4\xab\xa8&\xa2j\
\xb5\xa9y\x92d~\x10\xe6[\xea\xaak\xaa.N`\
w\x12\xeabl9jZk^g\x9007ed\
\xd4\x14\x8d\xecm\x16\xcfOH\x91\xf9A\x98`!o\
\x9b\xe6\xf9\xa9\x09\xecN\xc2M\x06\xb6\x5cW\x18\xaf\xce\
\xb5(\xae\xc7\xf8\x13\x80\xb5\x19\x19\xa5[=4\xed\xd0\
\xa8\xce\xdc\x0b\x0etx\xd1\xa2c\xa8\xd3\xed2\x07:\
\x98\xb0\x96\x1e\xd1\xc5h\x96\xb7\xba\x0202&\x925\
,MY0@#c\x87\xa1\xdc\xda\xb4\x93 \xa47\
G\x0e&\xe8t\xcb\xcau\xeb,\x17\xab\x8a\xd1\xec\x85\
\xd2\x15\x80Kb\x22\xf9\xc0\x89\xbaf\xe8t\xd9m\xf8\
\xec\x1d\x0e\xf50\x8dK\xa7[V}\x00\xd0I\xa7\x18\
F\xba\xc4\x0d)\xb2\xdc\x9e\xad\xf306]\xea\xdd\xef\
\xa0\xfd\x0f\xc2~C\x99=4\xcf\x1eIa\xbf-\xd5\
1v\xd4\x9b\xc4w&&\x12\x17N\x16\xa6\xe8\xe4\x9b\
\xb6\xc7i=o\xc3\xe1\xb4\xa1\xccsR<\xeb\x02\x9d\
\xfcph\xb6q&w\xfe\xe5\x0e9S6\x96xD\
W\x00\x8e\xc5\x88\xcbr\xfe\xfd/\xcdw\xa6\x1eF\xb6\
\xbb\x87\x5c\xc4\xa5\xd3-.=]\x12\xe7\xae\xdeL\x17\
]\x01\xf85&\x12\x97\xdb\x9d\xe28\xac\xf9\xbd\xca\xf0\
\xd9\x9d\x0e\xf5\xd8n\xf8\x7f:\xdd\x1a\x1c\xea\x11\xc7\xe0\
\x98\xdf\x7f)\xfcBW\x00~\x88\x89\xe4\x16g\xea\xc6\
\xa3\xd3\xc5tX\xe5r5\xce4.\x9dn?:\xd4\
#\x8ekc~o\xa6\x8b\xae\x00\xc4\x8d\xb3o\xcf\xf0\
p\xa9\xbd\x9a\xef\xe2\xe6)\x02V:\xdaH\xf9\x8b\xc1\
\xf8:@7q\x95\xd5z@\x1b\x03\xefk\xa3\x9a,\
\xefS\xc1[-\x9e\xafu0\x02\xb0qi\xd79\xce\
\xe6z*XG\x85\xc1\x5c@]FF\xb9X\x0cZ\
\x90\x22\xf3\x17X\xea\xda\x92\x8bA\x9b\x0d\xe6\x00\x8c\x97\
\xd0M\x96\x83S;\x1c\x1a\xe2b9\xf8\xe5\x04\x99\xff\
\x8a\x83\xe5`]\x13\xe6\x03\x13\xc7]\xe3\xe5`\xd0y\
 .\xc2\xfa\x12s\x08\x19o\xe1\x10b\xb3\x02\x88\x22\
\x0e!\xcfZ\xc6\x93\x04/\x0e!0\xf4A\xcf\xc2%\
\xac\x7fD\xd5\xfap\x82\xb8\xd4L\xd9d\x00o\xd3%\
\xec\x0c\xc3>~79\xa1K\xd8\x83\x11MU\xc9\xba\
\x84\x81C\x0a\x93\xaar\xb18\x85\xb6\x98S\xa8IS\
}6\xa9S(r\xe4\x16>2\xc7n\xe1\xcb5z\
\x95\x85[8,7\x86\xccqg\x9b\x96\xa8\x8d!Y\
\xec\x07\x8cbf\x84N\xbe7\x86\xcc1\xcc\x93\xd4\x1b\
C [\xc3\x22i\x15[\xc3\x02\xf2\xb29tR\x84\
L\xd9\x1c\xda<8\xdb\x1c\x0an5\xb6\xd9\x1e~\xc8\
\xe3\xf6\xf0\xa87 \x0f\xdb\xc3\x17y\x929\x96ij\
\x9a\xfe\xce\xb7\x87\x83=\xee\xdd\x16J\xb4\xd4\x01\x11+\
<\x1d\x10Q\x19\xd3)^\x9f\x93\x03\x22v\xfb\x1c\x1d\
U\x97\xd0\x111\xd3\x1d\x1e\x113]\x8e\x88\xf9\x9fR\
;$\xea\xf1\x84\x87D\xd5\xf0Y9$JC\x9ac\
\xe2V;>&\xce\xe4\xac\xc2F\xb6\x8b\xf38%<\
\x946T0t\xe7w\xb6\xc7\xc4-r|L\xdc\xea\
R8&.\xa0\x82\x87\x14\xda*\x1bdH\xa9\x1f\x14\
i\xbaW\xa0\x18\xe1\x83\x22\x93\x1em\xdb\x22\x07E\x86\
\xb9/GG\xc5.\xcd\xe0\xa8\xd8\xa599*\xf6\x18\
\xd3>\x17\x0c4X\x8f\x8e\x0b'y\x90rm\xca\xc3\
\xa2/\xf3xXt\x9am^\x1di\xdb*\xda\x9aF\
\x9f\xcdy:,:\xa0-K\xb5\xab\xe3\xe2\x97\xb1\x84\
\x9b:\x81\x16\x12\x1c\x17\xaf\xf3'\xb0\xa9\x9d\xd2\x1c\x17\
\xdf\x8b6,\xcb\xebq\xf1\xad\xe5\xc2\x88\xbe\xbc0b\
t\xe8zYuaD\xd0{\x0f_\x18\xb1\x9726\
r#\xac\x0d%wa\x84\xcfe\xdc\x1b\x00<W\xc6\
W\xc6\xf4ga\x1a\x92\xc1\x951\x8fq\xa2\xc99\xe5\
ti\xd4?\xa17\xf8@\xc4\xc5\xcf'Y\x15\x9f\xe6\
\xfaA\x98N\x9c\xf4\xe9\xca\xf6:\xb8t\xba\x8a\x9d\xbe\
\x9el\x0a\x82\x1a\xc4w\xcf[5]O\xfb\xbe4*\
+\xda\xb2IX'\xd7\xc6\xc5\x86uL\xab\xb2\xdd\xb6\
'\x17G6\x0f'\xb9z\x97\xe5\xae\xab\x16G\xcd\x5c\
\xdd\xcf\xceVk\xbd:v#\xd3 \xf3Y\xbc\xbc\xd1\
\x87w\xe3\xedh\x05\x97G\xef\xa0\xad.N/)K\
\xfa\xf0\xe0\xc5w3\x9e\xde\xf5\x15\x1ah\xcb\xb4<f\
zV{\xfc\x92\xd2\x8e\xabcj\x5c}5\x80+S\
L\x0ce\xc5o\x5cL\xaa\xe3\xbc\xc5vV\xf7\xb9$\
\xef\x05@G\x15=n\x87\xf3\x1e\xdfA\x1c\x9aUf\
\xacG=\x87\x9c{\xf8W-\x91\x7fa\xb0\xbd>W\
\x94b\x01\x88\xe2|\x16\x88\xfe\xa1\x8b\x9f\xc3c\xf8\x1e\
t\x93\xea\xcc\xf1~\xa1\x03\xc7\x09\xce\x0f\x1c\xe7\xf12\
G9w\xf0\x07\xdf\xea\xe0\x02\xea\xfd\xdc=\x94\xe5\xd9\
?\x82 \x08\x82 \x08\x82 \x08\x82 \x08\x82 \x08\
\x82 \x08\x82 \x08\x82 \x08\x82 \x08\x82 \x08\x82\
 \x08\x82 \x08\x82 \x08\x82 \x08B\xab\x07\xc0\x7f\
M\xeb\xf1\xd3i\x83\xaa\x81\x00\x00\x00\x00IEND\
\xaeB`\x82\
\x00\x00\x11*\
\x89\
PNG\x0d\x0a\x1a\x0a\x00\x00\x00\x0dIHDR\x00\
\x00\x00\x80\x00\x00\x00\x80\x10\x06\x00\x00\x00\x93\xae\xbd\x88\
\x00\x00\x00\x09pHYs\x00\x00.#\x00\x00.#\
\x01x\xa5?v\x00\x00\x05\xf1iTXtXML\
:com.adobe.xmp\x00\x00\
\x00\x00\x00<?xpacket beg\
in=\x22\xef\xbb\xbf\x22 id=\x22W5M\
0MpCehiHzreSzNTc\
zkc9d\x22?> <x:xmpm\
eta xmlns:x=\x22ado\
be:ns:meta/\x22 x:x\
mptk=\x22Adobe XMP \
Core 6.0-c002 79\
.164460, 2020/05\
/12-16:04:17    \
    \x22> <rdf:RDF \
xmlns:rdf=\x22http:\
//www.w3.org/199\
9/02/22-rdf-synt\
ax-ns#\x22> <rdf:De\
scription rdf:ab\
out=\x22\x22 xmlns:xmp\
=\x22http://ns.adob\
e.com/xap/1.0/\x22 \
xmlns:xmpMM=\x22htt\
p://ns.adobe.com\
/xap/1.0/mm/\x22 xm\
lns:stEvt=\x22http:\
//ns.adobe.com/x\
ap/1.0/sType/Res\
ourceEvent#\x22 xml\
ns:dc=\x22http://pu\
rl.org/dc/elemen\
ts/1.1/\x22 xmlns:p\
hotoshop=\x22http:/\
/ns.adobe.com/ph\
otoshop/1.0/\x22 xm\
p:CreatorTool=\x22A\
dobe Photoshop 2\
1.2 (Windows)\x22 x\
mp:CreateDate=\x222\
023-11-07T16:24:\
03+08:00\x22 xmp:Me\
tadataDate=\x222023\
-11-07T16:24:03+\
08:00\x22 xmp:Modif\
yDate=\x222023-11-0\
7T16:24:03+08:00\
\x22 xmpMM:Instance\
ID=\x22xmp.iid:7e25\
33e1-2c2e-2b40-9\
27b-07a77e22e685\
\x22 xmpMM:Document\
ID=\x22adobe:docid:\
photoshop:0c719c\
25-9b84-8047-8d6\
6-0e55646ee94f\x22 \
xmpMM:OriginalDo\
cumentID=\x22xmp.di\
d:607ed0e8-b635-\
e940-93d0-e932f5\
6d8fd3\x22 dc:forma\
t=\x22image/png\x22 ph\
otoshop:ColorMod\
e=\x223\x22 photoshop:\
ICCProfile=\x22sRGB\
 IEC61966-2.1\x22> \
<xmpMM:History> \
<rdf:Seq> <rdf:l\
i stEvt:action=\x22\
created\x22 stEvt:i\
nstanceID=\x22xmp.i\
id:607ed0e8-b635\
-e940-93d0-e932f\
56d8fd3\x22 stEvt:w\
hen=\x222023-11-07T\
16:24:03+08:00\x22 \
stEvt:softwareAg\
ent=\x22Adobe Photo\
shop 21.2 (Windo\
ws)\x22/> <rdf:li s\
tEvt:action=\x22sav\
ed\x22 stEvt:instan\
ceID=\x22xmp.iid:7e\
2533e1-2c2e-2b40\
-927b-07a77e22e6\
85\x22 stEvt:when=\x22\
2023-11-07T16:24\
:03+08:00\x22 stEvt\
:softwareAgent=\x22\
Adobe Photoshop \
21.2 (Windows)\x22 \
stEvt:changed=\x22/\
\x22/> </rdf:Seq> <\
/xmpMM:History> \
</rdf:Descriptio\
n> </rdf:RDF> </\
x:xmpmeta> <?xpa\
cket end=\x22r\x22?>\x86\x96\
X\x19\x00\x00\x0a\xdfIDATx\x9c\xed\x9dm\x8c\
T\xd5\x19\xc7\xe7\x02]7\x1b\xbb\xc5\x15\xb7\xdb\xd6n\
-\xad\xd4lakqKRB\xe9\x02\xee\xb2hM\
A\xaa\xa5\xd8\xc4-5\x11Hk*\xe5#I\xdb4\
\xadI\xad\xa9|\x80\xd6\x92\xb6\xf8\x92\x08\xa5\xc4\x08\x05\
]t1\x8b6\x8a\x08%Q\xa8$D\x14A`y\
)\x14|Ct\xfa\xe1\x7f\x9f0s\x9d\x9d=\xcf\xcc\
\xbd\xf7\xdc3\xe7\xff\xfb\xf2\xcfI\xe6\xdc\xfb\x9cs\x9e\
\xe7?w\xee\xdb\x04\xf9|>\x9f\xcf\xe7\x08!\x1e2\
\xc2v\x00\x84\x10{\xd0\x00\x08\xf1\x18\x1a\x00!\x1eC\
\x03 \xc4ch\x00\x84x\x0c\x0d\x80\x10\x8f\xa1\x01\x10\
\xe214\x00B<\x86\x06@\x88\xc7\xd0\x00\x08\xf1\x98\
Q\xb6\x03\xf0\x85 \x08\x82 \xb8\xae\x03\xad\x97v\xd8\
\x8d\x86\xb8\x02n\xd5\x0f\x82\xa4\xb6\xcf#\x80\x84A\xe1\
_{-Z[\xfa\xac\x06CH\x04\x1a@B\xa0\xf0\
'\xb4\xa3%\x85\xdf\xd4d/\x22B>\x0e\x0d f\
P\xf8mmh\xf5?\x05\xbd\xa2\xd9^D\x84\x0c\x0d\
\x0d &P\xf8_\xb9\x06\xad\xfe~(\x0b\x9fd\x1b\
\x1a@\x95\xa0\xf0\xaf\x1e\x87\x96|\xe3\xb7\xb4\xd8\x8b\x88\
\x10sx\x15\xa0BP\xf8_\xfa2Z[\xc3o\xfc\
\xcf]\x99\xd4\xde\x92\xd9n\xf2\xf8\xf2\xc2\x19\xe4\xc3\xc4\
\x89h\xc99\x9f\xcb\xc7\xd8\x8b\xc8\x0c\x1e\x01(\xc1B\
_u\x15ZR\xf8W\x1a\x16\xfe\xe1C\x89\x04E\xac\
\x81|\xf8\xe6d\xb4\xe4\xa7_\xf6\x0b_\xa0\x01\x18\x82\
\x85\xfe|+ZR\xf8\xad\xadf\xbd\x8f\xbc\x05\x9d\xd1\
\x15\x7fd\xc4\x06\xc8\x87\xceN\xb4\xe4\x1b\x7f\xf4h[\
\xf1T\x0a\x0d`\x18\xb0\xd0\xf2\x0d/\x85\xff\xc5\xb1f\
\xbd\x07\x07\xa1R\xf8\xfb^\x8d7:\x926\xc8\x87\x99\
=hm\xda\x04\xbd\xf4R\xb3\xde\xfb\xf7'\x13U\x15\
\xc8o4j\xb1\x82\xcf|\x16\xbao\x9f\xcc\x96\x99\x0e\
\x1e\x83\x8e\x1f_\xbc\xbd\x8b\xb3\xaeSw\xb1\xbd\x8e\xf1\
\xe6\xc3wgC\xdf\x7f_Fg\xa6{\xf7@%\x9f\
\xcc\xd7?\xf1q\xd9\x9e\xd8\xac)hn.^8\xd3\
\x05;~\x1c\xda\xde^z\xbb\x17\xcbB\xa7\xeeb{\
=\xe3\xc9\x87\xef\xcf\x83\x9eW\x16\xfe\xae\x9d\xd0+\x9a\
\x8b\xb7G\x03\xc8\x9c\xcaBA_~Y\xb7P\xa7N\
B\xbf>\xb1\xfc\xf6\xf5\x09\x10\xed\xe9\x1a\xb6\xd7\xb5\xba\
|\xb8\xbd\x17z\xe1\x03\x19\x8d\x99n\xdf\x0e\xbd\xac\xa9\
\xf4vi\x00\x99Q gmw\xff[\xb7@\xa7\xff\
\x0b\xbd\xae\xc3l?\xfa\x04\x88\xf6t\x0d\xdb\xeb[Y\
>,Z\x0c\xfd\xe8C\x19\x85\x99n\x1b\x8066\x96\
\xdf>\x0d\xc0\xba\x82\xcb\xc2{\xf3w\xee\xd4-\x8c\x14\
\xfe\xa4I\xba\xfd\xe9\x13 \xda\xd35l\xaf\xb3n}\
\x96,\x81j\x0b_\xae\x0244\x98\xed\x87\x06`y\
\xa1?5\x1a\xbac\x87nA\xce\x9c\x81N\x9e\x5c\xd9\
~\xf5\x09\x10\xed\xe9\x1a\xb6\xd7\xdbl]\x96-\x93h\
u\xbaq#\xb4\xbe^\xb7?\x1a\x80\xe5\xc2\x7f\xfey\
\xddB\x9c;\x0b\x9d2\xa5\xba\xfd\xeb\x13 \xda\xd35\
l\xaf{\xf9\xf5\xf8\xedo$J\x9d\xae[\x07\xad\xab\
\xabl\xbf4\x80\x94\x17Z\xae\xd3>\xf7\xacn\x01\xde\
~\x1b\xfa\xed\xcex\xe2\xd0'@\xb4\xa7k\xd8^\xff\
\xe2\xf9\x0f\xc2\xfb^\xee\xff\x83D\xa7\xd3\x87\x1f\x86\x8e\
\x1cU]\x1c4\x80\x94\x16\xbc\xa1\x01:0\xa0\x9bx\
)\xfc\xe9\xd3\xe3\x8dG\x9f\x00\xd1\x9e\xae\x91\x8d<\x18\
\x11\x16\xfe\x9f\xfe(Q\xe9\xf4\x81\x07d;\xf1\xc4C\
\x03H\xa9\xf0\xe5\xdel\xd3\x09\x7f\xf7]hww2\
q\xe9\x13 \xda\xd35\xec\xe6\xc1\xc8\xf0a\xb7\x87\x1e\
\x94ht\xba|94\xa8\xba\xf0\x8b\xe3\xa2\x01$\xb4\
\xe0\xf5\xf5\xd0\xbe>\xddD\xcb\x9d]\xb3nH6>\
}\x02D{\xba\x86\x9d<\xa8\xab\x83\xfe}\xadD\xa1\
\xd3{\xeeI6>\x1a@B\x0b\xbey\x93n\x82\xa5\
\xf0o\xfcN:q\xea\x13 \xda\xd35\xd2\xcd\x83K\
\xc2/\x80\x0d\x8f\xcb\xdeu\xbalY:q\xd2\x00b\
.|\xed\x82K\xe1\xcf\xb99\xddx\xf5\x09\x10\xed\xe9\
\x1a\xe9\xcc\xab\xfc\xe4\xdb\xa2<\xf2\x93\xeb\xfdK\x97\xa6\
\x9b\x074\x80*'\xf0\x13a\xe1\xaf_\xaf\x9b\xd0\x0f\
\xc2[:\xe7~\xcfN\xdc\xfa\x04\x88\xf6t\x8dd\xe7\
\xf3\x93\x8dP\xedI^)\xfcE\x8b\xed\xe4\x01\x0d\xa0\
\xc2\x89\x93\x93:r\x1d\xd6t\x22\xe5^\xee[o\xb5\
\x1b\xbf>\x01\xa2=]#\x99y\x94;8_P\xde\
\xcf!y\xd0\xdbk7\x0fh\x00\x15\x16\xfe\x9aG+\
[\xf0\xf9\xf3\xb31\x0e}\x02D{\xbaF\xbc\xf37\
&|fc\x97\xf2\xd6my\x8ao\xde\xbcl\xe4\x01\
\x0d@Y\xf8\xda\xcb8R\xf8\xb7\xf7\xda\x1eG\xf1x\
\xf4\x09\x10\xed\xe9\x1a\xf1\xcc\x9b<G\xbfG\xf9x\xb6\
\x9c\xeb\x99=\xdb\xf6\xfa\x17\x8f\x87\x060\xcc\x04\xc9\x1d\
[\x7f\xfd\x8bn\xc2\xe4\xb7\xdd\x82\x05\xb6\xc7Qz\x5c\
\xfa\x04\x88\xf6t\x8d\xea\xe6K^\xb9\xa6}!\x8b\xdc\
\xc8\xd5\xd3c{\xddK\x8f\x8b\x060L\xe1\xafZ\xa5\
\x9b()\xfc;\xee\xb0=\x8e\xf2\xe3\xd3'@\xb4\xa7\
kT6Oc\xc3W\xae\x1d8 [1\xd3\xb3\xe1\
3\x1b\x9d\x9d\xb6\xd7\xbb\xfc\xf8h\x00C\x14\xfe\x8a\x15\
\xba\x09\x92\xc2_\x9c\xfa\xd9\xdc\xca\xc6\xa9O\x80hO\
\xd7\xd0\xcd\xcf5\xe1\x1f\xab\x1c>,\xbd\xcdT\x1e\xcf\
\xd6?\xa5i'\x0fh\x00\x91\x09\xd1>\x9c!\x85\x7f\
\xd7]\xb6\xe3\xd7\x8dS\x9f\x00\xd1\x9e\xaea6/\xed\
\xe1\x7f(\x1e=\x22\xbd\xcc\xf4D\xf8\x0a\xb6\x89C\xbe\
\x89)k\xaa\x1b_>\x9fx<v'\xe2\xbe\xfb\xb4\
\x13\x02\xbd{\x89\xad\xb8\xab\x1b\xaf>\x01\xa2=]\xa3\
\xfc|t\x84\x7f\x97~\xf2\xa4|\xdaL\xc5(.\xbe\
t\xd5\x15\xd5\x8d3\x9fO:\x9e\xa08\xb0\xe4\xc1k\
\x95\xddOlb\x83C\xe1\x1f\xab\x5c\xdf\x85\xbcu\xef\
5\xeb\xda\xfc\xc78\x93\xfbg(\xfe5\x18q\x80\x03\
\xafAg\x84\x85/mR-<\x02 \x0e\xd0\xfa\x05\
\xe4\xe9\x9b\x07mGR-Y;\x02\xa0\x01\x90L\x93\
t\x01\xa4M\xd6\x0c\x80\x7f\x0dF\x88\xc7\xd0\x00\x08\xf1\
\x98\xcc\x9f\x04\xac\x95C@\x1c\xfaIK\xfb\x13\xc8\xfd\
\xf1\x17c>\xfe\xe2y#q\xc3#\x00B<\x86\x06\
@\x88\xc7\xd0\x00\x08\xf1\x18\x1a\x00!\x1eC\x03 \xc4\
ch\x00\x84x\x0c\x0d\x80\x10\x8f\xa1\x01\x10\xe214\
\x00B<\x86\x06@\x88\xc7\xd0\x00\x08\xf1\x18\x1a\x00!\
\x1eC\x03 \xc4ch\x00\x84x\x0c\x0d\x80\x10\x8f\xa1\
\x01\x10\xe214\x00B<\x86\x06@\x88\xc7\xd0\x00\x08\
\xf1\x18\x1a\x00!\x1eC\x03 \xc4ch\x00\x84x\x0c\
\x0d\x80\x10\x8f\xa1\x01\x10\xe214\x00B<&\xf3\xff\
\x0cDr9\xfd?\x09\xd5\x1a\xbe\x8f?9x\x04@\
\x88\xc7\xd0\x00R\xa5\xad\xcdv\x04\x84\x14B\x03H\x18\
\xfc\xb9\xa5\x14\xfe\xd6~\xbb\xd1\x10R\x0c\x0d !J\
\x17\xfe\xa7[\xecED\xc8\xc7\xa1\x01\xc4\x0c\x0b\x9f\xb8\
\x04\x0d &\xaa+\xfc\xc1A\xe8\xf8\x09\xb2\xb5\xdaV\
s\xf2\xf9|>\x9f\x0f\x02W\x15\xa3h\xff\x1a\xf4\xe8\
Q\xdd\xe8\xfb\x9f\xd6\xce\x97\x16^\x06\xac\x92x\x0a\x7f\
\xfa\x0c$\xcc\x9eW\xe2\x8f0[`\xbelG\x91<\
\x18\xe77&\xa1\xf5\xe4\x13\xd0\xa6&\xb3\xdeg\xff\x07\
\xfd\xd5\xaf\xe3\x8f\xac\x18\x1e\x01TH<\x85?m\x9a\
/\x85\xef\x0b\xc8\x8b\xa9S\xd1z\xfa)\xa8i\xe1\x9f\
9\x0d\x9du#\xf2\xe2\xd9m\xb1\x07\x18\x81\x06\xa0$\
\xde\xc2\xdf\xbb7\xfe\x08\x89\x0d\x90\x173{\xd0z\x22\
\xfc\xc6ol4\xeb}\xfa4\xb4{&\xf2\xe2_\xcf\
\xc5\x1e\xe0\x10\xd0\x00\x0ca\xe1\x93R /\xe6\xdc\x8c\
\xd6\x86\xc7\xa1\x0d\x0df\xbdO\x9d\x82\xce\x08\x7f\x02\xbe\
\xf8b\xfc\x11\x96\x87\x060\x0c\xc5\x85\xff\xcc3P\x16\
\xbe\xef /n\xfb!Z\xeb\xd6B\xeb\xea\xccz\x1f\
\x0f\xf3B\x0a\x7f\xd7\xae\xf8#4\x83\x060\x04\xa5\x0b\
\xbf\xb9\xd9\xac7\x0b\xbfVA^,\x5c\x88\xd6C\x0f\
BG\x1a\x9eL?\x16^\x05\x90\x93\xbe\xbbw\xc7\x1e\
\xa0\x12\x1a@\x04\x16>)\x05\xf2\xe2\xe7K\xd1Z\xb9\
\x02:\xc2\xb0~\x8e\xbc\x05\x9d\x16\x16\xfe+\xd99\xe9\
\x8b\x80\xd2S\xd9\xab\xa9\xa6\x1b\x97\x14\xfe\xb1c\xba8\
\xe5\xf3mmi\xcf\xa7k\x9a\xd5\xf5/\x1f\xef/\x7f\
\xa1\x8d\x1bz\xe8M\xe8\xb8q\xb6\xc71\xe4\xf8R\xdf\
a\xc6\x12@\x0a\xb7\xb8\x90Y\xf8Ii\xd6\xd6\xbft\
|A\xf8\xcd\xfe\xfb{\xb5\xf1B\xdfx\x03:v\xac\
\xed\xf9\x1eN\xbd\xbd\x11\x88\x87\xfa\xa4\x10\xe4\x83\x1c\xd2\
\xcb!\xfe\x9d\x0bu[9\xf0\x1aT~\xe3\xbf\xfez\
l\x01&\x84w\x06\xc0\xc2'\x85 \x1fF\x85u\xb0\
\xfaoP9\xbbo\xca\xfe\xfdP9\xab\x7f\xf0`|\
\x11&\x8b7\x06\xc0\xc2'\x85 \x1f\xe4\xb2\xdd\x9aG\
\xa1r=\xdf\x94}\xafBgt!/\x0e\x1f\x8a/\
\xc2t\xa8y\x03`\xe1\x93B\x90\x0fr\xa3\xcec\x8f\
A\xbb\xbbu[\xf9O\x98\x07r\xa8\xaf}\xc8';\
\xd4\xac\x01\xb0\xf0I!\xc8\x07\xb95\xf7\x9f\x1b\xa1\xdf\
\x9a\xaa\xdb\x8a\x5c\xbe\x93C}\xc9\x13w\xa99\x03`\
\xe1\x93B\x90\x0f\x97\x8fAK\x9e\xca\xeb\xe8\xd0mE\
n\xd8\xe9\x0a\x0f\xf5O\x9c\x88-@\xcb\xd4\x8c\x01\xb0\
\xf0I!\xc8\x87\x96\xf0\x96\xed-}\xd0\x09\xed\xba\xad\
\xec|\x09*\x0f\xe9\xc8\xbd\xfb\xb5\x83\xf3w\x02\xb2\xf0\
I!\xc8\x87\xd6V\xb4\xb6\x0d@\xb5\x85\xbf\xfd\x05\xe8\
\xf5]\xb5Z\xf8\x82\xb3\x06\xc0\xc2'\x85 \x1f\xae\x1e\
\x87\x96\x14\xbe\xb4M\x91\xc7pg\xceB^\xc8c\xba\
\xb5\x8bs?\x01X\xf8\xa4\x10\xe4\xc3W\xc7\xa3%/\
\xe0hQ\xbe\x83Q^\xbcqC\xf8\x22\x8es\xe7\xe2\
\x8b0\xdb8s\x04\xc0\xc2'\x85 \x1f\xe4d\xde@\
\x98\x0f\xda\xc2\xdf\xba\x15\xda3\xcb\xb7\xc2\x172o\x00\
,|R\x08\xf2a\xca\x14\xb4\xe4\x1b_\xce\xf2\x9b\xd2\
\xf7$\xf4\xa6\x9b\x90\x17\xef\xbc\x13_\x84n\x11\xc8C\
\x01\xa9\xed0\x08\x82 \xd0\xeeQ\x0a\x99\x85\xef:\xda\
\xf5\xc7\xfa\x05!r\xc3\x8e\xdc\xc0c\xfa\xe6\x1da\xf3\
f\xe8\xdc\xb9\xd8\xee{\xef\xe9\xfa\xd7\x1e\x8e\x18\x80)\
,\xfc\xacS\xd9\xfa\xcf\x9e\x03]\x1b\xde\xb2{I\xbd\
\xae\xff\x86\x0d\xd0[nA^\x9c?\xaf\xeb_\xbb\xd4\
\x88\x01\xb0\xf0]\xa1\xb2\xf5\xbfp\x01:Jy\xd2z\
\xfd?\xa0\xf3oc\xe1\x97&\xf3\xe7\x00\xca\xc3\xc2\xf7\
\x03m\xe1\xaf]\x03\x9d\xf7\x03\x16~yj\xe4\x08\x80\
\x90\x5c.\x97{\xe4\x11h\xef\x8f\x90\xd7\x1f^\xb0\x1b\
O\xf6q\xfc\x08\x80\x90\x5c.\x97[\xbd\x1a\xca\xc2\xd7\
B\x03 \x0e\xb3\xea\xcf\xd0\x05?f\xe1W\x06\x0d\x80\
8\xc8\xca\x95\xd0;\x17\xa1\xf0\xf3\x1f\xd9\x8d\xc7]h\
\x00\xc4!\x96\xdf\x0f\xfd\xc9OY\xf8\xf1@\x03 \x0e\
p\xef\xefP\xef?\xbb\x9b\x85\x1f/\xa9_\x05 \x84\
d\x07\x1e\x01\x10\xe214\x00B<\x86\x06@\x88\xc7\
\xd0\x00\x08\xf1\x18\x1a\x00!\x1eC\x03 \xc4ch\x00\
\x84x\x0c\x0d\x80\x10\x8f\xa1\x01\x10\xe214\x00B<\
\x86\x06@\x88\xc7\xd0\x00\x08\xf1\x18\x1a\x00!\x1eC\x03\
 \xc4c\xfe\x0f\xca\xd8\xb4pz\xea\x95\x7f\x00\x00\x00\
\x00IEND\xaeB`\x82\
\x00\x00\x22=\
\x89\
PNG\x0d\x0a\x1a\x0a\x00\x00\x00\x0dIHDR\x00\
\x00\x00\x80\x00\x00\x00\x80\x08\x06\x00\x00\x00\xc3>a\xcb\
\x00\x00 \x00IDATx\x9c\xed\x9d\x09\xb0\x1eE\
\x11\x80'\x01\xb9o\xe5\x92\x88\x8a\x82\xa8\xa8\x1c\x82x\
\x80E\x22\x82bqG\x0d`\xc8\xc9\x99\x94\xa0\x02I\
 r\xe5\x84\xa2\x00\x03\x09\x88rE(\x91\x22\xe1N\
D@\x13\xc1$\xdc7\x0a\x88J\x88\x01C \xe4\x10\
\x10\xf4\xb7\xbe\xad\x9de\xb6\xb7{\xfe\x7f6\x7f\x9e\x94\
\xef\xef\xaaW\xef\xbd\xde\xed\xe9\xb9v\xa6{\xfa\x98\x1e\
\x8dFc\x81sn}\xd7\x81\xee\x08\xcb\x98\x00\x8d\xce\
\xd0w_X\x9dY\xc0\x0a\xf0\xe2\x8b/\xba\x93O>\
\xd9\xbd\xfd\xf6\xdb\x95\xcex\xdf\xfb\xde\xe7\xfe\xfd\xef\x7f\
\xbb\xff\xfc\xe7?%\xfc\xea\xab\xaf\x9e\xfd~\xe7\x9dw\
J\xf8\x1e=zd\xcfR\xcaZm\xb5\xd5\x5c\xcf\x9e\
=W)\xfff\xf5\xa2|\xf8\xa4\xd4\xab\x0e\x0d\xf5\x95\
\xdf]\x1d\x1a\xab\xfd1\x1a\xf0\xe7\x9cs\x8e\xeb\xd5\xab\
\x17\xff.[\xdd?\x985k\x96\xbb\xef\xbe\xfb\xdc\xc4\
\x89\x13+\x85\x0d\x1f>\xdc\x1du\xd4Q\xee3\x9f\xf9\
L\x09?y\xf2d\xb7x\xf1b7z\xf4\xe8\x12\xfe\
\xe9\xa7\x9fv\xe7\x9dw\x9e\xfb\xd9\xcf~V)\xeb\x84\
\x13Np\xdf\xfc\xe67\xdd\xd7\xbf\xfe\xf5\x12\xfeW\xbf\
\xfaU2\xff\x0b/\xbc\xd0\xfd\xeb_\xffr'\x9dt\
R\x09\xff\xfc\xf3\xcf\xbb\xf3\xcf??\xfb\xf1\x9d\x14\xc3\
\x03\xa7\x9cr\x8a\xdbe\x97]\xdcw\xbf\xfb\xdd\x12\xfe\
\x86\x1bnp\xf7\xdcsOF#\xe1\x07?\xf8\x81\xeb\
\xd3\xa7\x8f\xdbo\xbf\xfdJO\xae\xbc\xf2J\xf7\xf8\xe3\
\x8fg}\x10\xc2\x8a\x15+\xdc\x89'\x9e\x98\xf5\xd7\x87\
>\xf4\xa1\x96\xf9\x0c\x192\xc4\xfd\xf0\x87?t\x9f\xfc\
\xe4'Kx\xfa\x8a\x89\xf3\xa3\x1f\xfd\xa8e\x1a\xda\xc9\
X\x1f~\xf8\xe1\xd9\xffE/0[\xbe\xf6\xb5\xaf\xb9\
C\x0e9\xa4R\xd8\xb4i\xd3\xdc\xe0\xc1\x83+\x95f\
\xd5X\xb8pa\x85\x06\xdc\xfd\xf7\xdf\xaf\x96u\xf3\xcd\
7\xbb\xc3\x0e;\xcc}\xf5\xab_-\xe1\x99\xa9\x9bl\
\xb2I\x12\x7f\x06\xf4\x8d7\xde\xa8\xd0,Y\xb2\xc4=\
\xf2\xc8#\xee;\xdf\xf9NKx\xe0\xce;\xef\xcc\x06\
S\x96E\x07\xaf\xb9\xe6\x9aj\xbdn\xbd\xf5\xd6l\xc2\
\xc8\xc9\xbct\xe9R\xb7\xd9f\x9b\xa947\xdex\xa3\
;\xfa\xe8\xa3\xdd\xdak\xaf\xdd2\x9f\xab\xaf\xbe:k\
\xff\x96[nY\xc23\xc9\x98\xc8)4\xbf\xf9\xcdo\
J+FO\xff\x07K\x033T\x03:\xf9\xa5\x97^\
\xaa<y\xfd\xf5\xd7\xdd\xf2\xe5\xcb+x\xde}\xf3\xcd\
7\xd5\xb2\xfe\xf9\xcf\x7f\xbaW^y\xa5\x82\x7f\xf5\xd5\
W\x93\xf9\xd3\xd1\xcb\x96-\xab\xe0\x99\x80\xd0\xc8\xa5\xd1\
\xc2\xbb\xfc\xeb\xa4\x0eZ\xbd\xa8\xb3\xd5\x16V@\x09\xaf\
\xbd\xf6\x9aJC]\xe1\xff\xf7\xbf\xff=\x89\x0f}\xa9\
\xb5\x9f\xf2\xb4\xf6\xc7hh'c\xed\xa1g\x95\xb4\x03\
\xdd\x09\x8a\x09\x800\xc32\xa4\x01\xc2\x09\xcb\x93\x04\x96\
\x1f\x8d\x86w\xa1\xd1\x80\xf7\xd7Xc\x8d\xca\x13fe\
\x1d\xfer/\x07\xd6Zk\xad\x8cF>\xb3\xf0.\xaf\
W\xf8e\xb4R\xafT\x1a\xf8\x83\xe7w\x0a\x9f\xd4\xf6\
\xc7h\xe0\x11\x0a\xd3\xab\x87\x0f\x90@\x11\xaa$\xb0d\
\xb2\xd4\xcbgo\xbd\xf5V\x86\x93x\xde\x85F+\x0b\
\x1e,u\xf2\x19Kc\x1d\xfe\xbe\x0e!\xb0,B\x03\
\x9f\xb0\x83,\xbc\xaf\x17uH\xa9\x97E\xc3\xf2\xab\xd1\
x\xfe\xfcnW\xfb\xd1@Rh\xe0\x11N4\xce\x01\
\x96\xa2\x06\xde{\xef\xbd\x99@\xb3\xf3\xce;W\x0aC\
\xa0\xdbv\xdbm\xddF\x1bmT\xc2\xff\xe9O\x7f\xca\
\x18H\xe9\x1c\xd9\xe0\xa9\xa7\x9er_\xfc\xe2\x17+e\
=\xf0\xc0\x03\xee\x83\x1f\xfc`\xf6\x13\xc2\xdf\xfe\xf6\xb7\
l?M\xe1\xff\xc7?\xfe1\xeb\x80O\x7f\xfa\xd3%\
<\x1d\xcc\xb3\xcf\x7f\xfe\xf3\x99\xea\xd7\x0c\x0f<\xf4\xd0\
C\xee\xfd\xef\x7f\xbf\xfb\xf0\x87?\x5c\xc2\xbf\xf0\xc2\x0b\
\xee\x1f\xff\xf8GF\xa3\xb5\x05!k\xab\xad\xb6*\xe1\
\xff\xfc\xe7?g\x02'ZE\x08\x0c\x0a4\xf4\xd7\xba\
\xeb\xae\xdb2\x9f9s\xe6\xb8O}\xeaSn\xc3\x0d\
7,\xe1\x9f|\xf2\xc9\xac\x1d<k\x95\x86v\xfe\xf2\
\x97\xbft_\xfe\xf2\x97]I\x0dD`\xa0\xf3-5\
\x0c\xc9u\x87\x1dv(\xe1\x9b\xa9\x81ZY15\xf0\
\xc1\x07\x1fL\xe2\xff\x93\x9f\xfc$\xfb\x0a,5p\xfc\
\xf8\xf1\xa5\xd9n\xe1]\xa0\x06~\xfb\xdb\xdf.\xe1Q\
\xcf\xf88\xb4z5S\x03%\x8dW\x03\xe1\xa5\xa9\x81\
\x16\x1fT\xba\xef\x7f\xff\xfb\xc9j\xa0F\x03\xefP8\
,&\x00\xcb\xe2\x07>\xf0\x01\xb7\xfd\xf6\xdbW\x0aC\
=c\xd6~\xe2\x13\x9f(\xe19L`\xef\x924\xe0\
\x98yZY|e\xdbm\xb7]\xe5\xd96\xdbl\x93\
}\x05)\xfc\xf9\xf2X:%\xcd\x06\x1bl\x90\xd1\xc8\
\x95\xc1\xc2\x03\x9bn\xbaiV\x07Y\xd6\xc7>\xf6\xb1\
l\xd5\xb0\xda\xc2\xca$\x9f}\xe4#\x1f\xc9$}\x8d\
\x86Ul\xa7\x9dv\xca\xfa\xbaU>\xf4\xe5g?\xfb\
\xd9\xec\x9d\x10X}\xb4\xfe\x8f\xd1\xc07\xd46\x0aI\
\x8d\x99\xa4\xed%.\xdf7P\xb9$\xb0\xd7\xf1\x05J\
\xe0]M\xd5\x02\xe0\xa1\xa9{\x9a\x5cP\x97?[\x10\
4\xb2\x0e\x16\xde\xd7KS\xc3b\xf5\x8a\xb5E;\xd1\
c\x0b\x02O=R\xf8P_\xad\xfd\xb4\xddR\xb7-\
\x1ax\x84\xab_1\x018\x88\x91\xfbb\x08\x9aT\xcf\
\xfb\x1a\x8d\xa5\x01\xc4h,|\xac\xccf\xfc%\x8d\x85\
\xaf[\xaf\xd4\xf6\xfb\xf7S\xf8\xc7\xca\xacK\x13\x1e\x0f\
\x17[\x003s\x9du\xd6Q\x0b\xe2\xd4j\xf3\xcd7\
\xaf\xe0Yf\xb4\xaf\x86w5U\xc7\x97%\x97?`\
\xe3\x8d7N\xe6\xcf\x92\xae\xa9a,\x8d\xd0\xc8\x0e\xb0\
\xf0\x00\xbc\xa9\x83\x04\xb6\x0cyj\x17\xd2\xb0\x0dH`\
\x99\xd7\xda\xb2\xdez\xebe\xfd\x22O\xe7\x5c\x13>\xd0\
h\xed_\x7f\xfd\xf5M5\xd0\xa2\xa1^\xe1\xeaTh\
\x01\xbf\xff\xfd\xef\xdd\xf7\xbe\xf7=\xf7\x85/|\xa1B\
\x84p\x820A%C@\x0ae\x19\x92\x92;'a\
\x8f=\xf6X\xe5\xb8\x17\xf8\xc3\x1f\xfe\xe0\xb6\xdezk\
o\x8c(\x00\xc9\x99\x13\xc2\x14\xfeO<\xf1D\xa6\x05\
|\xees\x9f+\xe1Y\xfa\x10\xc2\xd0B\xc2\xc1\xb6\xf0\
\xc0\xbcy\xf3\xb2\x89)\xf7\xcc\xbf\xfc\xe5/\x99\xd0\xa4\
i4H\xda\xc8!\xb4'\x84g\x9ey&;\xd9\xdb\
}\xf7\xddKx:\x1e\x1a\xfa\x8b\xc9\xd0*\x1f\xce\xee\
\xd9\xcf\xe5\x04\xe5X\x9bv\xf0\xacU\x1a\xda9u\xea\
T\xb7\xc7\x1e{\xb8\x92\x16\x80\xce\x88j\xb6\xcf>\xfb\
T\x0a{\xf6\xd9g\xb3\xc6|\xf4\xa3\x1f-\xe1\x19|\
\xf65I\x830\x87\x10\xa4\x95\x85$\xbe\xe3\x8e;V\
T$*\x0c\x9f\x14\xfe~\xaf\x954\x1c\xf9\xbe\xfc\xf2\
\xcb\x99\xa6\x11\xeew\x16\x1e\x98?\x7f~&\xd0\xc9I\
\xcb\x87\x01h\xf5b\xd0\xe8d9iYfy&i\
\x10X\x9f{\xee\xb9\xac\xf3\xb1\x15\xb4\xca\x87\x0f\xedK\
_\xfaRe\xa2\xa1j2\x01Rhhgx|_\
L\x00:\x86\x81\x194hP\xa5\xb0\xdf\xfe\xf6\xb7\xee\
\xb8\xe3\x8e\xab,]\x08@t\xaa\xa4Y\xb4hQ6\
;\xb5\xb2hh\xbf~\xfd\xdcW\xbe\xf2\x95\x12\x9ee\
\x13\x83L\x0a\x7f:\x80I ih \x12\xf5\xd0\xa1\
C[\xc2\xbb\x5c\xa7\xc7\x18v\xf0\xc1\x07\x97\xf0h\x07\
t\xb2V/V&\xd4FT\xc1\x10X\x96i\xa7F\
s\xf7\xddwgV:\xb9u\xc5\xf8`@;\xfe\xf8\
\xe3\xb3wB\xc0\x18G9)4\xb4\x93\xb1\xf6P\xac\
\x83\x1c\xcfZ\x86\x05\x06\x1af\x12X\xea5I\x93w\
\x99\xed\x1a0\x08a\x05<\xb0\xfck\x86\xa5f\xfc5\
\x89\x9aY\x0e\x8d\x94\xf6-\xbc\xcb\xeb\xa5\x19\xa9\x98\xcc\
V\xbd\xc0sx\xd3j[\xe8_&,+d\x0a\x1f\
\xfaRk?m\xe7#H\xa1\xa1\x0e\xe1Q|\xc7\x18\
\xd4\xcd\xa1\xd8\x02\xd8\xcf\x91\xaa5@`\xe1pC\x02\
B\x93\xa6\xbb\xf2\xae<\xea\xf4\x80\xe4*\x8fN]\xae\
9\xa4\xf2G\x02\xd7V\x1a\x0et\xa0\x91\x12\xb2\x85w\
\xb9F\xa1I\xcd[l\xb1EVg\xab-\x9aD\xcf\
\xfe\xae\xd1\x80\x83\xbf\x144\x9b\xf1\xa1/\xb5\xf6#\xe0\
iZP\x8c\x86v\x86g'EO0(\x17]t\
Q\xc5\x8b\x05x\xf8\xe1\x87\xdd\xd8\xb1c+\xc7\x978\
\x17\xb0lI\x9a\x05\x0b\x16dB\x88V\x16\xc7\xbdS\
\xa6L\xc9\xf6\xcf\x10\xe6\xce\x9d\x9b\x09N)\xfcg\xce\
\x9c\x99\x09\x81\xd2\xba\xc8\xb2\x0c\xcd\xb9\xe7\x9e[\x92\xf6\
-\xbc\xcb\xf9\xb35!\xa4\x85\x80\x97\x126\x0f\xad^\
\xec\xa7\x1c\xc4\xd0\xa6\x10f\xcf\x9e\x9d-\xf3\x92\x86\x8e\
Gs\x195jTE}\x8c\xf1\xa1/\xcf>\xfb\xec\
\xca\x87C\xff#\xccj\x13\xda\xa2\xa1\x9d\x07\x1cp@\
\xf1\x7fA\x89\xe9\x90\xfd\x1c!I\x02\xfb\xc6_\xff\xfa\
\xd7\xca\xa9\x17\xfb\x16\x1d i\xb0\x0f\xf0\xaeU\x16\x13\
D\x0e\x1a*\x10{Z\x0a\x7f\xf6Z\xd4@I\xc3\xbe\
\xe8\x0d?\xe1@[x\x97\xef\xa7\xd4A\x96\x85\x90\xeb\
i\xb4z\xa1\xedH\xfd\x9d\x89\xa4\xf5%\xab%\x1f\x0c\
*/}\xd7*\x1f\xdaM\xfb\xa5\x8c\x86\xaaI;R\
h\xa8W\xc9L\xcc9\x00\x9e\xc1?\xff\xf9\xcf\x1b\xc3\
\x86\x0dkh\xd0\xbf\x7f\xff\xc6+\xaf\xbcRy2e\
\xca\x94\xc6\xe8\xd1\xa3+\xf8\xd7_\x7f\xbdq\xf0\xc1\x07\
\xabe\x0d\x1a4\xa81o\xde\xbc\x0a\xfe\xe6\x9boN\
\xe6\x7f\xe1\x85\x176\xc6\x8f\x1f_\xc1\xbf\xfd\xf6\xdb\x19\
M\xabx\x00\xde\xd4A\xc2\x8c\x193\x1aC\x86\x0cQ\
i\x86\x0e\x1d\xda\x98={v\x05\x7f\xcd5\xd74\x8e\
:\xea(\x95\xa6o\xdf\xbe*>\xc6\x87\xbe\xa4O%\
\x8c\x1d;\xb6q\xce9\xe7$\xd1\xd0N\xc6:\x87\xa5\
\xc5g\xc0\xc9\x91%Q2\x8b\xd0\xdf%\xb0\xa4jn\
T\xccpK\xa2e\x06\x22\x8dK\xe0\x0b\xd0$\xfa\x18\
\x7f\xbe\x22\xcd%\x8bs\x03o{o\x05\xef\xf2\x15\x80\
:H\xe0\x0b\xd74\x1dO\xa3I\xda\xac$\x1a\x8dw\
\xe1\xa2\x7fR\xf8\xf8UC\x02m\xd74\x97\x18\x0dc\
\x1c\x9e\xd2v\xb4\x80n\x0e\x85\x0c\x80\x81 f\xc4\xd0\
\x04\x0d\xde\xd7hx\xd72R\xf0\xbe\xe6\xfa\xe4\xfd\xe2\
\xdb\xc9_\xd2X\xf8X\xbd,\x172_\x9e\xe6v\x85\
|\xa3\x95\xc59<4\x9a\x9d\x00\x1a\x8b\x0feiv\
\x024\x80T\x1a\xdeW]\xc2X\x16-\x03\x0e\x8d\xd4\
\x0c%\xa8\x1a\x1a\x0d\xefj~\x7f\xbe,M\xddC=\
\xd2:3\xc6\x9f\x8e\xd4&\x1a6\x03\xad,\x0b\xefy\
hj\x184h\x1a\xda\xf6\xc8\xa1\x0e[\xa0|\xc6\xd6\
\x80z*\xf1,\xff\xde[W\x0e\x8e?\xd5\x944|\
\x98\xd0\xb0\xdd\xa2*\xca\xf2\x18\xd0\x14\x1ax\x84\xaac\
a\x0c\xc2H\x83\x7f9\x8e\x17r\xf6\xa2:\xa1C\x87\
\xeeEt<{*\x92-\x0e\x16\xa1\x89\x91\xbd\x0c\x83\
\x88\xe6\xde\xc4\x111\x95\x0a+FY\xa8M\x9c\xeca\
\xd8\x91\xd1,\x16\x7fx0\x9bq\x88\x08i\xd8\xff\xa8\
\x1bG\xdb\xe1\x04A2F\xd5\x02\x1f\xae\x1c\xbc\x83\xf1\
J;\xa3\xa0\x13\x91\xeas\x17\xaa\x12\xa0\xbaq\x0e \
\xd5STI\xda\xb2\xeb\xae\xbb\x96\xf0L$\xdc\xdbh\
\xa3<'Ab\x87\xd7n\xbb\xedV\xc2\xd3.\xc6\x86\
>\x96.q\x18\xb6\xa8\xbb\xf4\x94\x8a\xd1\xa0\xba^{\
\xed\xb5\xfe(~Y1\x01p\xe3\xd2|\xcb:\xe0\xdc\
\xc7?\xfe\xf1\xcc\x1e!\xe1\xd8c\x8f\xcd\x0c1\x07\x1e\
x`\xe9\xc9e\x97]\x96M\xf4\x8b/\xbe\xb8\x84g\
bB3f\xcc\x98\x8a\xef!~z\x18\xc48#\x91\
\x83y\xc4\x11G\xb8\x91#GV\x06\xfa\xac\xb3\xce\xca\
V\x00\xce\x15Z\xa5\xc1M\x0c\xdf\xcf\xbe}\xfb\xba\x92\
5\xd0\x9f\x0eQ\xa0\x5c\x9eX\xce\xfc\x1e\xe5\xbf4\xbe\
 \xf0\xfc\xcfR\xec\xf7\x15f$\xba9K\x90_\xa2\
=\x0d\x7f\xfb%\x88\xf2<\x0de\xc1\x9fm\x88/#\
\xdc\xa3<\x8d\xc5\xdf\xe5\xfe\x02\x92?\xe5\x81\xf7\xfc\xf9\
\xcd;\x94\x05\x9eUN\x96ey\xe4\xb0=I\xf3\xb5\
\xcb\xfd!\xc0\xcbg\xfeTS\xa3\xa1,&\x94<u\
\xc4\x12\xeb\xcb\xd3hX\x01\xe53\x0e\x93\xe8\x93\x14\x1a\
x\x84^D\xabD\x0b\x08\x97\xe3\x95\x0d>\xfe_\xd3\
\xbb<fB\x03\xef\x16.\x81\x0e\xd6TM\xaf\x82j\
*\xb2w%\xd7\x00\x1a\xcd\xf5Ls\xc9\xf7`\xd1H\
\xb7\xf0\x8e\x1a\xd8\xcd\xa1\xa2C\x84~f\xa1\x00%\xfd\
\xcfX6\xfd\xff\xfc\x1d.\xf3\xf2'\x5cjc|B\
\xbaV\xf9{\xf5U\xf2\x0f\xff\xf6[\x80\xc4\x87e\xc5\
\xc0\xd2\x1cX\xe65\xc3\x16\x82\xa1\xa6\xe9\xc4\x8cAl\
\x01\x961\x8cm\x91\xe5\x5c\x82\xdf\x02Rh\xe4\x16P\
P\xfb\x0ea\xb9\x93K\x11\x1d\xc8\x92\x12.\x85\xfc\xef\
\xe3\xe2\xd9o\xc3\xa5\x96\xf7\xb4r\xfc`\xf8h\x96p\
\xd0|\xfc\x7f\x88_\x19\xfe\xfc\xaf\xb5\xc3\xe3\xc3\x98~\
Y\xb6\x04\xd4\xb6k\xae\xb9\xa6\x82G\x0a\xbf\xee\xba\xeb\
*'\x9b\xb7\xdcrK\x16\x80A<C\x08\xb4\x0d-\
\xa0\x7f\xff\xfe\x95\x80\x0d\x02i\xd0\x84$\x8d\xcb%w\
\xe2\x22\xa4s\x07\xe1\xe4L^\xedd\xd5\xa2\xc1\xe9\xe6\
\xd0C\x0f-\xfeW\xa7\x8f\xe5\x1d\x1b~i\xf2\x0b\x0c\
\x850\xf9\xc5\xc9r\xad\xaf\xd9\xf3\xd0\x06\xc3\xe2\xef\xff\
\x0e\xf9k\xed\xf0B\xa0\x0b\x0e\x90\xc2\xb2x\x86p\x1a\
\x0a\x94\xe0\x194:\x18\xa9Z\x03|\xec\x08\x90\x91\x80\
\xaa)up&*\xc2,\x83\x22\xfd\x1b1\x90q\xa6\
\x22i\x5c\xbe\x02az\x97\xcf\xf8\xca\xa9c\x0a\x0d\xed\
\x0b?\x8c\xd2I\xa03N\xbe\xbc/\xb9\x94\xc2)\x88\
\xff\xc3\xd3%\xdf\xe9|U\xb2\x9cp\x90}v\x0d_\
\x96\xcff!O\xaa\xea\xf0\xe7\xeb\x96'~~\x02\xf0\
\x9b\xb2\xa4\x16\xe0'TI@\x0a&\xa6\xd7\xdb\xa5\xe6\
`\xc5?\xe0\x8fw\xea\xa9\xa7V\xf0>jJ\xc2\xed\
\xb7\xdf\x9e\xe5A\xd0h07\xa3:J\x9d\xde\xe5Z\
\x1b\xd1>\xad\xd2`\xef\x08\xed\x17\x95\xcd\xcf/\x93\xe1\
\x8f\x85\xaf\xf3c\xf1\x89\xf1\xa8\xf3\xacn[\xfc\xf6\x11\
\xfe\xf8I\xeb\x7f\x87\x13\xc6\x02\xcd\xb0\x85\x16`\x19i\
\xd8fb.y\xf8JH\xe0\x14R3\xc6\xc5h\xa8\
W(\xd3t\xb4\x80n\x0eI2\x80&\x95\xcb\xaf+\
\x04K\x07\xb7\xbeH\xf9\xb7\xf6~\xf8\x9eV\x96\x85\x0b\
i\xac\xb6hZHL\xa6\x88\x81f\x0bA\x0b\x00\xaf\
\xd95b\xb6\x10\xb6Km\xf9g?\xb7\xb4\x00\x8b\x06\
\x1e\xe1\xb6\xa5R[\x83\xa9\x0d\x14\xfb\xb0u\x80a\xf9\
\x04P\x01+\xa6\xcd\xb2\x89[^\xc6.?\xdcH\xe1\
_g\xab\x90\x99\xc0\xfcVa\x01\x02\x9f\xaf\x17\xef\xf9\
\x18\x0aN\x22\x7f\xf7\xbb\xdfU\xec\x07h\x14>\xb7\x92\
\x04l\xfe\xb8\xd0I\xdb?K<2K\x0a\x0d~\x07\
\xa1\xd1\xab\x98\x00^\x17\xd6N\xaa\xb4\x0e\xf0\x80\x01I\
\x86z#5#\xd0p\xee,\xe1\xd2K/\xcd\x8c$\
2\x9a\x08?z\x8c(\x03\x07\x0e\xac\xd0p>\xfe\x8d\
o|\xa3\xe2\xe4x\xd3M7e\x9d\x1c\xaa5.\x17\
tH\xc6Df\xb1P\xa8\xa3\x0d#F\x8cP\xf7Z\
\xbf\xff[\x13P\x0a\xa6^\xa8\xe4\x0b\xd4\x04\xda\xe9\xd3\
\xa7g1\x00\xbel\x1fB\xc7\xc4\xd7\x8e\xdb\xbd1\x88\
\xd0uY/\x06\xfa\xf2\xcb/7\x8dA\xdaxY4\
\xf8$\x96TC\xef\x12\xf6\xd8c\x8f1\x9d\x93\x7f\xa6\
N\x9dZq;\xaa\xe3\x12v\xcb-\xb74\x86\x0f\x1f\
\xae\xd2\xe0\xc6\xb5x\xf1\xe2\x0a>\xd5%\x0c\xe8\xd5\xab\
Wr\x1b{\xf6\xec\xd9\xd8p\xc3\x0d\xb3\x9f\x0d6\xd8\
 \xfb\xd9h\xa3\x8d\x1a\xab\xad\xb6Zc\xed\xb5\xd7n\
l\xb2\xc9&\xc5s\xfe^w\xddu\xa3\xe5\xbd\xf6\xda\
k\x95z]}\xf5\xd5\x8d~\xfd\xfa\xa9u\xdew\xdf\
}\x1bO>\xf9d\x05\x7f\xd2I'5F\x8e\x1c\x99\
Ds\xe4\x91G\x86c\xf6\xaeKX\xdd3s-\xc8\
\xa3\x8eK\x18KS\xcc%M\x93\x9cS]\xc2\xac\xd0\
\xf0V@\xd3\x0e\x5c\x8e\xf7\x87X\xe1\xdf\x16\xf8\x04\x8e\
\x12<\xbd\x06\xd6\x0al\xc9^\xae\x09M\xe9\x0c\xa6V\
ot`\xa5@\x9b\x00\x0cVl0\xebL\x1a\x8bf\
\x95O\x80\xba\xf9\x01b\x90B\xa3\xd9\x12Z\xe1\x91\xca\
\xff\xbdP\xd6\xcaB).\xa0\x0eh\xd14D\xa4Z\
\xeee\xe0\xb5\x98zT#+\x9a\x08\xbf\x02-\x02\x07\
\xe3\x89\xa6na\x03\x87Fz6Yi\xed\x9aAh\
\xd7\x08m&\xe1!\x91\x07\xcbO\xd1\x03\xefk}\xd6\
\xcc\x18\xa4\x19\x90\xdaj\x0c\xc2\x85\x89\xb3cB\xa4%\
`\xa8\xb0\x5c\xb6\xf1~\xf1\x911\x1c\xd9\xa2\xeeP\x16\
\xaa\x09\xf9\x06\x9c\xd0\xbf}\xd4\x0c\x1e1!\x1eW-\
\xf6\xf4#\x8f<\xb2X\xa6|g\xa3! \xd1#\xbd\
\x86G\xb1\xf0\xe5\x7f\x19\xcdC]1\xc6PV\xa8\xdb\
\xb3\xccZ'g\xcd\xc0RC\xbda)lKL\x06\
`Y\xc6H#\x1dC\x89\xe4A\xce9\xe6\x98c\x8a\
\xbd\xddO.\xfa\x92\xb4\xafab\x0d\x9e\xa1\xe6\xf1\x9c\
\x0ck\x120\x06\x11\x05\xed\xfb\xcc\x9f\x5c\x9a\xc6 \xfc\
\xeb\x08\x19\xd2\x12<\x93\xd5k\xc6\x8c\x19j\x83\x18P\
~$0c\xbf\xf5\xado\x95\xf65\xefG\xe8c\xea\
\xc3Nc&3\x09P)\xbd\x00\xe3\x9f\xa3\xba\xe0_\
\x18\xe6\x07\x80\x86\xc1d6\xcbPs\x8eU\xe9\x14\xfc\
\xf8h\xb8\x17\x86\xf8\x8dzh\x0d&\xd9\xb6p\xef\x0a\
\xed\x0a\xe4\x03\xc6\xf7\xef\x8c3\xce(\x84<?1\x09\
1#<\x0d\xc1.l\x8b\xefpV\xbb\x10\xef\xf2\x89\
\xf4\xd3\x9f\xfeT\xe5O}\xf1\x16\x0a\xfb\x0c\x9e\xa8\x8c\
2\xb5\x1e\xe5\xd1/\xf0a\xc5\x95\x93\xceg\x08\xf14\
~R\x99\xc6 \xaf\xbfjPGrf\x19\xd6\x922\
c\xf4\xc0\x1f-\xcfPQ\xaa0\xdb\x90\xcfb\x1d\x02\
\xb3\x96\xafF\xe6\x16\xe4\x90\x83\x0e%%Z\x08h \
L&V\x0d\x09\xe3\xc6\x8d3u}\x0c8\xd2\xf9\x13\
\xcd\x84\x95i\xcf=\xf7\xac\xbcO\x0c>\x13@Z\x10\
\xbd\x91\x88\xf6H#\x99O\xee\xa8\x01}\xa2\xa5|\xc3\
\xe2\xc8\x04\x94'\x88\x0c\xa4e\x0cb\xd5 6\xb0e\
cP\xf8\xa5H\x88-i\x16X\xaeJ\x1c\x88h1\
\xf5\xa8s\x96\xea\x08\x0d\xe6R\x09\x0cNJ~\x00\xe9\
\x07 A\xab\x178\xab^\x9e\xb7\x97\xc6\xfdOhX\
\x0a\x7fb\x92\xbe\xcb\xb7a\x0d|\x9c\x9f\x84\x8e1\xa8\
\x03+\x0d-\xe5\x07\xb0\xa4\xf3\x18XZ\xc0\xff2?\
@,\x92\xc6\x19\x1aM,n\xdf{\xf5H-\xa0\x87\
\x92\x0e\xceRMC\xd0\x8c7\xee\xbd\x90\x1f\x00a#\
\x158!\xbc\xeb\xae\xbb*TH\xba\xa4k\x95\x01\x10\
\xed\xcc\x0f\xc0\x16\x80P{\xc7\x1dw\x94\xd4>\x9f(\
\xda\x82_\xfc\xe2\x17\x95\x13\xc7X\xdc>uv\xc6\xd2\
\xcd\xe0#\xa0J\x19 \xb6\x9d\xa2\x09h}\xc6\xf2\x7f\
\xdai\xa7U\xd4\xba.\xcb\x0f\xc0\xbe\x85J!\x0bC\
=$\xc7\xaf\x06<#\xe9\x92\x06$\x89\x92|\xda\x99\
\x1f\x80\xceG\x0d\xd2\xb2g\xc5 5?\x00\x93\x1cc\
\x98L=K$3\x93\x099H;\x13\xe0\xab\x95\x8e\
\xacL\x0c4\x0e~4 \xbd\xac\xacC\x97\xe6\x07X\
\xb2dI\x05\xff\xe0\x83\x0f\xd62 \xbd\xf3\xce;\x95\
\xb2\xda\x99\x1f\x00\xd8j\xab\xad\x92\xebu\xd3M7U\
\xca\x89\xc5\xed\x83\xbf\xf7\xde{+\xf8\xe7\x9e{.+\
\x0f\xa3\x907\x12a<\xe27\x06\xa4\xf5\xd6[\xaf\xb1\
\xf1\xc6\x1b\x17\xcf\xf8\x1b\x9cU/\x8cO\x1ati~\
\x00\x96T\x09\x9ad\xda\x0ap\x16 \xa1\x9d\xf9\x01\x9a\
I\xfb\x16\xa4\xe6\x07\x00\xaf\x1d\xc2\xf8mD\xd3\x04<\
.4 \xc5\xce\xf4}9\x9a\x09\xbb\x93\x1f\xe0=\x0a\
\xef\xa5\xb3\xfefP\xc8\x00\xde\xb9A\x03+\xd6\xbc\xae\
\xfd@+\xabn|\xbc\xf6\xa5\x83\xaf3\x08\x9a]!\
V/+?@\x88k\xc5\xbd\xcez/|\xa6\xe5\x14\
hk~\x00\x0a\xd3\xe2\xd3]~|\xc9\x81\x88|f\
-\x8du\xc0{\xb6\xa4\xf0G\xfa\xb6\x12,\xd7\x01\xca\
\x97<\xac\xb8}\xd7$?\x80\x7f\xde\xce\xfe\xd1\x80>\
hK~\x00\xa2L\xb8\xcfO\x8b\xe9Gu\xe0\xb2\x06\
y\x14\x89\x0c\xc0\xde,\xb3\x7f3\xc3\xd8\x1b\xad}\x8d\
\x0b#\xe49\x01\xfb\x19\x15C\xdam\x95?F $\
wi)\xa4\x03\xf0\xbf\xd7\x8e\xb0\x91\x9a1DI\xe9\
\x9c\xce\xc2~!\xf3\x11[q\xfb.\x92\x1f\x80\xa3V\
\xf8k\x16L\x0ca\xc8(=D\xd4\xb4\x97\x0d4\xa0\
\xae$\xcb\x96\x96L\xe4\x13\xce.\xe8O\xd9\xfeV\xf3\
\x03\x14+\x00\x02\x10\xbez\xdc\xc6)\x01\x15p\xd8\xb0\
a\x95\xac\xdc\x5cA\xca\xd9\xf9\xa4I\x93Jxf\x19\
3\xcf\xf2s\xd7\x04J\x80\xb3{y\xfd\x8c\x8b\xf0'\
\x04\x8b\x1c\xc22\xe5Z\x0c8 \xe1\x5cC.\xa9X\
\x0e\xc9\x8f m\x11>n\x9f\xebi$X\xf9\x01\xc8\
\x0b\x80Q\x87\x8e\x96@\x1bHF\x91\x02L\x0c\xf4z\
\x0d\xe8/\x99\xdf\xb8\x91\xe7\x07\xe0*`-?@(\
\xec\x16\x13\x80%\xc3\x8aO\xe7$\x8c/C>\xe3\x5c\
@\xbb\x9c\xd0J\xdd\xd2\x0c\xf8\xc2S\xf8\xcb\x8c\xdb\xad\
\x80\xb5\x9f\xb27\xf2\xc5J\x1e\xb1\xb8}+?\x00+\
\x82\x96=\xcc\xb5\x10\x88\x9a\x0a\x98{\xdb\x92\x1f\xc0_\
\x1b\xa7\x81\x15k\x1e\xba>\x87\xc0\x97_\xc7\xc7P\xbb\
\xfe\xc5E\xf8[\xae\xe51\xb0T*\xda\xa1\x95\x17\x8b\
\xdbO\xcd\x0f\xe0j\x1a\xd6b\x10\xbb2\xa6\x93\x1f\xa0\
\x03M\xa1d\x0c\x92!\xcb\x1eXN\xa4p\xe4\xf2d\
\xd1\xda\xd7\xc1\x92]g\xa9\xd3\xae\x92q\xb9\x01Cs\
\x89\xd2\x96\xbef@\xbd4\xe3\x0em\xd7\xa2l\xadX\
\x7f_/\xe9\xa3\xe0\x9a\x18\xb6\xea\xaa\xce\x16h\x865\
\x17\x193\xda\xa9\x1a\x83\xf0*\xc1H\xa3\x09aH\xbb\
8\x1d\xc8\xc6\xe2\xaa\xa5-3,\xb3\xd6\xa9^\x0cH\
\xc4\xa4M\x82G\x1f}4\xf3\xbe\x91\xd6-\x1c%R\
\x81zq\xcf\xa0\xd4B\x10\xf4\xd0hd\x94\x0d\xc9\x9e\
\xc0k\xfd\x82\xa4\xcdI\x1c\x0e+\xb2^H\xe8\x92\x86\
\xc9\xa7\x9d\xce\xad\x0c\x90\xb7@\xda\xfd\xe9\x7fl1\xdc\
Q(?\x12\xbc\xb7\x0e:\xe8\xa0\xe2\xffR\x82\x08\x9f\
\xdcI\x82O\xdc \x9fy?{\x89\xc7y\x83\xd4m\
H\x9cR\x18$Z\x85\x09\xa5\x01\x960\xcd\x1a\xe6\xf2\
\x81H\x01\x04 \xa4\xe0\x10\x90~\x89\xd8\xf1zr\x08\
\xb4]\x93\x03\xfc\xb1\xb2\xd6/\xa94\xfc\x8f\x09\x9b\x81\
\x91\x89\x1bP7'L\x98\x90\xd4F\x97_\x13\xcf\x8f\
\x06\x5ch\xa9\xb5\xb34&\xde\x18t\xf9\xe5\x977\x8e\
?\xfex\xd5\xb0\x801f\xd1\xa2E\x15\xfc\xe4\xc9\x93\
\x1b\xa7\x9dvZ\x05O\xe4\x8b\x15\x19\x04\x8f:\x06\xa4\
\xd4\x9f\xde\xbd{Wxc\x84JM\x16}\xfb\xed\xb7\
G\x8dA\xb3f\xcd\xaa\xe0\xeb$\x8b\xc6\xd8\xd5\xce\xf6\
cd\xd2\x80\xfeg\xacsx\xd7\x18\xc4\xde\x143\xc6\
h\xeeE\xe8\xdf\x9a-\x9cw-7*\xcb\xe0\xd4n\
\xd0\xa4s\xce\x1fR\x93E\x83\x8b\x19\x834W\xb5:\
\xc9\xa2\xdb\xbd5\xb0jk\xdaN\xc7%\xac\x03%(\
d\x00\xf6\xf8\xd8\x95%\x9a\xc4\xcd\xc1\x8d\xb67\xf2\xae\
uFo\xf1h7h\xd26\x074\xb4E3\xa0 \
5k\x02({\xb5\xbc\xe3/\xa4\xd1\x0e\xa3(G\xa3\
\xa1\xed\x1cB\xc9\xab\xdc\x5cM\x8d&\x06\x96\xb6\x03.\
t\xd8-z\x02\xd5\x05A\x0b!M\x02\xc7\x90$B\
\x92j\x05\x02\x1b\xcb\x8c\xa4\xe1\xbc\x9bsz\xad,$\
\xfa\xae\x00\x1f\x1e\x1d\x02\xcb9m!\x98E\x9e\xab\xd3\
v4\x1a\xb9E\xa1\xe9@\xa3\xb5\x85\xf0l<\xa2\xa4\
O\x00\xaeh\x1a\x7f\xb6%|!p/\x93\x13\x07\xad\
\xa1\x9d\x80 J\x1e\x02y\xea\x89\xb0\xb9\xf7\xde{\x17\
\xff\x17\x13\x80\x19K%~\xfd\xeb_W\xaa\x811\x04\
\x83\x8c<\xc3g\x90\xd1)%\x0dr\x01\xea\x91V\x16\
\xfez\x04\x7f\xc8\xc9\x04\x0f$\xf4T\xc0\x97^\xe68\
f\x10Q\xd1\x08f\x917\x87\xc2\x87\x01\x92\xe7\x14\xb4\
]\xd3t\xfc\x8d\x9eZ[\xc0s\xae/'\x8d\xbf9\
T\xd20(\xc8ML*\xb9B\xd0\x97\x9cuhn\
t\x04\xb3hQ\xd81\xc0\x1e\xb3\xd7^{\xa9o\xa0\
R\x17\xe0\xb5\x80+\xae\xb8\xa2q\xf4\xd1G\xab\x92\xe3\
a\x87\x1d\xd6\x98?\x7f~\x05\x8fK\xd6\x88\x11#*\
\xf8\x85\x0b\x176\xf6\xdf\x7f\x7f\xb5,\xa4\xf09s\xe6\
T\xf0\x0b\x16,\xa8%\xedN\x9f>\xbdR\xd6\x9bo\
\xbe\xd98\xfc\xf0\xc3+x\x5c\xa4h\x8b\x06\xc7\x1cs\
L\xe3\xfa\xeb\xaf\xaf<\xb9\xf1\xc6\x1b\x1b\x03\x06\x0cP\
i\x06\x0e\x1c\xd8\xb8\xe3\x8e;*x\xfa\x92<\x08\x1a\
\x1ct\xd0A\x8d7\xdex\xa3\xf2d\xda\xb4i\x8d\xc1\
\x83\x07\xab4{\xed\xb5W[5\x84\xc7\x1f\x7f\xdc\x17\
\xfd\xae\x16\xe0\xfd\x014`\xe9\xd2f \x12\xa5&\xed\
\xf3\xaeuFMY\xdar\xa7\xe5\x0ch\x05\xb4`\x0e\
\x969\xda\x22\xcf\xdd\xd9\x02\xe0\xaf\x9d\xc7\xf3\xbe\xa6\xd1\
\xf0%[\xa1d\xd0h.i\xde\x87@\x02}E\xbf\
h\xda\x064\x96\xe6T\xc7\xe6\x11\x83\xb0\xfd\xc5\x04\xe8\
!\xae\x15\x97\xa0u\x9a\x95\xa0\xa0\x99\x7f[*M\x0c\
be\xc92-|\xac^\xcd\x920\xa4\xb4%\x8c\x18\
J\xe1\xb3*\xa1\xa3\x06vs(&\x00\xcb\x9c\x96\xbe\
\xcc\xe5\x06\x04\xe9u\xe2\xf2\xa8\x19Mu\xc2{\xc7R\
\xf7\xf0P\xd1\x22V\xb4\xf2[\x01M}\xc2{\x86:\
Ku\xcf\xc2\xbb\x88/\x02\xaa\xa3\x15\xb1\x03^^\xfc\
\xe0r\x03\x8dFC\x9fX\x86\xad\x18\x1f\xcd\x7f\xa1]\
P\xf4\x04\x0d\xc1\xeb\xe5\xcc3\xcf\xac\x14\x8d\x06\x80\x01\
EZ\x9eP3P\x9d\xe4y?{\x1cj\x15\x11\xad\
\xf2\x19\xd29\xd2\xb8\x94\xdc\xeb\xca\x00\x97\x5crI\xe6\
\xe6\x14\x02\x926u\xfe\xf1\x8f\x7f\x5cR\xf7,\xbco\
\x8bf\x0c\x22\xcf\x00\xa7tZ\xbf\x10\x9f\x8f\x0c@\x84\
N\x08s\xe6\xcc\xc9N\x08%\x0d\x1a\x13\xe5a#\x91\
\xb9\x82c|\x88LZe\xe0\xb5\x80g\x9ey\xa6K\
\xce\xe8;?\xff\xfb\x9fG\x1f}\xb4\xaa\x05\xc4\x121\
v\xe0\xff\x17:B`7\x87\xce\x04\xe8\xe6\xd0\x99\x00\
\xdd\x1c:\x13\xa0\x9bCg\x02ts\xe8L\x80n\x0e\
\x9d\x09\xd0\xcd\xa13\x01\xba9t&@7\x87R\x8a\
\x98\x0et\x0f\x08\xc7\xba0\x06\xe1\xde\x84\x9b\x16\xe9R\
%\x10MB\xac\xb9\xcc\xf2\x8dO\x1c\xce\x0a\xf2\x9e|\
\x1c+H\xed\xd6\xbbw\xefJY\xb8Ca\x0d\xd4\xee\
\xdc\xc7\xb9#\x85?\xfe\x85\x04:\xc8\xebg06a\
\x8c\xc2],4FYx\x97\x1b\xa9\xf0\xd3#\xac;\
\x04\x0c4\x18\xb7d>b\x97\xdf\xdc\x89\x05QZ7\
\xc9\xda\x85K\x9c\xa4\xc1\x1d\x9d\xf6\xd3_\xd2%,\xc6\
\x87\xabg\xc8\x9b \xad\xb5\x18\x90h\x87\x96S\xc1\xa2\
\xa1\x9d\x8cua}\x0d]\xc2\x8e=\xf6X\xd5%\xe9\
\x88#\x8e\xc8\xdc\xbc$L\x9a4\xa91j\xd4\xa8\x0a\
\x9e \x92\x03\x0f<P-\x0b\xf7\xaa{\xee\xb9Gu\
\x89:\xee\xb8\xe3\x92\xf8\x9fw\xdey\x8d1c\xc6T\
\xf0\xcb\x97/\xcfhZ\xc5\x03\xf0\xa6\x0e\x12\xb8\xca\xc6\
r\xef\x02\x7f\xd7]wU\xf0W]u\x95\x19Lr\
\xc8!\x87dW\xda\xa4\xf0\xa1/\xb5\xc0\x9c\xb3\xce:\
\xab1n\xdc\xb8$\x1a\xc6\x98\xb1\xce\xa1\xec\x12f\xb9\
$a\xf2\xd5\x02 \xf8\xd2\xb5\x00\x08\xde\xb5\x8cK\x94\
\xa5\xb9q\xf1\xc5\xa4\xf2\xb7r\x05\xf3.4\xd2\xc3\xc6\
\xc2\xbb\xdc]K\xcb\xb8\x85\x09Y\x8b\x7f\x8c\xb5\x057\
2\x8d\x06\x1c\xaebZ\xee\x80\x18\x1f\xfaRk?m\
\xb7\x82y,\x1a\xda\x19\xa6\x88Ye.a17\xaa\
:.Q)4az\xf8V\xf0\xb1\xb2\xea\xba\x84\xc5\
\xf0u\xee\xffI\xed\xb3\x18\x8dze\x8c| A\x0b\
\xf7\xb6\xae\x7f\xa9{eL\xbb\xf9K\x1a\x0b_\xb7^\
\xa9\xed\xd7r\x08\xb7\xc2'\xb5\xce\xcdh\xc2IS\x08\
\x81\x08(V4\x0fx\x19\xcd\xear\x17'm\xd9B\
\x98\xb2\xb4\x0a\xca\x92\xde0.w\xaf\xaa\xc3_s\xef\
\x22\xc8\x05\x1a\xd9\x01\x16\xde\xf3\xd0\x5c\xb2\x9a\xd5Ks\
\xa3\xc3\xedLs\xe3B\xf0\xf3\x179\xa4\xf0\x81F\x8b\
@\xd2\x12b7\xa3\x81G\x18\x1bYd\x09C\xd2\x1e\
0`@\xe5\xc2\x04\x97\xc7\xce\x93lHJ\xe1\x04E\
\xe0\xe6$\xb5\x00\xf6@\xb4\x80>}\xfaT\xca\x82\x0f\
R\xb3\x0c\x8f\x22b\x86}P\xd3\x02,\xfe\x96\x16\xc0\
\xbe\x88\xb4\xcf%\x0f\xe1\x17b\xe1].\x1d3\xc9\xe4\
\x959H\xe7\xb8\xb1\xcb\x0b.\x5c\xae\xd1\xa0\xcdH-\
\x80\x0ca\xb8\x8aI\x89\x9e\xc0\x10h\xc88\xa6i\x01\
\x16\x1f\x22\xb0\x90\xe8\xe5\x87\xc3\x959\xb4C\xb6?F\
\x83\x1b\xdb\x95W^\xe9/\xc0x7K\x18\xc2\x01\x09\
 \xb8\xa1S\x02j\x0d\x03#\xb3U#h \x04J\
\x1a\xfc\xf2\xf1\xf1\xd3\xca\x22j\x86\x8a\xc9\xb4k\xc4\xf2\
\xe1\xfb\x96\xc2\x9f:\xd3\xa9\x92\x86\x8eD\xa5\x22\x83W\
\xe8\xfbg\xe1}\x9dqf\x95\xaa+\xbe\x82\xec\xa5Z\
\xbdP]\xc9\xfa%'-K,\xfe\x85\x92\x86\xfe\xa2\
-t\xbe\x5c\x05b|\x98\xe8|\x98r\xa2\xf9d\xd1\
)42r\xbb\x98\x00H\xb3|e\xe4\x0a\x94\xc05\
/\xac\x0e\xd2k\x16\xa9\x99\x0e\x954\x04\x86\x90%C\
+\x8b\xb0,\xd2\x9a\xc9+X\x98\x00H\xa7)\xfc\x19\
P:U\xd2x}\xdf_Z\xd5\x0c\xef\xf2\xaf\x99\xb0\
,\xb2\x7f\x87@0)K\xa6V/2\x83\x90z=\
\x8c\xb5sy\xa0\xad\xcf\xbb(\xe1\xb6\xdbn\xcbR\xdb\
\xc9\xe0\xd5\x18\x9f\xeb\xae\xbb.\xbb4JN\x1aVM\
\xb6\x80\x14\x1aV\xe0Ps)6CR\xa2Zj\x08\
\xaa\x8b\x15\xcd\xa2\xc5\xa030V4\x0b<\xb4\xbc~\
,\x99\xa9\xfcY\xd2-5\x14\x1a\x99\x07\xc0\xc2\xfbz\
iQ>\xb1z\x81\xd7TGK\x0d\xa4\xaf\x98\xb0\x9a\
\x1a\x18\xe3C_j\xd1T\xb4\xdd\xca]`\xd1\xc0#\
L\x89\xdb\xb1\x05tsX\xa9\xfc\x00\x08\x18Zn?\
\x04#K\xa2E\xf8\xd1\xb2q!\x80\xd5\xc9O\xa0\x1d\
8!`jy\x00,\xbc\xcb5\x0aM\xd3@\x92\x8e\
\xe5\x07\xd0$\xfaX~\x00\xf8k\xc1$1>\xf4\xa5\
<:w\xb9\xe6`i\x01\x16\x8d\x99\x1f\x80A\xe1l\
\x99\xeb\xdd%\x90Z\x95t\xb0\xb2\xe2\xec\xe7,k\x92\
\x06\x01\x90\xfdI+\x0b\xcda\xea\xd4\xa9\x95kh\xfc\
\xf5\xf1)\xfc\x91t\x11\x02et\x12g\xdd\xd0p\xed\
|\xa8\xf2Yx\x97K\xd4l)\xf2d\x0f\xed\x80\xfc\
\x00Z\xbd\x10\xb4\xfc]\x88\xb2^\x08[\x92\x86e\x19\
!p\xe2\xc4\x89\x95:\xc7\xf8P\xfe\x05\x17\x5cP\x19\
P\xf6s\xda\xa1\xa9\xd5\x16\x0dc\xbc\xff\xfe\xfb\x17\xff\
\x17\x13\x00\xbd\x95\xfd\xcc\xdf\x83\x13\x02{\x1a\x86\x1f\xb9\
\x0f3\xd04J\xd2\xb0\x9f!\x1fXe\xa1\x09\xc8\x95\
\x03\xa99\x95?{:j\xa0\xa4a \xa1\x01\x1f\x0e\
\xb4\x85w\xb9@\x0bN^\xc2\x84zF{\xb4z\x81\
\xa7\xa3\xe5\xc9\x1e\x1a\x85F\xc3d\xa5_P\x91\xe5j\
\x17\xe3\x03\x0d\x1f\x8e<\xda\xa5?\x98\x80)4\xb4\xb3\
tF\x11f\x09\xfb\x7f1\x06\xadX\xb1B5\xfaX\
\xf8F73\x06\x99Y\xc2\xac\xec\xdeH\x8e\x9a\xe4\xca\
\xd7\xa4\x19#x\xd7\xca5\x80\x0e\xaa%\x98F3H\
\xe5\xaf\xe5\xcawy\x8a\x1ah\xe4\x97i\xe1].\xa1\
k\xdaI\xec\xe2H\xf0Z\xde\x04\xeb\x12Lp\xf4\x0b\
\xf5H\xe1c\x19\x90\xb4\xfb\x0d\x9a\xd1\xd0\xceZY\xc2\
Rb\xd7WE\x9c{\x1d\xfe\x92\xc6\xc2\xb7\x1b\x9a\x19\
\x8f\xea\xf0_U4\x1d5\xb0\x9bCK\xc9\xa2}\xbe\
~\x09\xa8MZ\xb2h\xde\xb5n\x1b%>^S\xe9\
\xd0BR\xf9#Ik[\x0d\xf1\xf7\x9a\xa1\xc8\xc2\xbb\
.J\x16\x0doT=-?@\x8c\x0f}\xa9\xb5\x1f\
\xe9?vshR\xb2h\xd4\x05\xd4\x06->\x9d\xdc\
\xbe\xa3F\x8d\xaa\xe4\x07\xc0H\xc3\xbe%;\x14\xe9\x14\
\x09\xd4\xca5\x00\x8d\xcc\x0f\x80\x1a\xc6\xde\x98\xc2\x1f\xb7\
'N\xf5\xe4E\xd5\xec\xe5\xd0\x9c~\xfa\xe9%i\xdf\
\xc2\xbb\x5c\x0d%\xdd\x1b\x12z\x08\xfc\x8fz\xaa\xd5\x8b\
<\x00\xc8!\x9c\xe3K\xbc\x95\x1f\x80\xa3h-?@\
\x8c\x0f}9b\xc4\x88\xca\x154d!\xf3\xb7\x95\xb7\
JC;\xc3\x1bN\x8a\x91\xf3G\xc1\xda]\x80\xfe(\
V~\xed4\x1e5P\xd2 \x04Q)\xab,\x04\x1e\
i.\xf5\x1eA)\xfc\x11\x80\x10\xe8$\x8dO\xd2\x04\
>\x1ch\x0b\xef\x02\x8f Y\x168\xab_\xfc\xb1\xb6\
|\xe6\x8f\x82%\xde_0\xc1\xe4\x90G\xb81>>\
\xb1\x96T\x9d)\x0350\x85F\x1e\x05\xb7|s\xe8\
\xe2\xc5\x8b+\xf8)S\xa64F\x8f\x1e]\xc1/]\
\xba\xd4L\x16M*\xb4y\xf3\xe6U\xf0\xa8A\xc3\x87\
\x0fO\xe2O\x9a\xba\x09\x13&T\xf0\xa8YZRh\
\x0b\x0f\xc0\x9b:H\x989sfc\xe8\xd0\xa1*\x0d\
\xf8\xd9\xb3gW\xf0\xd7^{\xad\x99r\xcfJ\x16\x1d\
\xe3C_\xd2\xa7\x12\x9a\xdd\x1c\xaa\xd1\xd4\xbe9TK\
f\xcc\x97\xac\xdd_\xcfR\x16\xbbs_K\x07\xc3l\
M\xe5\xcf\xd7\xa7\x19c8\x9c\xd1\x92B[x\x97\xaf\
\x0e\x9a\xf1\x84\xaf\xd5\xf2\xbb\x03\xaf\xa9Z\xd6-\xa8\xb1\
d\xd11>\xf4%}*\xa1\xd9\xcd\xa1\x1aM\xe7\xe6\
\xd0\x0e\x94\xa03\x01\xba9\xac\x92;\x83\x9a\xa9\x81\xda\
=7150\xc6\xdfR\x93\xff\xd7\xac\x00\x00\x01\xf8\
IDAT\x035\x7f9\x0b\xef:j`{\xef\x0c\
\xe2\xa8\x17K\x99V\x16*\x12{\x1d9\xfbB\xc0J\
\x85l\x90\xc2\x1f\xf5\x8b\xfd\x5cN\x02\xf6EhN=\
\xf5\xd4\x92\xb4o\xe1]\x17\xdd\x19D\xc7\xa3\xeeq\x09\
\xa6t&\x8d\xf1\xa1/I\xd3''(\xe9\xe9h\x87\
v\x84n\xd1t\xc9\x9dA\xbc\x0bM;\xee\xd9\x89\xf1\
\x87\xb7FCG{\xfe\xe1@[\xf8\xba\xf5J\xa5\xf1\
\xfdB=\xda\xd1~\x7f\x05}*\xcd*\xbf3h\xc9\
\x92%YVl\x0d\xb0x\xcd\x9d;\xb7\xf2\x84\xfbz\
bj\xa8\xc6\xff\x82\x0b.h\x8c\x1f?\xbe\x82\x7f\xeb\
\xad\xb7Tu\xcf\xc27\xba\xf0\xce\xa0C\x0f=T\xc5\
\xc7\xf8\xd0\x97\xf4\xa9\x04,\xa1\x13'NL\xa2\xe9\x92\
;\x83X\xca,\xff6\x0e/RT\xa7\x18\x7f\x96_\
\xcd\x8f\x0f5KS\xf7,\xbc\xeb\xc2;\x83P\xcf4\
50\xc6\x87\xbe\xa4O%\xa0\x82k\xed\x8f\xd1t\xee\
\x0c\xea@\x09\x0a\x19\x80=\xc8\xf2\xe3c\xc6hI\xa1\
\x91h\xb5\x03\x1f\xde\xb5n\xc8\xe4\x10\xc2\x8a\xa6\xa9\xc3\
_\xfa\xf7\xbb\xdcH\x05\x8d\x94\xf6-\xbc\xcb}\xe84\
-\x04\x9c\x15\xe5\x04^\x8b&B\x9a\xd7h\xd0\x02\xe0\
\xafE\xec\xc4\xf8X\xed\xb7\xfc\x1bc4\xb43\xd4\xdc\
\x0aj\x84\x22|\xd9\xa5D\xebr\xc9}\xda\xb4i\x95\
\xeb\xdb\xf1}\xd3\xa4`\xfc\xee0\xfahe\xf9\x08\x1c\
\x19\xb8\xc8\xf5.H\xe0)\xfc1\x06!\xe4\xc8\x08\x1c\
N\xc0\xa0\x999sf\xa9\x83,\xbc\xcbc\xfd\x11\xce\
d\xf4\x11\xf5\xa2\xceV[\x18T\xa9\x8a\xe1+\x89T\
/i\xf8X\xd0\x10\xb8gH\xfa7\xc6\xf8\xd0\x977\
\xdcpC\xe5*x\xb4 >\x00-\x9a\xca\xa2\xa1\x9d\
a\xf4Q\x11\x1a\x86A\x81\x1b-\xb5\xb89\x06K\xc3\
{\x87\x03-@\xd1\xa2\x01\xaf\x055zG\x89\xae\xe0\
\xdf\xcez\xb5\xb3-]\xd5~\xd4\xfd<bh\x19\x13\
\xa0\xeb\xaf\xa9\xe8\xc0{\x06X\x07\xb1\x80t\xcde~\
\x1dxo\x81s\xcb\xfe\x0b2\xe6HE\xe1\x90\xbe;\
\x00\x00\x00\x00IEND\xaeB`\x82\
\x00\x00\x09\xd8\
\x89\
PNG\x0d\x0a\x1a\x0a\x00\x00\x00\x0dIHDR\x00\
\x00\x00\x80\x00\x00\x00\x80\x08\x06\x00\x00\x00\xc3>a\xcb\
\x00\x00\x09\x9fIDATx\x9c\xed\x9dI\xac\x15E\
\x14\x86\x7fP\xe0\xa88D\xc4\xc4\x01\x12\x17N!\xc4\
\xc41\x18\x07pX\x98\x18\x13\x87\x87\x03\xac\x8c\xc6\x01\
tat\xe9\x80\xee\x1c6\x0eh4\xee\x10\x07\x1c\x12\
c\xa2$\x82(\x0eq j\x808,4\x11\xc5\x88\
b\x045\x1e\x07\xc0T8\x97\xf4{\xdc\xfb\xee\xa9\xee\
\xaa\xee\xd3]\xf5-\xa1n\xf7\xf9_\x9d\xee\xae\xae\xae\
:?2\x99L&\x93\xc9$\xc9\x84\x9e\xe8]\xbbv\
5\xa6\x9f\x88b\x1e\xfe`\x00s\x00\x9c\x0a`\x16\x80\
c\x00\x1c\x05\xe0\x10\x00S\xa5\xcd\x1f\x00~\x03\xb0\x19\
\xc07\x006\x02\xf8\x04\xc0\x07\x00\xb6\xc5\x0a\x8c\x99c\
\x1dz(\x13&\xec\xee\xfa\xae&\xc0\xd1\x00\xae\x04p\
\x19\x803\x00\xecS\xf28;\x00|\x08\xe0e\x00+\
\x00|\x172\xc8\x9c\x00B\xc0\x048\x07\xc0\x1d\x00.\
\xaa\xd0\xe9\x83p\xc9\xf0:\x80\x07\x01\xbc\x1d\xe2\x80\x16\
\x12`bc\x11\x84e.\x80w\xa4c.\x8e\xd0\xf9\
\x90c\xbac\xaf\x91s\xcdmRp(\xda\x9e\x00G\
\x00X\x06\xe0-\x00g\xd7x\xde\xb3\xe5\x9c\xcb$\x86\
\xd6\xd2\xe6\x04\x18\x01\xf0\x05\x80\x05\x0d\xc6\xb0@b\x18\
i0\x86J\xb41\x01&\x03x\x04\xc0\x0b2\xc2o\
\x9a\x83%\x16\x17\xd3\x14\x03\xf1x\xd1\xb6A\xe0\x81\x00\
^\x01p~\xdc\x88J\xe3\xc6\x06\x97\x02\xf8Us\x80\
<\x08\xf4c\xba<w\xadv>\xe4-d\xb5\xc4\xda\
\x0a\xda\x92\x00\xee6\xfb\x06\x80S\x0c\xc42\x8c\x93\x00\
\xac4\xf2x\x1aJ\x1b\x1e\x01\x93\xe5\xfd\xfb\xbc\x0a\xa7\
\xd8)3{\xee\xea\x5c\x07\xe0k\x00\xdf\x03\xf8S\xfe\
\xff\x00\x99<:Vf\x0c\xe7\x018\xad\xe2\x05\xb2Z\
\xe6#\xfe\x19\xd4 O\x04\x09C\x12\xe01\x007\x97\
<\xf4\x0f\x00\x96\xca\xeb\x9a\xef,\xdeL\x00\x0b\xe5\xdc\
G\x95<\xbf;\xf7\xa2A\xff\x99\x13@\x18'\x01F\
d\x84\xed\xcb/\x00\x96\x00x\x0a\xc0\xdf\x15\xc3s#\
\xfb\xeb\x01\xdc\x0d\xe0\xb0\x12\xbf\xbfr\x90\x86\x9c\x00\xc2\
\x80\x04pW\xdd\x06\xf9h\xe3\xc3\x8b\x00n\x04\xb05\
p\x98\xd3\x00<\x01\xe0\x0a\xcf\xdf\xb9\x8fL\xb3\xe5\x91\
3\x8a\xfc\x160>\x8fxv\xbe\x9b\xab\xbfU\xee\x1a\
\xa1;\x1frLw\xec[\x00\xfc\xe7\xf1;\xa7\xe1\xe1\
\x08\xf1\x04\xc1\xea\x1d`\x9e\x0c\xa2\xb4\xfc\x05\xe0*\x00\
\xaf\xd6\x14\xb2\xfb&\xf0<\x80\xfd=~s\x01\x80U\
\xc5\x7f\xc8w\x80\xc1\xdc\xeb\xd1vG\xcd\x9d\xefx\x0d\
\xc0\xd5rn-\xf7\xd4\x18\x9f\x1a\x8b\x09\xe0&S\xce\
\xf2h\x7f[\xcd\x9d\xdf\xe3U9\xb7\x96\xb3D\x9b)\
,&\xc0\x1d\x1emW4\xfc|}Xb\xd0\xe2\xa3\
\xad\x16\xac\x8d\x01\x0e\x97w\xf7}\x15?s\x83\xb2\x13\
\x01\xfc\x1c7\xba\xa1\x1c\x0a\xe0K\xe5\xf4\xef\x7f\xf2v\
\xb3\x05y\x0c\xd0\x97k\x94\x9d\x0fy/o\xba\xf3!\
\x1f~\xeeR\xb6\xddW4\x9a\xc1Z\x02\x5c\xael\xe7\
f\xf5\x9e\x8c\x1c\x8b\x0fO{\xcc4j5\xd6\x82\xa5\
\x04\xe8\xad\xde\xd5\xe0&d\xfem6\xdcQ\xfc+1\
i\x98c\xe9C\x91\xa5\x048S\xb9\x96o\xa7\xcc\xed\
[c\x99\xc46\x8c}D\xab\x09,%\xc0\xc9\xcav\
\xee\xab\xde\xa6\xc8\xb1\x94a\x93\xc4\xa6\xe1T+A[\
J\x80\xd9\xcav>3\x84u\xa3\x8dm\x96\x95\x80-\
%\xc01\xcav\xeb\x22\xc7Q\x05mlZ\xad\xd1\xb1\
\x94\x00G*\xdb}\x199\x8e*hc+\xbb\xbe \
8\x96\x12@\xfb\xe5\xef\xc7\xc8qTA\x1b\xdbAV\
\x02\xb6\x94\x00S\x15m\x1c\xbfG\x8e\xa3\x0a\xda\xd8\x0e\
\xb4\x12pW\xb6\x86\xb5\x8d\x81\xeb\x04\xeb\xc6R\x02\xfc\
\xa1lg\xe6\xea\xe9\x8366\xad\xd6\xe8XJ\x80\xdf\
\x94\xed,\xef\xc5\xd3\xc6f\xe61f)\x016+\xdb\
\x1d\x1f9\x8e*hc\xfb\xc9J\xc0\x96\x12\xe0[e\
;\xcb\x9bC\xb43|Z\xad\xd1\xb1\x94\x00\x1b\x94\xed\
\xaal\x10\x89\xcd<\xe5\xf17Z\x09\xd8R\x02hg\
\xd1\xdc\x8e\x9d\x19\x91c)\xc3\x0c\x89M\x83\xf6\x9bA\
t,%\xc0\xfb\xcaE\x96\x13e\xc7\x8e5\x16*\xff\
\x9e;\xa4\xf8\x94\x09,%\xc06\x8f?\x8c\xdb\xf81\
)r<>L\x92\x984|\xe0\xf1\xc6\x13\x1dk\x13\
A/)\xdb\xcd\x94\xedZV\xb8Vb\x0a\xa9\xb1\x16\
\xf2\xa2\xd0\xea\xe4E\xa1\x01\xd9\x22{\xeb5L\x93\x9d\
\xc3M\xf3\xb8GA\x88\x95\xbd\xce\xb7\x82\xc5o\x01\xf7\
{\xb4\xed\xed\xd5k\x0aw\xee\xf9\x91\xb4\xd5\x82\xd5\xbd\
\x81k=v\x07\xed\x90\x8a\xa0u\xef\x0e\xbaD*\x88\
jk\x12\xbe;\xb6\x94]~\x04\x0c\xc6g\x1f\x9d\xeb\
\x80\xe7\xa4C\xea\xc2m\x0e}\xd6\xb3 \xe5\x92\x1a\xe3\
Sc5\x01VI50-\xfb\xc9\xd5X\xc7\xe3`\
\xb1\xc4\xe6\xb33\xd8\xb5\x7f3bL\xa5\xb1\x5c \xc2\
\xd5\xecY_\xa2@\x84\xdb\xabwS\x84\x1a\x01\x87\xca\
\xda\x7f\xdf\xa2\x90\xb9@DI\xdc\x1f\xec\x86\x12?\x1d\
\x91\xd7\xb2E\x81\x0a7N\x91c}U\xb2\x22\xe8\x0d\
\xfd:\xdf\x0am(\x12\xb5T\xae\xe82\xb89\x85G\
\x01,/Q$j\x86\x94\x82]\x5ca\x11\xe7\xe3\xe3\
\x15\xb8\xca5\x82\x04E\x99\xb8\x95\x15\xabs\xbb\x1d;\
\x1fK\xa1\xc9O\x0ae\xe2z+s\xa6\xca#\xe7\xb8\
\x80e\xe2\x5c\xd5\xd0\x0bs\x998\x05\x8aR\xb1\xd3\xa4\
\xf3\xb4\x9bG\x9af\xbd$\xd1\xb8\xe3\x90<\x06\xd0\xb3\
Uj\xec|\xd6\x82X\xd7K\xac1\x0aU\x05\xa7M\
\xab\x82\xdd\x14\xea\xb9r'\xb0\xcaZyT\x99\x9a\xee\
\x1d\x8f\xb6-\x0b\xdf.\xe5W-|\x03\x18\xcbRy\
\xe6\xab*\x85[\xa1\x8d\xfb\x02\xfe\x96\x91\xf9\xfc\x98\x8e\
^\x1el\x97X\x16\x05\xa8JZ;m\xde\x18\xb2B\
>\x07/o0\x067\x1d|\x82g\xa1(SD\x7f\
\x0b \xa2:|\xfb\xdcs\xf7>\xcf\xf2rUx\x0f\
\xc0\x9d\xca\xf1H%\xfd\xcc\x1c\xe5.\x17\xf55\x90\x88\
\x9a\xf2\xed;\xb7`\x1b\x17\xfa\xee\xb6S\xca\xd6?\xa0\
\xb0\x8d\x8b\xa2\x9f\x99\x83\xf9\x16FI\x00\x22\xb2\xe2\xdb\
7S\x9e\xcb\xae\x03N\xaf\xd8\x01\x1fI\x07\xbc\xa0H\
\xc0Z\xf43se\xdf\xc2\xa0\x09@Ds\xa5\xbck\
]\xd6mk\xa54\xdb\x1aE\xdb\xe2-x\xb6\xdc\x82\
\x0f\x1bp\x0b\xfeE6m\xac/\xf1\x08\xaa]?3\
k\xf4\xf7%H\x02\x10\xd1\x11rKl\xca\xba\xed\x19\
\xb9\xe2\x9a\xaa\x19`B?3{\xeb\xaf\x9c\x00D4\
\x22\x86\x0cM\x97<sW\xe8\xf5\xcc\x5c\xebH\xbc\xed\
\xfaK'\x00\x11\xb9\x8f3\x0f\xc9\xbb\xb8%\xdcW\xbf\
\xdb\x999\xea\xbbxW\xf4\x97J\x00\x22j\x85o\x1f\
3G\x99\x8d\xeb\x92~\xef\x04 \xa2\xe92\x0a\xb5n\
\xdd\xf6\xb9\x9b\x92e\xe6\xa0\xfb\x05\xba\xa6\xdf+\x01d\
2g\xb5G1\xc7\xa6\xf9\xd4}\x8e\x0d5\x89\xd2E\
\xfd\xea\x04\x90g^k}\xfb\x98\xb9R=\x9e\xae\xea\
\xf7I\x80 \xbe}\xbe\xb3XD\x14\xc4\xb7\x8f\x99\x07\
\xfa\xf6)\xe3\xe8\xa4~U\x02\xc8\xabN%\xdf\xbe\xaa\
\xa3r\x22\xaa\xec\xdb\xc7\xcce4tZ\xff\xd0\x04 \
\xa2J\xbe}\xcc\x1ctE\x0c\x11U\xf2\xedcf\xaf\
\x95\xb9]\xd7\xafY\x12V\xca\xb7\x8f\x99GB\x8b\xc7\
\xee\xf5s[\xdd\xb1k\xf4\xedKB\x7f\xdf;\x00\x11\
\x95\xf2\xedc\xe6Z\xf6\xe7\x11Q)\xdf>f^\xa5\
h\x97\x84\xfeaw\x00o\xdf\xbe\xba\xc4c\xf7\xd5\x10\
\xdb\xb7/\x19\xfd{%\x80|\xd2\xf5\xf2\xed\xabS|\
\x0f9\xa7\x97o\x9fh\x1b\x97\xd4\xf4\xf7\xbb\x03x\xf9\
\xf61sc\xbe}r\xee\xd0\xbe}I\xe9\x1f5\x06\
 \x22\xef\x12-\xa1\xa7\x5c}!\x22\xef\x12-\xcc\xdc\
w\xd9vJ\xfa\x07\x8d\x01\xbc|\xfb\x9a\x16\x8f\xddW\
AH\xdf\xbe\xe4\xf4\x8fM\x80\xd4}\xfb\x92\xd3\xbf'\
\x01\x0a\xabw5<\xc1\xccf|\xfb$\x16\xb5o\x9f\
h\x1dE\xaa\xfa\x8bw\x80\xd4}\xfb\x92\xd4_L\x00\
\xb5o\x1f3\x9b\xf3\xed\x93\x98\xaa\xf8\xf6%\xa9\xbf\x98\
\x00\xa9\xfb\xf6%\xa9\xbf\x98\x00\xa9\xfb\xf6%\xa9\xbf\x98\
\x00\xa9\xfb\xf6%\xa9\xbf\x98\x00\xa9\xfb\xf6%\xa9\xbf\x98\
\x00\xa9\xfb\xf6%\xa9?U\xdf@3\xbe}\x0d\xb1G\
\x7f1\x01R\xf7\xedKR\x7f1\x01R\xf7\xedKR\
\x7f1\x01R\xf7\xedKR\x7f1\x01R\xf7\xedKR\
\x7f1\x01R\xf7\xedKR\x7f1\x01\xd4\xbe}Dd\
\xce\xb7Ob\xaa\xe2\xdb\x97\xa4\xfeb\x02\xa4\xee\xdb\x97\
\xa4\xfe=?\x90\x8d\x84j\xdf>\x222\xe3\xdb'\xb1\
\xa8}\xfb\x98y\xaf\x11\x7f\xaa\xfa\xc7fL\xea\xbe}\
\xc9\xe9\xcf\x8bBG\x1f+\xedE\xa1\xf2\x87\xe9\xb4o\
\xdf\xa0\xceG\xa2\xfa\xfb\x0d\x1a\xbc|\xfb\x88\xa81\xdf\
>9wh\xdf\xbe\xa4\xf4\x0f\xda\x1b\xe8\xed\xdbW\xf7\
\xee\x18\x22\xf2\xf6\xedcfU\x1d\xbf\x14\xf4\x0f\xdb\x1b\
\xe8\xed\xdb'\x01\xd5\x82l\x8e\x8c\xe9\xdb\x97\x8c\xfe\xbe\
\x09 \xbbH\xbd}\xfb\xea\xb8\x1d\x12Q)\xdf>f\
V\xfb\xf6\xa5\xa4\x7f\xbc\x02\x11\x95|\xfb\x22\x14H\xa8\
\xe4\xdbW\xa2@D\xa7\xf5\x0f-\x10!?(\xed\xdb\
GD\x8b\xa4\xbcI%\xdc1\xdc\xb1\xaa\xf8\xf6\xf9v\
>\x12\xd2\xaf)\x12\x15\xc4\xb7\xafD\x91\xa4 \xbe}\
\xcc\x5c\xb6\xc0S/\x8eN\xea\xf7-\x13\xd7Z\xdf\xbe\
@e\xe2:\xa7\xdf\xb7Pd+}\xfbB=\x87\xbb\
\xa8\xdf\xcb7P\x0e\xd4*\xdf\xbe\x90\x83\xb0.\xebW\
\xdfbd\x0a\xb1\x15\xbe}\xe3M\xf7\x96\xa5\xab\xfa\xbd\
\x9e1\xccl\xde\xb7/V\xa5ptT\x7f\x17\x0c#\
\x5c\xa7\x5c\x97\xb0aD)\xfd\x95\xbd\x83\xe5\x84&|\
\xfb\xea\xee|tH\x7fH\xd3\xa8\xda}\xfb\x98\xd9\xc4\
\xf3\xb8\x8d\xfac\xd9\xc6\xd5\xe2\xdb\x17\xc26-\x06m\
\xd2\x1f\xdb82\x8ao_H\xe3\xc4\x98\xb4A\x7f\xd4\
\x04(2\xc6:\xd6\xdb\xb7/\x96uj]X\xd5\xdf\
K\x80L&\x93\xc9d2\x99L&\x93\xc9d2\x89\
\x00\xe0\x7f\xf60\x11?I-\xa3O\x00\x00\x00\x00I\
END\xaeB`\x82\
\x00\x00\x04\xd4\
\x89\
PNG\x0d\x0a\x1a\x0a\x00\x00\x00\x0dIHDR\x00\
\x00\x00\x80\x00\x00\x00\x80\x08\x06\x00\x00\x00\xc3>a\xcb\
\x00\x00\x04\x9bIDATx\x9c\xed\x9d\xb1N\x14A\
\x18\xc7\xff\x88ba,h\x85\xea|\x04\xb40\xb6<\
\x00(\xe7#\xd0ks\xaf \xb12\xda\xe8#H\x81\
\xd6\xf0\x08\x10\x13\x0b\x1b\x02\x95\xc4\x0e\x0a-\xf4,0\
\x9b\xccw\xd9\x5c\xeev\xbfY\xf6\xeef\xf6\xff\xff%\
[\xa0\xc7\xcd\xce|\xbf\x9d\xfdfvv\x80\x10B\x08\
!(Y\xaa\xa8\xf4\x0a\x80\xadp<\x01\xf0 \xfc\x9b\
H\x9b\xdf\x00~\x00\xf8\x0a\xe0\x00\xc0\x17\x00\xc3\xd83\
\xde\x06p\x0a\xe0ZG\xf6G\x11\xc7g\xde\xc0/\x03\
\xd8S\xd0;y\xec\x85\xf8V\xa2\xe0w_\x82\xa9\xec\
\xa8\x81(\x8e\x9d\xb2\x00\x96\x04\x16\xc9\xdd\x19\x80u%\
x\x9d\xe7\x02@\xcf\x12\xc3[\xa1\xb6}\x05\x9f\x865\
\x00/\xac\xb2&\xc0\x16{\xab\x901\x8a\xb7\x09\xf0\x98\
\xbdE\xc8xd\xd5\xb5\x1c\xe0\x0f\x80\xbb\xec\xadB\xc4\
\xd0\xe2m\x02\x5c;\xeb^5s(\xd2 *\x96\xb7\
\xea?'\xba\x8c\x04 G\x02\x90#\x01\xc8\x91\x00\xe4\
H\x00r$\x009\x12\x80\x1c\x09@\x8e\x04 G\x02\
\x90#\x01\xc8\x91\x00\xe4H\x00r$\x009\x12\x80\x1c\
\x09@\x8e\x04 G\x02\x90#\x01\xc8\x91\x00\xe4H\x00\
r$\x009\x12\x80\x1c\x09@\x8e\x04 G\x02\x90#\
\x01\xc8\x91\x00\xe4H\x00r\xe6-@\xd3M\x98\x0e[\
>\x8fO78\x97N\xb2\x88\xca\x0f\x22\x1b~\xa3\xa5\
r{\x91\xe5\x0eZ*w^4\x8a\xe5\xa2\xec\xefG\
\x94\xfd\xa1\xa52c\xc4\xdbm\xa9\xccy\x92\x95\x001\
e_\x02Xm\xa1\xbc\xb3\xd2\xf7\xd5\x95\xd9Fy\xf3\
&*\x96)$\x81W\xce\xcf\xad\xb6pE\xf6\xc3-\
\xa0(s\xbf\xc5s\xcb\x96\x94\x048r|\xb6\x0d\x01\
P\xb7e*#\x8b\xbc\x05X\x97\xbc\xe9<\x87\xbe\xe3\
;'QN\xfez!\xa7XD}gMv\xb7\x00\
\xe3|\xc6\xbd\x80\x89\xb3\x1f\xca\xa2\xa7L\x0a=@/\
\xa2\x17\xe85(\xc7\x92\xbe\xcd\xf03}\x0f\x80\x04g\
\x02\x8f\x9cWgl/\xd0\x0fI\xa4\xb7\x97\xa1!\xc5\
\xa9`O\x82\xb6\x1b9D3a>6<\xa7\xce\x93\
\xca-\x00!\xb0\x9e1\xbaw\x86\xce\x92\xbf\xf1y\x04\
\xfa[\x00\x12\xed\x01\xae\x22z\x01\x0f\xe5\xe4\xaf\xf3\xe3\
\xfa\xa6\xa4\xd4\x03 \x5c\xa9\x9e\xf3\xd9\xac\xf8^\xc3z\
\x93\xf1g\x09\xf4=\x00\x12~\x1c|\xe5\xbc_\xd7\xf5\
\x02\x96+\x14\x89\xdfIK\xe7\xd6)R^\x0f\xe0\x11\
\xa0_3$,w\xffb\x02)\x0bp\xe2\x1c\xb2M\
\x9b\x19\xb4y\x05\xef\xbc?%\xa9\xaf\x08\xf2$\x83\x83\
)C\xc2\xf2\xd0O\xc9_\x0d\xa9%\x81\x93\xfe\xbf\xea\
\x98\x94\x0b\x5c\xd6|/}\x12\x88L\xd6\x046\x19\x12\
\x96\x93?\xcd\xfbW\x90\x83\x00\x9e\xf1\xfb\xc6\xd8\x90\xd0\
\xf2\x02\xcd\xfc\xd5\x90\x83\x00\xde\x89!\x0b\xba\xc9p>\
\xe3\xe4\xef0\xa2\xbb\x1d?\xda^\xe4\xda\x98\x5c\x96\x85\
{\x02i\xdd\xbe\xae\xfe\x08r\x11\xe0\xdc\x19\xd0\x81\x1e\
\xfc\xc4\x91\xd3\x8b!^\x01V5\xf4\xf3\x93\x93\x00\xde\
\x89!h\xe2'\x9e\x94\xe7\x01\xcax\xde#8v\x96\
K?\x0f\x80\x0c\xdf\x0d\xf4\xac\xe7\xd3\xd5\x1fA\x8e/\
\x87V\xe5\x02\xde\xa7\x88\x22\x90\xab\x00\xd3\x12<-\xfa\
\x88$G\x01\xaa&\x86t\xf5G\x92\xeb\xfe\x00\x93\xee\
\xf3\xb1\x8b>\x9a,-\xef\x1c\x8b\x16`ul1\xa8\
\x97I\x13C\xb1\xc9\x9f\xa7\xbc\x1c_\x0em\xc4\xa2\x86\
\x81\xafK\xdf\x1d;?^~\x89\xe42\xf2w\xbd{\
\x04\xe8\xf5\xf0\x19\x09\xd0\x9f\xb2K\xc7qd\xa3\xdb\x03\
\x99\x98M\x1cv\x9dk\x0c\xae\x1b|w\x0a$-@\
\xecS3\xcf\xa2O\xcf$\xd2M\x9e\xdc\xe569\x14\
U\x8f\xa5\xd2/yXr~N,\x8e\xa8Xj\x97\
0r$\x009\x12\x80\x1c\x09@\x8e\x04 G\x02\x90\
#\x01\xc8\x91\x00\xe4H\x00r$\x009\x12\x80\x1c\x09\
@\x8e\x04 G\x02\x90#\x01\xc8\x91\x00\xe4H\x00r\
$\x009\x12\x80\x1c\x09@\x8e\x04 G\x02\x90#\x01\
\xc8\x91\x00\xe4H\x00r$\x009\x12\x80\x1c\x09@\x8e\
\x04 G\x02\x90#\x01\xc8\x91\x00\xe4\xdc\x0e\xd5\xff\x05\
\xe0\xbe\xa3)r\xd8!C\xd43\xb4OX\x0f\xf0S\
\x8dF\xc5(\xde&\xc07\xf6\x16!c\xb4\xa1\xb6\x09\
\xf0\x99\xbdE\xc8\x18\xc5\xdb6}Z\x09[\xa7\xad\xb3\
\xb7\x0c\x01\x17\x00\x1e\x02\xf8\x8bR\x0fP$\x05\xaf\xd8\
[\x86\x84\x97\x16\xfc\x82\xe5R\x9d\xbf\x03\xb8\x07\xe0)\
{\x0bu\x987\x00\xdeVU\xaf\x10\xe2]\x8b\x9b*\
\xeaH\xe7x?v\xc1W\xf2\x1c\xc0\xa9\x82\xd7\x89\xa3\
\x88\xe3\xce\xb4`W\xed\xfc\xb9\x12\xf6\xf4\xdd\x0e\x7f\x8c\
q\x0d\xc0\x1d\xf6>4\x03\xfe\x85D\xaf\xd8:\xff \
\xec\xa2>\xcc\xbeVB\x08!\x84h\x0f\x00\xff\x01\x80\
]R\xaau:\xe8^\x00\x00\x00\x00IEND\xae\
B`\x82\
\x00\x00\x02\xd0\
\x89\
PNG\x0d\x0a\x1a\x0a\x00\x00\x00\x0dIHDR\x00\
\x00\x00\x80\x00\x00\x00\x80\x08\x06\x00\x00\x00\xc3>a\xcb\
\x00\x00\x02\x97IDATx\x9c\xed\xdc1NTA\
\x00\x80\xe1_P,\x8c\x17\x10*=\x82Z\x18/\x01\
\x0a\xdeCoA\xac\x8c\xde\xc2\x02\xbd\x87\xc6\xc4\xc2\x86\
\xd0I<\x80\x16\x8a\x05f\x93]\xf2B\x84\x05\x13\x90\
}\xff\xff%\xd3\x10\x0af\xe6\xe7e\xd8\xbc\x81$b\
\xd7\xe6L}\x05X\x9f\x8eG\xc0\x9d\xe9\xd7ru\xfd\
\x00\xbe\x02\x9f\x80\x1d\xe0=p\xf0/?\xed\x06\xb0\x0b\
\x1c6\x16zL\xf6\xf0\xc9y6~\x19\xd8n\xd3G\
7\xb6\xa7{;W\x9b?\xee\x08N\xb5\xd9\x22\x8d~\
l\x0e\x03\x18\x1e\x02'\x87\xbb=`\xad\x03\xde\xa8\xed\
\x03wg\x07\xc3\xa5\xc1L\xb7\xda|\x85U\xe0\xd9l\
\xa2\xc3\x00\xd6\xed+#r\xb4\xd7\xc3\x00\x1e\xdaWE\
\xe4\xc1l\xaa\xc33\xc0O\xe0\xa6}e$\x0ef{\
=\x0c\xe0\xf0\x8cs\x9f\xf7\xe9a\xfe\xafs\xed\xe3\xd2\
\xfc\xef\xcb\x98\x15\x80\x5c\x01\xc8\x15\x80\x5c\x01\xc8\x15\x80\
\x5c\x01\xc8\x15\x80\x5c\x01\xc8\x15\x80\x5c\x01\xc8\x15\x80\x5c\
\x01\xc8\x15\x80\x5c\x01\xc8\x15\x80\x5c\x01\xc8]\xbf\x84\xe9\
\x9f\xf5\x0d\x95\x9c\xec\xc2\xde\xc2\xea\x09 W\x00r\x05\
 W\x00r\x97q\x08\xec5\xf2+\xac'\x80\x5c\x01\
\xc8\x15\x80\x5c\x01\xc8\x15\x80\x5c\x01\xc8\x15\x80\x5c\x01\xc8\
\x15\x80\x5c\x01\xc8\x15\x80\x5c\x01\xc8\x15\x80\x5c\x01\xc8\x15\
\x80\x5c\x01\xc8\x15\x80\x5c\x01\xc8\x15\x80\x5c\x01\xc8\x15\x80\
\x5c\x01\xc8\x15\x80\x5c\x97C\x17C\x97Cs1\x0a@\
\xae\x00\xe4\x0a@\xae\xcb\xa1r=\x01\xe4\x0a@\xae\x00\
\xe4\x0a@\xae\x00\xe4\x0a@\xae\x00\xe4\x0a@\xae\x00\xe4\
\x0a@\xae\x00\xe4\x0a@\xae\x00\xe4\x0a@\xae\x00\xe4\x0a\
@\xae\x00\xe4\x0a@\xae\x00\xe4\x0a@\xae\x00\xe4\xba\x1a\
\xb6\x18\xba\x1a\x96\x8bQ\x00r\x05 W\x00r]\x0d\
\x93\xeb\x09 W\x00r\x05 W\x00r\x05 W\x00\
r\x05 W\x00r\x05 W\x00r\x05 W\x00r\
\x05 W\x00r\x05 W\x00r\x05 W\x00r\x05\
 W\x00r\x05 W\x00r\x05 W\x00r\xc3\x8b\
!\xdf\x81\xdbgX\x8en\xfb.\xbe\x83\xd9\x0c\x86O\
\x80o\xf6U\x119\xda\xeba\x00\x9f\xed\xab\x22\xf2a\
6\xd5a\x00\xef\xec\xab\x22r\xb4\xd7\xc3\x8b\x9b+\xc0\
\x1e\xb0f_\x9d\x91\xdb\x07\xee\x01\xbf8\xf6\x04\x98\x1c\
\x0c^\xd8WG\xe0\xf9l\xf3'\x96\x8f\xcd\xf7\x0bp\
\x0bxl_\xa5\x91z\x09\xbc\x9a7\xb5I\x14\xaf\xa7\
\x7f\xee5\xc63\xde\xfc\xe5\x17\xfeTO\x81\xdd\x02X\
\xf81\xd9\xc3\xcd\x936z\xde\x7f\xef\x98\x1c\x0c\xb7\x80\
\x0d\xe0>\xb0\x0a\xdcp>=\x17\xc6\xef\xe9A\xef#\
\xb0\x03\xbc\x1d~\xf0\x93$S\xc0\x1fv}\xe4\xd4\xd4\
\xc7 e\x00\x00\x00\x00IEND\xaeB`\x82\
\x00\x00\xcc\x1c\
\x89\
PNG\x0d\x0a\x1a\x0a\x00\x00\x00\x0dIHDR\x00\
\x00\x00\x80\x00\x00\x00\x80\x10\x06\x00\x00\x00\x93\xae\xbd\x88\
\x00\x00\x00\x09pHYs\x00\x00.#\x00\x00.#\
\x01x\xa5?v\x00\x00\x06uiTXtXML\
:com.adobe.xmp\x00\x00\
\x00\x00\x00<?xpacket beg\
in=\x22\xef\xbb\xbf\x22 id=\x22W5M\
0MpCehiHzreSzNTc\
zkc9d\x22?> <x:xmpm\
eta xmlns:x=\x22ado\
be:ns:meta/\x22 x:x\
mptk=\x22Adobe XMP \
Core 6.0-c002 79\
.164460, 2020/05\
/12-16:04:17    \
    \x22> <rdf:RDF \
xmlns:rdf=\x22http:\
//www.w3.org/199\
9/02/22-rdf-synt\
ax-ns#\x22> <rdf:De\
scription rdf:ab\
out=\x22\x22 xmlns:xmp\
=\x22http://ns.adob\
e.com/xap/1.0/\x22 \
xmlns:xmpMM=\x22htt\
p://ns.adobe.com\
/xap/1.0/mm/\x22 xm\
lns:stEvt=\x22http:\
//ns.adobe.com/x\
ap/1.0/sType/Res\
ourceEvent#\x22 xml\
ns:photoshop=\x22ht\
tp://ns.adobe.co\
m/photoshop/1.0/\
\x22 xmlns:dc=\x22http\
://purl.org/dc/e\
lements/1.1/\x22 xm\
p:CreatorTool=\x22A\
dobe Photoshop 2\
1.2 (Windows)\x22 x\
mp:CreateDate=\x222\
023-11-07T15:20:\
05+08:00\x22 xmp:Me\
tadataDate=\x222023\
-11-07T15:20:05+\
08:00\x22 xmp:Modif\
yDate=\x222023-11-0\
7T15:20:05+08:00\
\x22 xmpMM:Instance\
ID=\x22xmp.iid:da9d\
bb9d-96cf-2944-b\
14e-d48272a530dd\
\x22 xmpMM:Document\
ID=\x22adobe:docid:\
photoshop:5ed655\
1f-6e67-fa43-b5f\
8-77b39c2cfa1a\x22 \
xmpMM:OriginalDo\
cumentID=\x22xmp.di\
d:23818eef-4531-\
454a-a612-afab00\
519b05\x22 photosho\
p:ColorMode=\x223\x22 \
photoshop:ICCPro\
file=\x22sRGB IEC61\
966-2.1\x22 dc:form\
at=\x22image/png\x22> \
<xmpMM:History> \
<rdf:Seq> <rdf:l\
i stEvt:action=\x22\
created\x22 stEvt:i\
nstanceID=\x22xmp.i\
id:23818eef-4531\
-454a-a612-afab0\
0519b05\x22 stEvt:w\
hen=\x222023-11-07T\
15:20:05+08:00\x22 \
stEvt:softwareAg\
ent=\x22Adobe Photo\
shop 21.2 (Windo\
ws)\x22/> <rdf:li s\
tEvt:action=\x22sav\
ed\x22 stEvt:instan\
ceID=\x22xmp.iid:da\
9dbb9d-96cf-2944\
-b14e-d48272a530\
dd\x22 stEvt:when=\x22\
2023-11-07T15:20\
:05+08:00\x22 stEvt\
:softwareAgent=\x22\
Adobe Photoshop \
21.2 (Windows)\x22 \
stEvt:changed=\x22/\
\x22/> </rdf:Seq> <\
/xmpMM:History> \
<photoshop:Docum\
entAncestors> <r\
df:Bag> <rdf:li>\
01BF022C90772C15\
37542B16C33E7A9A\
</rdf:li> </rdf:\
Bag> </photoshop\
:DocumentAncesto\
rs> </rdf:Descri\
ption> </rdf:RDF\
> </x:xmpmeta> <\
?xpacket end=\x22r\x22\
?>\x1a\xf3\xb20\x00\x00\xc5MIDATx\x9c\
\xec\xbd}\x5c\x5c\xd5\xb5\x06\xfc\x9c3g>\x99\x19\x08\
\x19>B\x08\x99 \x12DDB\x10\x91 FDJ\
\x11S\xa4\x111F\x8ciLS\x9aRJcDJ\
1\xe6R\xa4\x91\x12\x8ai\x8c)r1\x22\xa6\x91\x9b\
b\x8a\x11)RD\x12\x11)\x22\xa51\xa6\x04\x91 \
\x12B\xc80\xcc\xf7\x9c\x8f\xf7\x8f\x99\xc3I\x03C\xbe\
\xb8\xf7\xbe\xef\xef\xbd\xcf\x1fY?&\xe7\x9c\xbd\xcf>\
g\xaf\xb3\xf7Z\xcfZ\x8b\xe08\x8e\xe38\xfc\x1f\xfe\
\x0f\xff\x87\xff\x1f\x82\xfc\xdf\xee\xc0\xff\xe1\xff\xf0\x7f\xf8\
\xdf\x03u\xe5\x0f\x87}\x0f\xfb\x1e\xf6\x15\xfe&=H\
\x0f\xd2\x03 \x8f\x91\xc7\xc8c\xc0\xfa\xe0\xf5\xc1\xeb\x83\
g_(`*`*`\x0aP\xa4(R\x14)\x80\
\xbcM\xde&o\x03<\x8a=\x8a=\x8a\x01M\x9f\xa6\
O\xd3\x07\x10\x12BBH\x80\x0b\xf1\x17\xe2/\xc4\x03\
S\x05S\x05S\x05\x80q\xc88d\x1c\x02\xa6\x07\xa6\
\x07\xa6\x07\x80\xd1\xbbF\xef\x1a\xbdkv;\xf5\xcaz\
e\xbd\x120\x1c6\x1c6\x1c\x06\xc8v\xb2\x9dl\x07\
\x14\xed\x8avE;\xb0\xbes}\xe7\xfa\xce9\xfag\
\x0c0\x06\x18\x01E\xb8\x22\x5c\x11\x0e(\xea\x15\xf5\x8a\
z\xc0\x9dr\xa7\xdc)\xc0'\xda'\xda'\x1a\xd0\x17\
\xe9\x8b\xf4E\x80n\x93n\x93n\x13\xa0\xef\xd6w\xeb\
\xbb\x81\xe9\xbe\xe9\xbe\xe9>\xe0\x89\xfdO\xec\x7fb?\
P\xf2m\xc9\xb7%\xdf\x0a\xd7\xef)\xee)\xee)\x06\
\xc6\xfd\xc7\xfd\xc7\xfd\x81Q\xc5\xa8bT\x01\xf8\xfb\xf9\
\xfb\xfa\xfb\x01\x9a6M\xbb\xa6\x0d\x88,\x8c,\x8c,\
\x14\xce+|\xad\xf0\xb5\xc2\xd7\x80\x9a\xf0\x9a\xf0\x9ap\
`\x91r\x91r\x91\x12P\xa7\xa9\xd3\xd4i\x80G\x80\
G\x80G\x00\xe0\xa1\xf3\xd0y\xe8\x00\xd2\x93\xf4$5\
\xc0t\xc9t\xc9t1`\xf23\xf9\x99\xfc\x00\x8b\x87\
\xc5\xc3\xe2\x01\xbcd\x7f\xc9\xfe\x92\x1dX\xe3\xbdF\xb3\
\xc6[h\x87`\x08\x8e`\xd6\xc49\xfe\xfa\xf9\xcf\x1c\
r\xedZ\x87\xfc\xb0U\xa2\x96\xa8%\xea\x9c\x9f\x9b?\
3\x7ff\xfe\xec\xc28\x7f\xde\xfdw\xde\x7f\xc7\xfdw\
\x02J\x85R\xa9T\x00d\x19YF\x96\x01\x92\xd3\x92\
\xd3\x92\xd3\x80:E\x9d\xa2N\x01\xcc\x15\xe6\x0as\x05\
0\x1e:\x1e:\x1e\x0a\x98\x1aM\x8d\xa6F\xe0R\xfe\
\xa5\xfcK\xf9\xc0\xd4\xe8\xd4\xe8\xd4(0\xf6\xfd\xb1\xef\
\x8f}\x1f@(B\x11*\xf4\xef\x9d\xdd\xef\xec~g\
7`(4\x14\x1a\x0a\x01\xf2\x14y\x8a<\x05(\x86\
\x14C\x8a!\xe0\xd1\xd4GS\x1fM\x9d\xe7\xbd\xe3\x9f\
k\x83\xa2A\xd1p\x0d\xcf\xb5S\xdf\xa9\xef\x04\xa6O\
M\x9f\x9a>5\xcfs-\xe9)\xe9)\x01\xc6\xb7\x8c\
o\x19\xdf\x02|\xa7\xfdN\xfb\x9d\x16X2\xb4dh\
\xc9\x10\xe0]\xe5]\xe5]\x05D\x16D\x16D\x16\x08\
\xe7=\xff\xdc\xf3\xcf=\xff\x1cPg\xab\xb3\xd5\xd9\x00\
\x95\x9f\xcaO\xe5\x07\xa8\x0e\xa9\x0e\xa9\x0e\x09\xf3B\xdd\
\xaf\xeeW\xf7\x03\xfa0}\x98>\x0c\xd0\xe5\xeb\xf2u\
\xf9\xc0t\xe6t\xe6t&0MMS\xd3\x94\xeb\xfe\
u\x93\xddd7\x09\xd0\x8dt#\xdd\x08\x0cE\x0dE\
\x0dE\xcd\x1e\xa7L\xefL\xefL\xef\xd9\xbf_\xf3\x0a\
\x80H#\xd2\x88\xb4y\xfe\x7f\x9c\x18'&\x00\x22\x94\
\x08%B\x01\xb2\x90,$/{\xd1\xaf|\xe03\xe7\
m%\xb6\x12[\x01r\x0fYJ\xee\x01\x10\x8c`\xcc\
\xa1`f\x90\x82\x14\xa4\x5c\xc7\xef\x97\xf7o\x5ch\x8f\
P\x10\x0aBq\xd9\x01\x11\x88@\xc4\xec\xf3D\x99\xa2\
LQ&@\xd8\x08\x1ba\x030\x81\x09L\xcc\xd1\xc0\
&l\xc2&\x00\xeb\xb0\x0e\xeb\x00\xa2\x93\xe8$:\x01\
.\x88\x0b\xe6\x82\x00b\x88\x18\x22\x86f\x9fF\x8dS\
\xe3\xd48 a%\xac\x84\x05d\xc5\xb2bY1 \
\x8b\x92E\xc9\xa2\x00q\x8e8G\x9c\x03hOkO\
kO\x03\x92JI\xa5\xa4\x02\xd0[\xf4\x16\xbd\x05\xb8\
\xd5\xe3V\x8f[=\x00\xa5\x9f\xd2O\xe9\x07tGw\
GwG\x03n'\xdc>q;\xe1\xe9\xe9\x98\xf8o\
\xbf\xedh\xed\xd8\xbb\x0e\xf9h\x86Cz9_\x89\xcc\
L\x9b\xde\xa6\xb7\xe9\x1b\xff\x22Z)Z)ZYT\
43n\xeb\x884b\x1d@uS\xddT7\xb0r\
t\xe5\xe8\xcaQ\xc0\xfb\x90\xf7!\xefC\x80\xfb\x11\xf7\
#\xeeG\x80\x90\xb6\x90\xb6\x906@^$/\x92\x17\
\x018\x89\x938\x09\x88\xfb\xc5\xfd\xe2~@\x9c$N\
\x12'\x01\x08A0B\xe6x>\xa7\x89\xd3\xc4i\x80\
\x8c#\xe3\xc88\x80\xa8$*\x89J\x80\xc8'\xf2\x89\
|WO\x15 \xc6\x881b\x0c \xb6\x12[\x88\xad\
\x00\xa1&\xd4\x84\xfa\xb2\x03\x5c=\xd7\x0cQ\x86(\x03\
 h\x82&h\xd7\xd7\x9fy\xaeW\xb6\x9bJ\xa4\x12\
\xa9\x00\xd1K\xf4\x12\xbds\x9cw\x0a\xa7pJ\xb8/\
\xd1A\xd1A\xd1\xc1\xcb\xfe?\x08A\x08\x02\x10\x8bX\
\xc4\xce>\x9d\xcc&\xb3\xc9\xec\xcb\xde;WX\x8ft\
\xac\x9f\xe7\xff\xaf\x02\xd7\x0a`\x036`\x03\x80z\xd4\
\xa3\x1e@6\xb2\x91=\xcf\x85\xb2\xc9lr\x1b@\xec\
 v\x10;\x00\xa4#\x1d\xe9\x00\xbc\xe1\x0do\xcc\x0c\
\x88\xab\x07B\x1e'\x9b\xc8\xe3\x00YL\xee&\x8b\xe7\
\xe9q*R\x91z\x99,E)J\x01\xe4\x22\x17\xb9\
\xf3\xf4/\x97\xcc%s\x01\x22\x97\xc8%r\x01b=\
\xb1\x9eX\x0f\xc0\x17\xbe\xf0\x05\xd0\x8b^\xf4\x02\x08D\
 \x02/;Q\x09%\x94\x00\x99@&\x90\x09\x00w\
\x86;\xc3\x9d\x99}\xfd\x19\xc5\xc2\xbf\x18-D\x0b\xd1\
\x02PAT\x10\x15\x04\x88<E\x9e\x22\xcf\xd9\xe7)\
\xdeV\xbc\xadx\x1b\x10\x85\x88BD!\x00{\x8c=\
\xc6\x1e\x03\x98t&\x9dI\x07\x96\x1b\x96\x1b\x96\x1b\x80\
\xf3\x9b\xcfo>\xbf\x19P\xd7\xaak\xd5\xb5\xc03_\
>\xf3\xe53_\x02\xdfj\xbe\xd5|\xab\x01\xfe\x19\xf9\
\xcf\xc8\x7fF\x02\xb9gs\xcf\xe6\x9e\xfd\xedoM1\
\xa6\x18SL\xc7\xc7\x8eV23\x1d\xd2s\x8e\x1e\x5c\
\x8e\xe8h\x87|\xf1E\x87\x22x\xfb\xed\x8f\x8e|t\
\xe4\xa3#Of\xc9\x06e\x83\xb2A\xb1\xe4\x5c\xd5\xb9\
\xaasU\x80\xb4E\xda\x22m\x01\xc2N\x84\x9d\x08;\
\x01\xe8&t\x13\xba\x09@\xd6)\xeb\x94u\x02b\x89\
X\x22\x96\x00d\x03\xd9@6\x00\xd4~j?\xb5\x1f\
\x00\x09j\xae\xb7\x8e\x0c$\xb5d @V\x90\x15d\
\x05@\xe6\x93;\xc9|\x80\x00\x01b\x9e\x1e\x93[\xc9\
\xad\xe4V\x80\xd8Fd\x13\xdb\x00b\x03\xb1\x81\xd8\x80\
\xab?W5\xd4P\x0b\xcf\xd5\x15\xae|\xaeW*\x04\
\xa2\x9f\xe8'\xfa\xe78\xaf\x87\xe8!z\x002\x8b\xcc\
\x22\xb3\x00\x04 \x00\x01\x10\xe6\x03\xaf\x00\x5c\xc1\x03\x1e\
\xf0\x00\xc8D2\x81L\x9c\xe7\xb8Ll@\xe6<\xff\
\x7f\x15\xccz\x14T-UK\xd5\x02\xe2&q\x93\xb8\
\x09\x10\x05\x88\x02D\x01\xc0\x1a\xdb\x1a\xdb\x9ay4\x11\
w\x9a;\xc5\x9d\x06\xe8\x1c:\x87\xce\x01\xd8\x0d\xec\x06\
v\x03`\xaa1\xd5\x98j\x80\x09r\x82\x9c \x81\x0b\
\xc1\x17\x82/\x04\x03\xa6C\xa6C\xa6C\x80}\xb3}\
\xb3}3\xc0\x8c2\xa3\xcc(\xc0\xe98=\xa7s\xdd\
N\x5c@\x5c@\x5c\x00\xa0\xda\xa6\xda\xa6\xda\x06(\x03\
\x95\x81\xca@ >/>/>o\x9e\xfe\xb5p-\
\x5c\x0b@G\xd3\xd1t4@\x9f\xa6O\xd3\xa7\x01s\
\xac9\xd6\x1c\x0b\x9c\xaf:_u\xbe\x0a\xd0\xc7\xe8c\
\xf41\x80y\xd8<l\x1e\x06\xe8#\xf4\x11\xfa\x08\xc0\
\x98\x18\x13c\x02\xb8\x0e\xae\x83\xeb\x98}\xfdU\xc7W\
\x1d_u\x1cPIT\x12\x95\x04PiUZ\x95\x16\
P\x1fV\x1fV\x1f\x06\xc2\xf7\x84\xef\x09\xdf3\xfb<\
\xcfC\x9e\x87<\x0f\x01b\x85X!V\x00\x9e\x01\x9e\
\x01\x9e\x01\x80r\x8br\x8br\x0b`+\xb1\x95\xd8J\
\x80\xe0\xdb\x82o\x0b\xbe\x0d\x08x!\xe0\x85\x80\x17\x80\
\x9a\xafk\xbe\xae\xf9Z,y\xd7\xf6\xae\xed]\xdb\x93\
Y\xc3\xed\xc3\xed\xc3\xedG\xfe\xe4\xb8\xea/\x9d#q\
\xdb\x1ck\xae\xeb\x01\xaf8\x0e\xbdq$\xf1H\xe2\x91\
\xc4\xdf\xbetd\xe8\xc8\xd0\x91\xa1\xa8\xa8\xaf\xc8\xaf\xc8\
\xafH\xe0R\xf5\xa5\xeaK\xd5\x80\xf4\x90\xf4\x90\xf4\x10\
\xe0\xa6vS\xbb\xa9\x01i\x864C\x9a\x01H\xdb\xa5\
\xed\xd2v@2\x22\x19\x91\x8c\xb8n)\xbd8\xbd$\
\xbd\x18P\xd6*k\x95\xb5\x80[\x85[\xa5[\x05p\
\xdf\xa1\xfb\x0e\xddW\xeb\xfa<\xd6\x8f\xf5c\xfd\x00Z\
Ckh\x0d`\xdfg\xdfg\xdf\x07\x98\x0f\x99\x0f\x99\
\x0f]\xf6\x5cc\xf5\xb1\xfa\xd8\xcb\x9e\xeb6z\x1b\xbd\
\x0d`K\xd8\x12\xb6\xc4\xf5\xf5W5\xaej\x5c\xd5\x08\
\xa8\xfcT\xbe*?@\x15\xa7\x8aS\xc5\x01\xaab\xd5\
nU1\x10q*\xe2T\xc4\xa99Nt~\x90\xd8\
N\xb6\x93\xed\x04\xe8v\xba\x9dn\x07,\xa9\x96TK\
*0]0]0]\x00\x9c\x1f9?r~\x04\x98\
\xde?\xbd\x7fz?`\x89\xb1\xc4Xb\x00\xa6\x9a\xa9\
f\xaa\x01\xb6\x84-\x9d\xaf\x7fQ\xe9Q\xe9Q\xe9\x80\
-\xd0\x16h\x0b\x04d\x01\xb2\x00Y\x00 \xed\x90v\
H;\x00\xe9v\xe9v\xe9v\xd7\xe7\xcf\xb2\x01\xacO\
\x5c\x9f\xb8>\x11\xc2\x17\x9bG\x1e\xf20\xcf\x04c3\
\xd9\x0dl&`\xaf\xb3\xd7\xd9\xeb\x00K\x91\xa5\xc8R\
\x04\xb0\xd1l4\x1b\x0d\xb05l\x0d[\x03\xa0\x19\xcd\
h\x06,u\x96:K\x1d\xc0\xb42\xadL+`\x1b\
\xb4\x0d\xda\x06\x01v3\xbb\x99\xdd\xec\xba\x1d\xdf\xb5\xbe\
k}\xd7\x02?\x5c\xfb\xc3\xb5?\x5c\xeb\xfa\xb8Y\xfd\
\xdb\xceng\xb7\x03\xf6\xc3\xf6\xc3\xf6\xc3\x80\xb5\xd2Z\
i\xad\x14\xee\x8bQ3j\xc6\x03`\xca\x982\xa6\x0c\
\xb0E\xdb\xa2m\xd1\x805\xd6\x1ak\x8d\x05\xe8\x06\xba\
\x81n\x00\xd8<6\x8f\x9dg\x1cb\xdbb\xdbb\xdb\
\xae\xbd_&\xadIk\xd2\x02\xca\x8d\xca\x0d\xca\x8d\x00\
\xa1%\xb4\x84\x16X\xd1\xbf\xa2\x7fE?\xf0\xed\xc4\xb7\
\xe3\xdfN\x00\x98\x84\x0e\x93\xc0\x01\xf9\x01\xf9\x01\xf9=\
\xceE\xe3c\x8f:\xe4\xcfs\xaf\xbd\xc5\x9b\xc1/\x9c\
w\xfe\xf0\xba\xa6\xd0\xa6\xd0\xa6\xd0\xb6\xb6fC\xb3\xa1\
\xd9P\xf0\xab\xac\x97\xb2^\xcaz\xe9\xc2\xb8/\xe9K\
\xfa\x92\x80y\xady\xady-`;n;n;\x0e\
\xb0\xe9l:\x9b~\xf5\x16\x1e\xa9|\xa4\xf2\x91\xcak\
\xef\x11\xdb\xc1v\xb0\x1d\x80\xd5b\xb5X-\x80(]\
\x94.J\x07\x88.\xa2\x8b\xe8\x02\x98&\xa6\x89i\x02\
\x98R\xa6\x94)\x05l\x93\xb6I\xdb$`\x8b\xb7\xc5\
\xdb\xe2\x01:\x81N\xa0\x13\x00d!\x0bY\xae\xdb\x89\
m\x88=\x16\xdbp\xed\xfdB\x1c\xe2\x10\x070\x1b\x99\
\x8d\xccF\xc0\xb6\xdd\xb6\xdd\xb6\x1d@\x02\x12\x90\x00\xe0\
4N\xe34@%R\x89T\x22@\xebh\x1d\xad\x03\
\xec5\xf6\x1a{\xcde\xfd\xdbA\xef\xa0w\x5c\xbd\x7f\
\xf1!\xf1!\xf1!\x00,\xb0\xc0r\xd9\x7f\xf0+q\
\x17\x98\xa5\x00n\x14\xc6\xb5\xc6\xb5\xc6\xb5\x80\xcc_\xe6\
/\xf3\x07\xb0\x0b\xbb\xb0\x0b`\xc6\x99qf\x1c\xb07\
\xd8\x1b\xec\x0d\x00\x22\x11\x89H\x80)b\x8a\x98\x22\xc0\
\x9eg\xcf\xb3\xe7\x01\xf6 {\x90=\x08`7\xb2\x1b\
\xd9\x8d\x0b\xd5\xab\xcb\xfa\x17i\x8c0F\x022\xadL\
+\xd3\x02(G9\xca\x01\xba\x9b\xee\xa6\xbb\x01\xc9\xa0\
dP2\x08\xd0yt.\x9d\x07\xd0\xc7\xe9&\xfa8\
`\x8f\xb7\xc7\xdb\xe3\x01\xa6\x90)d\x0a\x01\x0cc\x18\
\xc3\x00\x96c9\x96\xdf|\xbfVl\x5c\xb1q\xc5F\
\xc0\xffA\xff\x07\xfd\x1f\x04\x866\x0cm\x18\xda\x00(\
\xfd\x95\xfeJ\x7f\xe0\xcf\xb5\x7f\xae\xfds\xad\x8f/\x92\
\x90\x84\xa4\xdf\xbe\xe48\x8b7\xe6\x05\xcd\xb7\x88\xbc\x06\
\xf0\xc6>\xde\x16p\xad\xe0\xdb\x0d\x0ab\x95\xac\x92U\
\xde\x16R\x83\x1a\xd4\xa0\xe1\xddG\x8f=z\xec\xd1c\
\xbf\xaf\xbc\xa8\xbc\xa8\xbc\xa8\xb4\xdb\x88\x09b\x82\x98\x00\
\xbc7xo\xf0\xde\x00\xe0i<\x8d\xa7o\xae\xd7\x97\
\xc3x\xd8x\xd8x\x18\x905\xcb\x9ae\xcd\x80\xd9\xd7\
\xeck\xf6\x05\xe8b\xba\x98.\x06$\x03\x92\x01\xc9\x00\
@\x97\xd2\xa5t)@\x1f\xa0\x0f\xd0\x07\x00\xfb\x84}\
\xc2>\x01\xd0[\xe9\xad\xf4V\x006\xd80\xdf^\xfb\
:A\xec'\xf6\x13\xfb\x01S\xb7\xa9\xdb\xd4\x0d\x88\x83\
\xc5\xc1\xe2`\xc0\x92bI\xb1\xa4\x00t-]K\xd7\
\x02\xd4\x19\xea\x0cu\x06\xa0\xc7\xe91z\x1c\xa0\xf3\xe8\
<:\x0f\xb0\x1b\xec\x06\xbb\xe12\x05\xf5\xdf\x84\x05S\
\x00^j/\xb5\x97\x1a8_}\xbe\xfa|5\xc0\xe8\
\x19=\xa3\x07,{,{,{\x00r;\xb9\x9d\xdc\
\x0e\x10\x01D\x00\x11\x00p6\xce\xc6\xd9\x00v7\xbb\
\x9b\xdd-L|6\x9c\x0dg\xc3\x17\xaaW\x00\x061\
\x88A\xc0K\xe1\xa5\xf4R\x00\xe3\x9e\xe3\x9aqO\x80\
\x19b\x86\x98!\x80h \x1a\x88\x06\xc1\xdb\xc1\x15r\
\x85\x5c\xa1\xf0ea\xb7\xb0[\xd8-\x00\x17\xca\x85r\
\xa1\x00w\x98;\xcc\x1d\x06\xf0\x11>\xc2G7\xdf=\
ZI+i%0919>9\x01\xb8\x19\xdc\x0c\
n\x06\xe0\xcf\xe3\x7f\x1e\xff\xf3\xf8\xce\x9d\x8e\x89\x9f\xf4\
\xa0\xe3\xe8\x07\xe6\xdb\x0d^\x07\x9a\x9a\x1c\xb2\xbb\xdb!\
\x0b\x0b]\x1f;\x17,\xceo\x8cL\xe6\x90\xbcBZ\
\x13\xf7\x8e\xed\x1d\xdb;6\xbf%\x98\xc4$&?\xfc\
\xdb#g\x1e9\xf3\xc8\x99\xf7\x1a\xbf\xdd\xf3\xed\x9eo\
\xe7\xd8\x02\xdd0\x8e\xa1\x01\xc7\x00\xaf)\xafi\xaf)\
\xe0\xbc\xfa\xbc\xfa\xbc\x1a`2\x98\x0c&\x03\xb0\xb6[\
\xdb\xad\xed\x00\xa9&\x95\xa4\x1a\xe0vr;\xb9\x9d\x00\
[\xcc\x16\xb3\xc5\x00\x17\xc1Ep\x11\x00\xabcu\xac\
\x0e\x80\x1ez\xe8\x17\xae{\xcc.f\x17\xb3\x0b@\x1b\
\xda\xd0\x06L{O{O{\x0b\xc6T~\x1e\x90\xf5\
d=Y\x0f\xb0zV\xcf\xea\x01\xb6\x94\xdd\xc3\x96\x02\
\x5c\x18\x17\xc6\x85\x01\xec\x00;\xc0\x0e,\x5c\xbff\x81\
'\x02\xf1rI\xc7\x92\x8e%\x1d\x80\x9f\x87\x9f\x87\x9f\
\x07\xe0\xa7\xf1\xd3\xf8i\x00\xdf\x22\xdf\x22\xdf\x22\xc0\x07\
>\xf0\x01\xe0\x11\xee\x11\xee\x11\x0e\xacl_\xd9\xbe\xb2\
}\xf6unVjj45\x9a\x1a\xc0;\xcf;\xcf\
;\x0f\xf0\xcd\xf0\xcd\xf0\xcd\x00\xfc\xa2\xfd\xa2\xfd\xa2\x81\
\xa5qK\xe3\x96\xc6]\xd6\xbfb\xdfb\xdfb\xc0\x9b\
\xf6\xa6\xbdi\xc0\xc3\xc3\xc3\xc3\xc3\x03Xyd\xe5\x91\
\x95G\x16\xae_\x85\xad\x85\xad\x85\xad\x80O\xbcO\xbc\
O<\xb0\xacfY\xcd\xb2\x1a @\x17\xa0\x0b\xd0\x01\
\xb7x\xdf\xe2}\x8b7p\xab\xecV\xd9\xad2 h\
G\xd0\x8e\xa0\x1d@hBhBh\x02\xb0j`\xd5\
\xc0\xaa\x01\xe0\xce\xc9;'\xef\x9c\x04Z\xcf\xb6\x9em\
=\xcb?\x8d\xf8x\x87|\xe5\x15\x87\xbcx\x91\x7fJ\
\x0b#y\xeb~ttXuXuX\xb5B\xf1\xef\
\xbf\x7f\xfa\xe9\xc2\xb67\xf6\x9dC\xbe\xfd\xb6\xcf\xa0\xcf\
\xa0\xcf\xa0\xa7gxxxxx8\xf0h\xe4\xa3\x91\
\x8fF\x02wPwPwP\xc0m\xca\xdb\x94\xb7)\
\x81 \xcf \xcf O 0>0>0\x1e\x08l\
\x0al\x0al\x02\x026\x06l\x0c\xd8\x08\xf8\xf8\xfb\xf8\
\xfb\xf8\x03ayayay\x00\xb7\x97\xdb\xcb\xed\xbd\
\xf9\xe7\x9a\xaf\xcf\xd7\xe7\xeb\x01\xcd\x0e\xcd\x0e\xcd\x0e\xc0\
[\xeb\xad\xf5\xd6\x02>\x06\x1f\x83\x8f\x01X\xa2]\xa2\
]\xa2\x05\x96\x86/\x0d_\x1a\x0e,\xc9^\x92\xbd$\
\x1b\xf0-\xf1-\xf1-\x014\xa1\x9aPM(\xe0y\
\xd4\xf3\xa8\xe7Q\xe0\xb9\x81\xe7\x06\x9e\x1bX\xb8\xf7\xee\
y\xbf\xe7\xfd\x9e\xf7\x9b\xa3\x7f\x13>\x13>\x13\xc0\x92\
\x98%1Kb\x00\xbf#~G\xfc\x8e\x00KN-\
9\xb5\xe4\x14\xb0\xe4\xe4\x92\x93KN\xba\xbe\xee\xac\x15\
\x80*H\x15\xa4\x0a\x02\xc8\x182\x86\x8c\x01\x88\xdd\xc4\
nb7@W\xd0\x15t\x05`\x0f\xb3\x87\xd9\xc3\x00\
\xd1f\xd1f\xd1f\xe0\x82\xfe\x82\xfe\xc2\x02jN\x1e\
d\x1f\xd9G\xf6\x01\x92ZI\xad\xa4\x16\x10\xb7\x8a[\
\xc5\xad\x80\xb8R\x5c)\xae\x04D\xb9\xa2\x5cQ.\x80\
Nt\xa2\x13\xb0\xa7\xd8S\xec)\x80\x9d\xb4\x93v\x12\
\xa0r\xa8\x1c*\x07\xb8\xc0^`/\xb0\x0b\xd7/\xc5\
\xc3\x8a\x87\x15\x0f\x032\xa3\xcc(3\x02\x8a>E\x9f\
\xa2O\xf8\x7fI\x9a$M\x92\x06H\xd6K\xd6K\xd6\
\x03b\x93\xd8$6\x01\xeaFu\xa3\xba\x11\x98\x08\x9a\
\x08\x9a\x08\x02>\xc7\xe7\xf8\x1c\xe1\xe1\x8e-\xe1s\xcf\
9\xce~\xc8\xe9\xc8t\xf7X\x98\xdevu9dS\
\xd3\xca\x84\x95\x09+\x13\xca\xca\x12:\x13:\x13:M\
\xa6\x88g\x22\x9e\x89x\x06h9\xdcR\xd7rx\xf7\
\xeew6\xbd\xb3\xf9\x9dMo\x1cr\xec!K\x9d[\
\x8d\x07\x9c\x8b\xcf\xeb\xdd\x22\xf0\xf0q2J23\xcf\
\x07\x9e\x0f<\x1f\xb82\xf8<\xce\xe3<>l\x1d\xcc\
\x1b\xcc\x1b\xcc{\xe9\xa5\xc0\xd6\xc0\x96\xc0\xd6\xc9IM\
\x83\xe6\x98\xa6\x01`\xfa\x98>\xa6\x0f\xb0\x8f\xd9\xc7\xec\
c\x80=\xc7\x9ec\xcf\x01\xec\xac\x9d\xb5\xb3\x80B\xa6\
\x90)d\x80n\xabn\xabn+\x80\x15X\x81\x157\
3FN\x8cb\x14\xa3\x80h\x8fh\x8fh\x0f \x09\
\x92\x04I\x82\x00q\x83\xb8A\xdc\x00P\xa9T\x0a\x95\
\x0aP\xde\x94/\xe5\x0d\xd0]t\x17\xdd\x05\xd0it\
\x1a\x9d\x06p\xe5\x5c9W\x0eL\xad\x9dZ;\xb5\x16\
\x10\xe5\x88rD9\x00\xde\xc4\x9bxs\x01\xfa\xe7\x04\
UF\x95Qe\x80\xb8\x5c\x5c..\x07\xc4z\xb1^\
\xac\x07\xa86\xaa\x8dj\x03DgDgDg\x84\x15\
\x05\x7f_.\xafw\xe5\x0fnanana\x82\xbb\
\x8c\xdf\xf3\xb2\xddl7\xdb-\x18\xf7\xb0\x1d\xdb\xb1]\
P\x04x\x08\x0f\xe1\xa1\x85\xbbQr\x94\x1c%G\x85\
\x89/;&;&;\x06\x88\xd6\x8b\xd6\x8b\xd6\x03\xb2\
\xcd\xb2\xcd\xb2\xcd\x98q\xd3\xf1[8\xdb\xa8m\xd46\
\x0a\x10\x07\x88\x03\xc4\x01@T *\x10\x15\x5c\xad\xb5\
kGpxpxp\x04`\xba\xd5t\xab\xe9\x16`\
q\xda\xe2\xb4\xc5i\x80(F\x14#\x8a\x01\x16%-\
JZ\x94\x04\xb8\xa5\xb8\xa5\xb8\xa5\x00g\x8b\xcf\x16\x9f\
-\x06N\x15\x9e*<U\xe8\xe9\xa9\xdb\xa8\xdb\xa8\xdb\
X\xf4k\xc7\xd5\xf8%}X\xd8\xc2\xf4n\xd4\xf9\xa8\
\xdb\xda@\x81\x02U\xf0\xab\xe4\xa3\xc9\xf5\xc9G\xbf\x19\
\xbaC\x7f\x87\xe1\x0e=\x10$\x0a\x12\x05\x89\x00T\xa0\
\x1c\x15\xc0\x8a\x1f\xaf\xf8\xc9\x8a\x1f\x03?\xce\xffq\xfe\
\x8f\xf3\xbf\x19rL\xd4\xc7\x1fo\xc8j\xc8j\xc8J\
Jr\x5c/\xf9{\x0e\xb9\xddiO\x16Kn\xac\x7f\
\xab\x22yi(7\x94\x1b\xca\x83\x82\xfa\xca\xfb\xca\xfb\
\xca\x1b\xdeM\x92$I\x92$\x7f:L\x1f\xa2\x0f\xd1\
\x87,\x16\xcf*\xcf*\xcf*\xc1V4\x1a<\x1a<\
\x1a\x0c\x88\xeb\xc4u\xe2:\xc0Zc\xad\xb1\xd6\x00x\
\x09/\xe1\xa5\x1b\xeb\xcd\xe5\xe0<9O\xce\x13\xa0\x0e\
S\x87\xa9\xc3\x80\x94\x96\xd2R\x1a\x90\x84HB$!\
\x80\xa4Y\xd2,i\x06\xa8\x08\xca\x8f\x8a\x00\xe8 :\
\x88\x0e\x02lm\xb66[;`[o[o[\x0f\
(\x02\x14\x01\x8a\x00\x80k\xe6\x9a\xb9\xe6\x9b\xef\xd7\x95\
\x10\x1d\x16\x1d\x16\x1d\x06\xa4\x1eR\x0f\xa9\x07 -\x96\
\x16K\x8b\x01j;\xb5\x9d\xda\x0e\x88\x8aE\xc5\xa2\xcb\
\xdc\xe8L9S\xce\x94\xbb\xbe\xde,7\xa0{\xa5{\
\xa5{%\xa0\x8eU\xc7\xaac\x01\xf5q\xf5q\xf5q\
@\xe2)\xf1\x94x\x02\x92LI\xa6$\x13\xa0\x86\xa9\
aj\x18 \xb6\x10[\x88-\xae\x1b\xb8@^ /\
\x90\xc0;\xd5\xefT\xbfS\x0d\x1c\xa9;Rw\xa4\x0e\
8\xbf\xe9|\xd6\xf9M\xf3tl\x88\x1c\x22\x87\x00q\
\x85\xb8B\x5c\x01\x88bE\xb1\xa2X\xc0m\xc4m\xc4\
m\x04p\x0fq\x0fq\x0f\x01\xd4\x0d\xea\xa3\xea\x06@\
\xae\x90+\xe4\x0a@\xb2Y\xb2Y\xb2\x19\x10O\x88'\
\xc4\x13\x00\xd9B6\x93-\xae\xdb1\xf7\x9b\xfb\xcc\xfd\
@\xc7\xda\x8e\xb5\x1dk\x81\xc9\x8d\x93\x1b'\xe71B\
^\x08\xba\x10t!\x10X\x9c\xb08aq\x02 \xef\
\x95\xf7\xca{\x81\x90m!\xdbB\xb6\x01S{\xa6\xf6\
L\xed\x01d\xa3\xb2\x11\xd9\xa8X\xd2\x97\xda\x97\xda\x97\
\xbay\xb3c\xe2\xbf\xf5\x96\xe3*\xbc\xd5\xfe\xb69(\
1\x00\xc0\xccGM\x99\x03\xbf\xafp\xc8\xef}o\xe4\
\x81\x91\xfbG\x1ex\xe2\x89\x07\xb5\x0fj\x1f\xd4~3\
\xa4\xaaW\x1dU\xd5\x03n*7\x95\x9b\x0a\xf8\xea\xe9\
\xaf\x9e\xfe\xeai\xe0\xc2\xe8\x85\xb1\x0b\xa3\xc0\xb4rZ\
9\xad\x04\xa6\xb2\xa7\xb2\xa7\xb2\x01Q\x87\xa8]\xd4\x01\
\xdc\x9fr\x7f\xca\xfd)\xcd\xcd\xccW\xccW\xccWy\
\xbft\x5c\x7f\x93\xd3|\xd7\xd6v}\xfds\x85\xb44\
\x87\xac\xf9\xcff[\xb3\xad\xd9V\xfaRkfkf\
k\xe6=\xb1S\xb2)\xd9\x94\x0cP\x85\xa8BT!\
\x80bD1\xa2\x18\x01dc\xb21\xd9\x18\xc0\xc43\
\xf1L\xfc\xd5[h+k+k+\x03\xbe\xb2|e\
\xf9\xca\xe2\xfa8.\x83\xcb\xe02\x00Q\xb2(Y\x94\
\x0c\x88;\xc4\x1d\xe2\x0e\xa7\x02\x08\x05T}\xaa>U\
\x1f\xe0\xde\xe6\xde\xe6\xde\x06\xa8,*\x8b\xca\x02H\x8f\
K\x8fK\x1b\x01\xaa\x98*\xa6\x8a\x01\x91R\xa4\x14)\
!\xf0\x0f\x5c\xe0d\xe6\xc9\xcc\x93\x99\xc0\x9f\xf2\xfe\x94\
\xfb\xa7<\xe0\xc4\xc4\x89\x89\x13s\x11\xcc\xae\x80(U\
\x94*J\x05\xc4\x87\xc4\x87\xc4\x97\xb9\x8f\x95M\xca&\
e\x13\xa0\x1eT\x0f\xaa\x07\x05\xb9(mQ\xda\xa24\
\xd7\xd7\x9b\xa5\x00\xbc\x8a\xbd\x8a\xbd\x8a\x01\xaf*\xaf*\
\xaf*@\xd3\xab\xe9\xd5\xf4\x02\x8a\x1cE\x8e\x22\x07\x90\
\xec\x91\xec\x91\xec\x01\xc4\x94\x98\x12S\x00\xb9\x99\xdcL\
\xce\xe3\xb6\xfb\xdb\xa9\xbf\x9d\xfa\xdb)@o\xd0\x1b\xf4\
\x06`*h*h*\x08\xf8\xc8\xe3#\xcf\x8f<\x5c\
\x9fG\x8c\x12\xa3\xc4( : : :\x00\xc86\
\xc96\xc96\x09~b\xaf \xaf \xaf \xc0k\xbb\
W\x8eW\x0e\xa0<\xa8<\xa8<\x08HJ$%\x92\
\x12@\x1c/\x8e\x17\xc7\x03D%\xb1\x8f\x98\xc7\xad\xf4\
I\xf1'%\x9f\x14\x03\x9f'\x7f\x9e\xfcy2\xf0\xe1\
\xe0\x87\x83\x1f\x0e\xba>~2x2x2\x18\x08\x08\
\x08\x08\x08\x08p\xba\x0f\xd5\xc0E\xddE\xddE\x1d\xf0\
i\xc5\xa7\x15\x9fV\xac\x89{{\xfc\xed\x89\xb7\xc7\xcb\
\x7f\xe78\xeb\xf5\xd7\x1d29\xf9\xdf\xaf&ra\x84\
u\xf5;\x8f\x0f\x9d*\xed\x89'\xb8\xef\xb8\xef\xb8\xef\
r\x7f\xe1\xd8\xd3\xf5\xf7w\x98:,\x1d&\x80\x0e\xa1\
C\xe8\x10\xc0\xbf\xc8\xbf\xc8\xbf\x08\xf8\xf8\xa1\x8f\x1f\xfa\
\xf8!\xc0\x96jK\xb5\xa5\x02\x86\x87\x0d\x0f\x1b\x1e\x06\
Le\xa62S\x19`\x0b\xb0\x05\xd8\x02\x00}\x8e>\
W\x9f\x03H2$\x19\x92\x0c\xa1E\x87\x22\xa8\xab\xfb\
I\xd4O\xa2~\x12\x95\xe4\x5c\x11\xf0\x8a\xe7\x9b\xa1\xf9\
\xfb{\xad\xe0\x15\xe3\x7f\xbe\xfeq\xe3\xc7\x8d\x1f7\x1e\
z\xe3H\xd9\x91\xb2#e~~d>\x99O\xe6\x03\
\xfe[\xfd\xb7\xfao\x054\xcd\x9af\xcd5|aO\
M\x9e\x9a<5\x09|Y\xf0e\xc1\x97\xf3\xac\x04Y\
O\xd6\x93\xf5\x04D\xa5\xa2RQ) N\x10'\x88\
\x13\x00E\x85\xa2BQ\x0e\xb8\xf7\xb9\xf7\xb9\xf7\x01^\
\x81^\x81^\x81\x80\xfb\x88\xfb\x88\xfb\x08 \xdf.\xdf\
.\xdf\x0eH\x86%\xc3\x92a\x80\xdcHn 7\x02\
\xa8A5jf\xb7\xd3[\xdc[\xdc[\x0c\x5cH\xbf\
\x90~!\x1d\x98\x1e\x9e\x1e\x99\x1e\x06&Z'Z'\
Z\x81\xcfk??\xf4\xf9<\xbc\x87\x99\xfe\xed\x10\xef\
\x10\xef\x00\xe4z\xb9^\xae\x07\x94\xd5\xcaje5\xa0\
\xd9\xac\xd9\xac\xd9<[\xba\x82k& \xaf\xc1B\x10\
\x82\x10\x00c\x18\xc3\x18\x80v\xb4\xa3\x1d \x22\x89H\
\x22\x12@\x1a\xd2\x90\xe6\xba\x01\xf4\xa0\x07=\x00\x8aQ\
\x8cb\xcc\xf0\x00n\x1a\xfd\xe8G\xbf\xb3\x7f\xc1\x10\xf6\
:}\xe8C\x1ff\x98\x8c\xc4Q\xe2(q\xd4\xf5e\
be\xb1\xb2X\x19\x10P\x1dP\x1dP\x0dDFF\
FFF\xces\xfch\xech\xec(0\x943\x943\
\x94\x03t\x16v\x16v\x16\x02\xc7\xdb\x8f\xb7\x1fo\xe7\
\xbf\xf0\xef\xfd\xc5!\xf9%\xf3M\xdf\xac\x93k\xb6\xb7\
|\xa3d\xa3d\xa3\xe4\xfb\x0fq?\xe4~\xc8\xfd\xb0\
\xae\x0e\xfbP\x89}\x98al\xfah}\xb4>Z\xc0\
\xecg\xf63\xfb\x01'\x1aN4\x9ch\x00\x16\x9d^\
tz\xd1i\xe0\x5c\xef\xb9\xdes\xbd\xc0\xe8\xf0\xe8\xf0\
\xe80p)\xfbR\xf6\xa5l\xc0\x98c\xcc1\xe6\x00\
,X\xb0\x00\xa6\x0cS\x86)\xc3\xec\x9e\xec{k\xdf\
[\xfb\xde\xb2\xdb\xd8\x0f\xd9\x0f\xd9\x0fs\x7f\xe1\xf85\
\xd1\xe9\xa5xi\x1e\xca\xca\xf5`\xa5se\xf4d\x16\
\x0e\xe30\x0e\xd7\xbfs\xe2\xcc\x893'\xce\xec\xd8\xd1\
U\xdeU\xdeU\xaeR[\xceX\xceX\xe6`d^\
\x89\x15\xb2\x15\xb2\x152 \xd4\x10j\x08\x9d\xe3~x\
\xb0Yl\x16\x9b\x05\x80\x04\x09\x12\xc2@\xb8\xc2\x19\x9c\
\xc1\x19\x00\xe3\x18\xc78\x00\x1dt\xd0\x010\xc0\x04\x03\
\xc0%s)\x5c\xf2\x1c\xe7U\xa0\x02\x15\xc2\x9f\x5c\x1d\
W\xc7\xd5\x01hD#\x1a\xaf~?\x0b\x8dY_\x9a\
\x0b\x85\x17\x0a/\x5c\xee\x14\xaaD\x05*\x01S\xa7\xe9\
\xa4\xa9\x13\xb0\xc5\xda\xe2l\xb1\x80}\xab}\xab}+\
\xc0Ur\x95\x5c%\x80\xe7\xf0\x1c\x9e\x9b\xdd\xc0}\x89\
\xf7%\xde\x97\x08\xb4g\xb6g\xb4g\x02\xdc\x047\xc1\
M\x00\xf7\xe9\xee\x9b\xbcO\xe7\xbac\x9c?\xe7\xc7\xf9\
\x03L6\x93\xcdd\x03\x96jK\xb5\xa5\x1a\x10\x0d\x8a\
\x06E\x83\x00\xeaP\x87:\x80\x8b\xe1b\xb8\x18\xc0\x18\
a\x8c0F\x00V\x89Ub\x95\x006\x7f\x9b\xbf\xcd\
\x1f`\xd3\xd846\x0d\xc0/\xf1K\xfcrv;\xb2\
\x1aY\x8d\xac\x06\x18O\x1cO\x1cO\x04n\xd9w\xcb\
\xbe[\xf6\xb9\xeeW\xdd\x17u_\xd4}!\x96\x9c\xe9\
?\xd3\x7f\xa6\xbf\xf0W\x8e_\xf9\xa0\x9a{b\x1c\xf2\
F\xf7\xc8<L&\x87lh\xe0\xf7\xf2\xcc?\x99\x7f\
2\xff\xfcf\x88\xdcBn!\xb7\x000\xc0\x00\x03\x80\
\x11\x8c\xe22\x86\xdd\xc5\xfd\x17\xf7]\xdc\x0f\x98\x1f1\
\xff\xd0\xfc\x88\x10,\xc5Ox\xe9.\xe9.\xe9.\xc0\
b\xb3\xd8,6@\xaf\xd3\xeb\xf4:\x809\xce\x1cg\
\x8e\x0b\xbc\x0c\xd1\x16\xd1\x16\xd1\x16\x00\xdf\xe0\x1b|3\
G\x17\x9dF\x17\xf6]\xf6]\xf6\xdd\x81\x01\xc7\x87\xa2\
\xe0W\xe4Jr%\xb9\xf2\xc4'\x8e\x83R\xbe\xef\x90\
\xd9N\x129\xbf\xb5\xb9\xda\x0a\xe7J\xf0\xc4\xa7{b\
\x87\x1b\x87\x1b\x87\x1b}|\x1c\x7f\x9f813N.\
0\xb4sh\xe7\xd0N\xe0\xc1\xc9\x07'\x1f\x9ct\xdd\
\x82\xfa'\xea\x1f\xab\x7f\x02\xd0\x8f\xd2\x8f\xd1\x8f\x02\xf6\
m\xf6m\xf6m\x80y\x83y\x83y\x030\xa5\x99\xf2\
\x9c\xd2\x00\xe6Vs\xab\xb9\x15\xb0)l\x0a\x9b\x020\
\x17\x99\x8b\xccE\x80=\xcd\x9efO\x03\x98\x83\xccA\
\xe6 \x80&4\xa1iv;\x11\x13\x11\x13\x11\x13\x80\
q\x97q\x97q\x17`\xc9\xb4dZ2\x01M\x91\xa6\
HS\x04\xac\xda\xb8*k\xd5<[P&\x9f\xc9g\
\xf2\x85\xf9g\xf64{\x9a=\x85\x95\xb8\xb5\xdaZm\
\xad\x9e\xe3\xc4\x9f\xe1g\xf8\xd9\xec\x9fg=\x08~/\
\xc8s\xa0\xe1\x09\x0d<\x01&\x8b\xd9\xc4d\x09Vv\
{\xab\xbd\xd5\xde\x0a\xb0\x9b\xd8M\xec&\xd7\x1d\xf6\xf1\
\xf6\xf1\xf6\xf1\x06\x1e\xad|t\xdf\xa3\xd7\xc3\xf0\x0a`\
\xb5l\x00`\xcf\xb5\xe7\xdas\x01\xd11Q\x83\xe8\x18\
`\x8c2F\x1b\xa3\x04\x82\x11\xaf\x00l;l;l\
;\x00[\xae-\xd7\x96\x0b\xd8O\xdaO\xdaO\x0a~\
|W8\xd9~\xb2\xfdd;\xf0L\xcb3-\xcf\xcc\
c+ \x08\x82 \x08~\xa2?\xf9\xa4Cn\x9eg\
qu#\xd8\xe7T=\x0d\xefr\x8b\xb9\xc5\xdc\xe2\x0f\
[\xb8S\xdc)\xee\x14\xc0\xe98\xdd\xbfQ\xa4M0\
\xc1\x04ae\xe6T\x08\xe6.s\xb7\xb9K\xa0X;\
\xfc\xf1\x80\xbd\xcf\xdeg\xef\x03D\xc1\xa2`Q0@\
\x0e\x90\x03\xe4\x80@\x9d\xe5\x99\x9f\xecI\xf6${\x12\
\xa0t\x94\x8e\xd2\x01X\x835X3GW]\x10g\
X\x86eX\xe6\xbd\xc6\xe39\xc7s\x8e\xe7\xbc\xd7\x98\
\xfa\x87\xd4?\xa4\xfe\xe1\x1b\xa7\x0aY\xf7\xb0C\xf2\xbc\
\x81\x1b\xc5\x8e\x1d\x0e\xf9\xe3\xad\x8e\xe7\xf2\xdeqGP\
\xcd/\x7f\xc9\x9d\xe0Np'xc(p\xbb\xff\xed\
\xfe\xb7\xfb\x03\xd4\x045A\xcd\xb3\xc7V\xa5\xa8RU\
)\x003\xc1L0\x13\x80\xb5\xc8Zd-\x02\x88\x01\
b\x80\x18\x008\x0f\xce\x93\xf3\x00\xa8h*\x9a\x8a\x06\
\xe8\x93\xf4I\xfa$`\xeb\xb4u\xda:\x01{\xa7\xbd\
\xd3\xde\x090=L\x0f\xd3\x03\xc0\x0f~\xf0s\xdd\xde\
\x9a]kv\xad\xd9\x85\x19\xc2\xdc\xb5\x82id\x1a\x99\
F\xc0\x9ee\xcf\xb2g\x01\xe4\x11\xf2\x08y\x040$\
\x1b\x92\x0d\xc9\x80\xa8[\xd4-\xea\xbe\xec\xf8\xab\x18\x01\
g)\x00\xe3\xb0q\xd88\x0c\x90\xa5d)Y*\x10\
d\xf8pC[\x82-\xc1\x96\x00\xd8$6\x89M\x02\
\x10\x14A\x11\x0bF'\x12\xc0s\xbc\xedk\xedk\xed\
k1C\xa8\xe0\xdd\x80L\x07\xd3\xc1t`f\xa9f\
\xdf`\xdf`\xdf\x00\xd8\x0b\xec\x05\xf6\x02A\x01\xb8\x8c\
\xd6r\x226>6>v\x0ec\x12\xa1\x22T\x84\xca\
\xdf\xdf1\xb1^|\xd1\xf1\xebBOx\xde\x98\xf6\xde\
{\xdc\x1d\xdc\x1d\xdc\x1dee\xfcV\x86\x1b\xe7\xc6\xb9\
q\x00#\x18\xb9\xfc\x0b\xcf\x13\x95\x5cM@S\xab\xa9\
\xd5\xd4\x0a\x18\x1f7>n|\x1c\xe0\xfa\xb9~\xae\x1f\
\x10\x87\x89\xc3\xc4a\x82\x95X\xa4\x15iEZ\xc0a\
u\x07\xe8\x16\xba\x85n\x11\xbe|r\x99\x5c&\x97]\
\xc3-H \xc1\xe5\xeb\x1d\xa7bz\xa8\xea\xa1\xaa\x87\
\xaa\x00n9\xb7\x9c[\xbeg\x8f\xff\x94\xff\x94\xff\xd4\
k\x07\xbf\xd5}\xab\xfbVw\xe0U\xc7\xc1<\xef\xc1\
o\x9e\xa92\x1fT\xce\xb8\xbf\xccLG\xf4aP\x90\
C!\xfc\xb59\xb7\x22\xb7\x22\xb7\xe2\xd7/\xec\x9d\xd8\
;\xb1w\xe2\xeaFUE\xab\xa2U\xd1\x0a0\xdfg\
\xbe\xcf|\x1f\xb0\x1d\xb5\x1d\xb5\x1d\x15\xbc\x03|\x0c\x09\
\x95EeQY\x02\x81\x8b\x1e\xa0\x07\xe8\x01\xc0.\xb3\
\xcb\xec\xb2\xcb\x98{WR\xe9\x17\x08L&\x93\xc9d\
\x02\xd6rk\xb9\xb5\x1c`\x0b\xd9B\xb6\x10\xa0\xfc(\
?\xca\x0f\x10\xed\x12\xed\x12\xed\x02X\x13kbM\x00\
\xba\xd1\x8dn\xb8d\xae\xce\xb2\x01L\x0fL\x9f\x99\x1e\
\x00\xa6\x0a\xa7\x0a\xa7\x0a\x01]\xab\xaeU\xd7\x0a\xe8C\
\xf5\xa1\xfaP\xc0\xa41iL\x1a\xc0\x96e\xcb\xb2e\
\x01\xac\x96\xd5\xb2\xda\x85\xbfQ\x9e\x11h\xdbh\xdbh\
\xdb\x08\x98w\x9bw\x9bw\x03\x86^C\xaf\xa1\x17\xd0\
\x07\xe9\x83\xf4A\x80nT7\xaa\x1b\x05\x0c\xeb\x0c\xeb\
\x0c\xeb\x00\xb3\x87\xd9\xc3\xec\x01\xd8Zm\xad\xb6V\x80\
\xcb\xe6\xb2\xb9y\xa2\x18y\xfc\xf4\x91\x9f>\xf2\xd3G\
D\x94\xe3\x05\xfa\xedo\x1d\x13\xff\xfd\xf7\x1d\xff\xbbP\
\x13\x7fJ\xe7\x90\xaf\x1d\x80'<\xe1\xf9\xe4\x93\x7fx\
\xfe\x0f\xcf\xff\xe1\xf9\xb22\xb4\xa0\x05-\x00\x8e\xe1\x18\
\x8e\xc1e\xd81\xa7\xe5\xb4\x9c\x16\xe0\x82\xb9`.x\
\xb6\x1c~y\xf8\xe5\xe1\x97\x01\xe3Q\xe3Q\xe3Q\xc0\
r\xd8r\xd8r\x180\xf6\x1a{\x8d\xbdB\xd0\xc9T\
\xf1T\xf1T10\x1d=\x1d=\x1d\x0d\x18\x0f\x1a\x0f\
\x1a\x0f\x02\xd6\xf5\xd6\xf5\xd6\xf5\x80\xc1\xd3\xe0i\xf0\x04\
\x88\x5c\x22\x87\xc8\x9d\xe3V\xf8\x89\xeft\xc3B\x06\x19\
d\x98Q\x00\xfcV\x8f_\xa1\x8c\xb8\x8f\xb8\x8f\xb8O\
\xe9\xa2\x1b\xa2\x1b\xa2\x1b\x1e\x7f\xdcq\x91\xac\xa7\x1cr\
\xdf<\x9b\xae\xebAT\x94C>_P\x91[\x91[\
\x91\xfb\xfa\x1f\x1d\xcf\x93\x0fjr\x0dq\xa7\xb8S\xdc\
\x090\x12F\xc2H\x00k\xbe5\xdf\x9a/,\xb4\xf4\
\xe5\xfar}9\xa0\x0b\xd2\x05\xe9\x82\x80\xe9\xc6\xe9\xc6\
\xe9F\xc0\x98fL3\xa6\x01\xd6\x12k\x89\xb5\x04`\
v0;\x98\x1d\x98\x896\x5ch\xf0\xb1\x01|,\x8b\
QmT\x1b\xd5\xc0\xf4\xda\xe9\xb5\xd3k\x81\xa9\xd3S\
\xa7\xa7N\x03z\xb5^\xadW\x03z?\xbd\x9f~\x1e\
\xf5J\xf0\x8c\xa0\x9b\x85\xdf\x09\xbf\x13~'\x00\xbb\xd2\
\xae\xb4+\x01\xf2\x0cy\x86<\x03\x90\xfdd?\xd9\x0f\
\x90\x07\xc9\x83\xe4A!\x0e\x9f\xf3\xe3\xfc8?\x80\xf5\
g\xfdY\x7f\xe1\x8b\xcfO\xfc\x0bO]x\xea\xc2S\
7\xdf/\x1e\x11\xbf\x8e\xf8u\xc4\xaf\x85\xad\x83T!\
UH\x15\x02G\xbb3\xbb3\xbb3\x9b\xff\xd2\x0b\xf1\
\xf0\x0b\x03\xdeZ\xfe\xeak\x8e\xf1\xfe\xea4\xff?M\
\x1b\x9a64m\x00J\xa7J\xa7J\xa7\x9c\x89>J\
\x00\xc6\xc2X\x18\x0b@{\xd0\x1e\xb4\x87\x10\x8d\xc8\x96\
\xb2\xa5l)`\xa9\xb4TX*\x01{\x9a=\xdd\x9e\
\x06\xd8\x13\xec\x09\xf6\x04\xe0\xa9\xce\xa7:\x9f\xea\x04\xca\
>,\xfb\xb0\xec\xc3\x9b\xe8\xb2s\x0f\xeb\xf7k\xbf_\
\xfb\xfdZ\x08R\x91\x95\xcaJe\xa5\x80(E\x94\x22\
J\x01\x14\xcd\x8afE\xb3\x10W\xcf%qI\x5c\x12\
 \xf3\x90y\xc8<\x84x}\xcfQ\xcfQ\xcfQ\xe0\
\xaf/\xfc\xf5\x85\xbf\xbepY;N\xa3\x18\xf1\x0b\xe2\
\x17\xc4/\xf8<\x05O>\xe1\x90)Nb\xd4\xf5\xda\
\x0c\x5c!\xe3\xb1\xd0\xe6\xd0\xe6\xd0\xe6w\x8ep\x89\x5c\
\x22\x97\x08pQ\x5c\x14\x17\x05\xe4\xbf\x96\xffZ\xfek\
\xc0SQOE=\x15u\xf3-=\x7f\xee\xf9s\xcf\
\x9f\x03\xaa*\xaa*\xaa*\x00\xf2(y\x94<\x0a\x10\
\xa7\x88S\xc4)\x80\x8c'\xe3\xc9x\x80\xec&\xbb\xc9\
n\x80\x8db\xa3\xd8(\x81\x82\xceS\xcf\xf9 \xaag\
\xea\x9e\xa9{\xa6nvB\x90\x9b\x85k/\xc0\xf5^\
\xc8\xe9\xb7\x97\x1c\x92\x1c\x92\x1c\x02\x14=\x8a\x1eE\x0f\
\xa0JU\xa5\xaaR\x01\x0f\x83\x87\xc1\xc3\x00\xa8\x07\xd4\
\x03\xea\x01@\x19\xa6\x0cS\x86\x09\x09$x\xc6\x1f\xcf\
\x00\x5ch\x88c\xc5\xb1\xe2X@\xde.o\x97\xb7\x03\
\xaa\x22U\x91\xaa\x08XL/\xa6\x17\xcf,\x10\x19f\
aZ\xe3\x97\xf6\x89\x0f:&<\xef\xa6\x13&>\x8f\
\xe4\xba\xe4\xba\xe4:\x80\x5cO\xae'\xd7\x03\x92(I\
\x94$J`\x14J\x0fH\x0fH\x0f\x08a\x9d\xa2\x0d\
\xa2\x0d\xa2\x0d\x00u\x80:H\x1d\x00DE\xa2\x22Q\
\x11 \xd2\x8b\xf4\x22=\xc06\xb1\xc7\xd99\x8cO\xd7\
\x8dd$#Y \x84\x89\xcf\x88\xcf\x88\xcf\x00d\x1e\
\x99G\xe6\x01b\xb5X-V\x0b\xe1\xe3\xd2\x0d\xd2\x0d\
\xd2\x0d\x02\x81F6 \x1b\x90\x0d\x00\x92\x08I\x84$\
\xe22\x9b\x92\x0bp\x9fp\x9fp\x9f\xbcs\xa4\xe3\xa5\
\x8e\x97:^Z\xf7\x03\xc7\xaf\xf9\xcf;\xe4\xe4<\xe6\
\xbb\xeb\x83\x07\xedA{\xd0\xc2{*\xf1\x90xH<\
\x00\xb1N<)\xd6-T+\x98\x89-\x10\x95\x89\xca\
De\x80\xb4@Z -\x00\xdc\x1a\xdc\x1a\xdc\x1a\x00\
U\xb2*Y\x95\x0c\xb8w\xbaw\xbaw\x02\xaa\x14U\
\x8a*E\xf8\x7fi\xbe4_\x9a/0\xff\xfe\xbb\xb0\
p\x0a\x80&i\x92\x06$6\x89Mb\x03\xe4\x1er\
\x0f\xb9\x07 O\x90'\xc8\x13\x00\xf9\x90|H>\x04\
\xb8i\xdd\xb4nZ\x81P$;&k\x90\x1d\x03\xc4\
m\xe26q\x9b\xc0\x00\x5ch\x88C\xc5\xa1\xe2P\xc0\
]\xed\xaevW\x03\xcb\xb2\x96e-\xcb\x02V\xf5\xad\
\xea[5\xa3p\xec\xd7I\xc0q\x85{\x9dF\xae\xa4\
\x07\xa9\xdb\xa8\x95\xd4mW\xa7\xd2\xba\x91n\xa4\x1b\x09\
\xc8*e\x95\xb2J@\x9e'\xcf\x93\xe7\x01n}n\
}n}\x80[\x90[\x90[\x90\x90\xf2J\x96%\xcb\
\x92e\x01\xd2\x04i\x824\x01\xa0\xba\xa8.\xaa\x0b\x10\
%\x89\x92EI\x0bs\x17\x80\xb0\xa7\x94\x8cJF%\
\xa3\x80\xbc_\xde/\xef\x17R\xaa\xc9\xfce~2\x7f\
@\x1e,\x0f\x96\x07\x03\xb2\xf5\xb2\xf5\xb2\xf5\x80\xb4D\
Z\x22-\x11\x08+\xbc\xcd\x01\xf1\x88G<\x80\xcd\xd8\
\x8c96Vq\xcf\xc7=\x1f\xf7<\x1fm\xe8\xe5\xe5\
\x90WKdr\xad`\xe8\xc5\xe4br1\x09\xa8\x06\
U\x83\xaaA\xe1K,/\x97W\xc8\xe71\x96]7\
\x9c[8\xaa\x95j\xa5Z\x01\xa9Ej\x91Z\x00Y\
\xb0,X\x16\x0c(Z\x14-\x8a\x16@qDqD\
q\x04P4*\x1a\x15\x8d\x80,T\x16*\x0b\x05\xa4\
6\xa9Mj\x13\x98\x7f\xff]\x98\xb5\xb4zg\xe2\x9d\
\x89w&\x00\x22\x99H&\x92\x01\xc2\x9b\xf0&\xbc\x81\
82\x8e\x8c#\x01\x9fF\x9fF\x9f9\xfc\x95d\x0d\
YC\xd6\x08)\xac\xc4y\xe2<q\x1e /\x90\x17\
\xc8\x0b\x84\x17\x99\x08$\x02\x89@@4 \x1a\x10\x0d\
\x00\xc6hc\x8c1Z`\xfcY\x87\xadC\xd6a\xd7\
\x1d\xe6\x19\x84<\x91\x88`\x09\x9a`\x81\xf8\xc2\xf8\xa2\
\xf8B\xc1\xebp%$\x81\x12\xad$\x10P\x96(K\
\x95%\xc0\x92\xd4%\xa9KR\x01\xed2\xed2\xed2\
\x00U\xa8B\xd5\x0d\x8e\xe2,\xf0K\xd6\x9d;\x99\xd3\
\xcc\x19\xe6tJ\x8ac/\xfa\xce;\xff\x12\xfd\x8b\xf8\
\x97h\xf7\xee :\x88\x0d\xbaL\xddx\xb4{\xb4{\
\xb4\x03\xa4\x96\xd4\x92Z\x80\xdb\xc6m\xe3\xb6\x01l\x1c\
\x1b\xc7\xc6\x01b\x83\xd8 6\x00\xd3m\xd3m\xd3m\
\x00\x95N\xa5S\xe9\x00\xb9\x96\x5cK\xae\x05h\x13m\
\xa2M\xc2\x17\xd9\x15\xda\xf7\xb7\xefo\xdf\x0f\x8c\xf8\x8e\
\xf8\x8e\xf8\x02\x09\xb1\x09\xb1\x09\xb1\x80\xaf\xaf\xaf\xaf\xaf\
\xef\xec\xe3\xf9\x09\x22\xd9$\xd9$\xd9$\x10O\xf8\x1c\
w\xca\x09\xe5\x84r\x02\x10\x17\x8a\x0b\xc5\x85\x80\xb5\xde\
Zo\xad\x17\xa8\xa9\xbcQ\xcc#\xca#\xca#\x0a\xc0\
\x97\xf8\x12_b&cO\x8e{\x8e{\x8e\xbbX\xf2\
\xca=\xaf\xdc\xf3\xca=|\xb83\xbf\x15\xf0\xf7\xbf\xc9\
\x07\xe1\x84}\xc6\x5c\xea\xa9\xf0Tx*\x00\xa6\x8a\xa9\
b\xaa\x00&\x8e\x89c\xe2\x04\x82\x8d+|\xea\xf7\xa9\
\xdf\xa7~\xc0\x10=D\x0f\xd1\x80\x7f\x8e\x7f\x8e\x7f\x0e\
\xb0\xa6pM\xe1\x9a\xb9b)\x9d\x0a@\x94 J\x10\
%\x00\xe2\xfd\xe2\xfd\xe2\xfd\x80t\x87t\x87t\x07\xa0\
\x0cQ\x86(C\x00I\x97\xa4K\xd2\x05\xd8h\x1bm\
\xa3\x81i\xffi\xffi\x7f\x80\xeb\xe4:\xb9N\xc0v\
\xd0v\xd0v\x10W\xcd\xc7qb\xe8\xc4\xd0\x89!\xe0\
\xbc\xf7y\xef\xf3\xde\x00\x8e\xe2(\x1a\xe0\xb0)5\x00\
\xe9G\xd2\x8f\xa4\x1f\x99}\xde\xac\x15\x80Qc\xd4\x18\
5\x80\xa1\xdb\xd0m\xe8\x06\x8c\x9b\x8c\x9b\x8c\x9b\x80\x0e\
[\x87\xadc\x9e\xef#\xaf0\xc4\x05\xe2\x02q\x01 \
1IL\x12\x13\xa0\xacQV+k\x00\xaf.\xaf.\
\xaf.\xc0\xcb\xd7\xcb\xd7\xcbW`\xf4\xf1\x9c~\xd1~\
\xd1~\xd1~\x80\x18!F\x89\x11\xd7\xed\xf0\x13\x7fJ\
3\xa5\x99\xd2\x00\xfa\xc3\xfa#\xfa\xc3\xc0G-\x1f\xb5\
|4\x8f\x1bO\xbe^\x9e!_\x0f(G\x95\xa3\xca\
Q\x80\xcb\xe3\xf2\xb8<`q\xd5\xe2\xaa\xc53\x13\xff\
z)\xb8\xd7\x0a\x9e\xeb\xff\xe2\x8b\xb72\xb7r\xb72\
\xc7\xdeu(\x84G3z\xd2z\xd2z\xd2\x80\xd1\xa4\
\xd1\xa4\xd1$\xc0?\xd1?\xd1?\x11\xf0\xdd\xee\xbb\xdd\
w;\xe0\xb6\xc1m\x83\xdb\x06\xc0'\xce'\xce'\x0e\
X\x16\xbe,|Y8 \xef\x94w\xca;\x01\xd9I\
\xd9I\xd9I@\x12*\x09\x95\x84\x02\x8b\xe4\x8b\xe4\x8b\
\xe4\xb3{\xf0y\xda\xe7i\x9f\xa7\x01\xd3\x83\xd3\x83\xd3\
\x83\x80\xc1d0\x19L\xc0\xdf\xf6\xfd\xad\xf2o\xf3\x98\
\xe0x[\x9f,L\x16&\x0b\x03\xd4&\xb5Im\x02\
4\x06\x8dAc\x004\xfb4\xfb4\xfb\x80\xe5\xba\xe5\
\xba\xe5:\xe0N\xff;\xfd\xef\xf4\x07\xb4-\xda\x16m\
\x8b\xf0\xbc-\xd5\x96*K5f^d\xc7\x9e\xff\xc7\
\xdb^\xd9\xfc\xca\xe6W6\xf3\xa9\xcb\xf8\x84#\xd7;\
\xf1\x85\x09>7\x04^\x86g\x8cg\x8cg\x0c N\
\x17\xa7\x8b\xd3\x018\x12\x19\x80\x1a\xa1F\xa89\xde\xbb\
\x7f\xe6\xfc3\xe7\x9f9\xc0\xf9\x86\xf3\x0d\xe7\x1b\x80i\
\xc5\xb4bZ\x01Ll\x9a\xd84\xb1\x09\xe8\xf5\xec\xf5\
\xec\x9dk}r\x06\xa7qF\x88E\x11g\x8b\xb3\xc5\
\xd9\xc2\x96\xd7\xdd\xe6nq\xb7\x01^\x09^\x09^\x09\
\x80{\xbf{\xbf{?\xa0\xd8\xa7\xd8\xa7\xd8\x07\x88\xa3\
\xc5\xd1\xe2\xe8\xd9\xdc\xfe+\xd1+\xeb\x95\xf5\xca\x00s\
\x949\xca\x1c\x05\x18\xd2\x0ci\x864\xc0p\xc8p\xc8\
P\x03\x18t\x06\x9dA\xe7\xfa|\x97[\x80\x99\x15@\
)QJ\x94B`\xdc\xb9\x823>\x9b\xeb\xe5z\xb9\
^\x08K=?\xf8\xc3\x0f\x8e\x0c(g\x00\x84!\x0c\
\x0b\x11\xfa\x92\x84$$\x01(D!\x0a1\x93h\xc4\
\x15\xd82\xb6\x8c-\x03\xb8C\xdc!\xee\x10\xc0\x0dp\
\x03\xdc\x00\xc0\x05qA\x5c\xd0\x8dv\xe2j/\x9e+\
<\xbc\xce!\x8f\xfci\xf5\xbb\xab\xdf]\xfd\xee+\xaf\
88\xf0k\xd7\x1aK\x8c%\xc6\x12\xe0|\xd2\xf9\xa4\
\xf3I@pRpRp\x12\x10\xfaX\xe8c\xa1\x8f\
\x01\xe6\x11\xf3\x88y\x04\x10{\x8b\xbd\xc5\xde\x82?\x9f\
\xd8G\xec#\xf6\x01\xd2Ri\xa9t\x8e/\x998C\
\xbc^\x9c!D\x91\x89\x1aE\x8d\xa2F@\xe4!\xf2\
\x14y\xb8\xee)\xe1Ix\x12\x9e\x00\x97\xc3\xe5p9\
\x00\xe7\xcb\xf9r\xbe\xc0\xa5\xacKY\x97\xb2\x80\xa8o\
\xa2\xbe\x89\xfa\x06\xa0\xe2\xa9x*\x1e\xf0\xfd\xdc\xf7s\
\xdf\xcf\x81\xc9\x84\xc9\x84\xc9\x04\xc0\xd4k\xea1\xf5\x02\
\x0d\xed\x0d\x1d\x0d\xed\xe9\xe9\x84\x0f\xe1C\xf8\xf0\x14i\
\xfe\x8b\xcf\xe7\x22\xbcQ\x5c;\xf1\x8a\xdfb\xf2{s\
d \x03\x19\x80\xc8&\xb2\x89\xe6x\x9aD#\xd1H\
4\x0aF\xebY\xccW\x17\xb9(\x89\xe3D\x13q\x1c\
\x82\x97\xc4\x99\xe3\xef\xb2\x9c\x80\xc1\xf3\xe6\x04\xe4\x19\x89\
\xff\xcd\x98\x1d\x0d8\xe16\xe16\x01\x10\xbe\x84/\xe1\
\x0b\x10!D\x08\x11\x0a\xdck\xb8\xd7p\xaf\xde\xf5\x85\
\xd8*\xb6\x9a\xad\x02\xec\xb4\x9d\xb6\xd3\x80-\xdb\x96m\
\xcb\x06\x0cC\x86!\xc3\x10\xc0\xa5s\xe9\x5c:@\xe4\
\x109D\x0e`\xc82d\x19\xb2\x00K\xa0%\xd0\x12\
\x080\xdb\x98m\xcc\xb6\xcb\x06\xda\x05x\x06\xe1G\x03\
\x1f\x0d|4\x00\x10JBI(\x81\xb5\xa1kC\xd7\
\x86\xc2%\x85\x93+\xe1J\xb8\x12\xc0v\xdav\xdav\
\x1a0\x16\x19\x8b\x8cE\xc0@\xc7@\xc7@\xc7u\x8f\
\x9b\x137\xcb\xf8\xe3\xc1S\x86\xd3\xd2\xdeh|\xa3\xf1\
\x8d\xc6\xf6v\xb4\xa2\x15\xad\x05\xbf\xbao\xf5}\xab\xef\
[\xfd\xcd\xd0\xe9{O\xdf{\xfa^\xc0k\xc0k\xc0\
k\x00\xa0\xab\xe8*\xbaJ\xf0?\x1b\x9a\x0cM\x86&\
\xc0W\xeb\xab\xf5\xd5\xcen!lC\xd8\xc6\xb0\x0d\x00\
kci\xd6\x06L\x8fO\x8fO\x8f\x03?\xdc\xf1\xc3\
\x1d?\xdc\xe1\xbag\xd2#\xd2#\xd2#\x804^\x1a\
/\x8d\x07T\xa7U\xa7T\xa7\x01\x9fI\x9fI\x9fI\
`P6(\x1b\x94\x01n\xe5n\xe5n\x15\xc0go\
}\xf6\xd6go\x01oW\xbe]\xf9v%\x9f\x930\
\xcfI\x19~*ka\xc6\x8dgJ\xf2\xf9\x0c\xae\x15\
\x22\xca\x98lL6&\x03\x8c'\xe3\xc9x\x02L\x14\
\x13\xc5D\x09Q\x86WN\xf0\xd0\xc1\xd0\xc1\xd0A\xc0\
L\x99)3\x05XvYvYv\x01^;\xbdv\
z\xed\x04\x22\xea\x22\xea\x22\xea\xe6h\xca\x99<\x94\xf7\
\xd3\xdb\xf2m\xf9\xb6|\xc0\xbc\xc5\xbc\xc5\xbc\x05\x98\x8a\
\x9e\x8a\x9e\x8a\x06\xcc\x83\xe6A\xf3 `\x0b\xb3\x85\xd9\
\xc2\x00S\x9e)\xcf\x94\x07\xd8\xb7\xd8\xb7\xd8\xb7\x08[\
\x15~\xa5r%\x22,\x11\x96\x08\x8b\xb0\x05Pz+\
\xbd\x95sl\x01\x5ca\x96\x02xT\xf3\xa8\xe6Q\x8d\
\xeb\x06]\x81\xdb\xcf\xed\xe7\xf6\x0b\xa9\x8ele\xb62\
[\x19fr\x941\xc9L2\x93\x8c\x19\xc6\x9ae\x93\
e\x93e\x13\xc0\x9cdN2'\x05\xc6\x1f\x9f\xb1\xc5\
\x15|j|\x0e\xf9\xd4\xcc(n\x01.\x8cJ<x\
\xae7\x93\xca\xa42\xa9\x80\xb5\xc3\xdaa\xed\x00\xd8G\
\xd9G\xd9G\xaf\xfd>\xff\x1d\xbbw;\xa4\xd1\xe8\x90\
;\x9cd\xe3\x1b\x8d\x9f\xe7\x97\xbe\x1b68\x1c\xd0\xb7\
\x85\xfc\xf2\xe3_~\xfc\xcb\x8f#W\x7f\xff\x8d\xef\xbf\
\xf1\xfd7\x80[\xcbn-\xbb\xb5\x0c\xf04x\x1a<\
\x0d\x80Uc\xd5X5B\x9e\x06\xdbj\xdbj\xdbj\
\x00;\xb0\x03sL\xec\xf0M\xe1\x9b\xc27\x01\xe1\x08\
G\xf85\xf4H\xb9U\xb9E\xb9\x15\x90vK{\xa4\
\xdd\x00\xab`\x95\xac\x02\xb8\xed\xc1\xdb\x1e\xb8\xedA\xe0\
L\xf1\x99\xe23\xc5\xc0\xbb\xeb\xde]\xf7n\xaa\xbb\xc7\
\x90vH;\xa4}\xc1\x19\xee\xfc\xa0\xd3\x1c\xb9P\xe1\
\xce\xd3\xceOP\xb5\x93\xeczg\x84C\xf2\x0c\xcd\xab\
AD\x1a\xfc\x0d\xfe\x06\x7f\xc0\x1eh\xd7\xda\x03\x01f\
3\xb3\x99\xd9\x0c\x88\xadb\xab\xd8\xea\xfa\xcc\xd5\xf4j\
z5\x0d\xac\xc6j\xac\xbe\x96\xa6\x9c\x99\xa8x\xf7-\
]N\x97\xd3\xe5\x805\xd5\x9ajM\x058\x03g\xe0\
\x0c\x00\x15C\xc5P1\x00\x0d\x1a4\x00\xdb\x19\xdb\x19\
\xdb\x99\xcbR\xd19\x99\x7fW\xc3\x1a\xed\x1a\xed\x1a\xed\
e?l\xc4Fl\xb8L\xba\xc0\x82-2\x8c\x81\xc6\
@c `\xdbi\xdbi\xdb\x09X\x0a-\x85\x96B\
\xc0\x5c`.0\x17\x00\xc6Bc\x81\xb1\x1006\x19\
\x9b\x8cM\x80\xad\xceVg\xab\x03,\xeb,\xeb,\xeb\
\x04?6\xcf\x07Xh\xf0\x09$l\xf5\xb6z[\xbd\
\x908a\xea\x96\xa9[\xa6n\xe1\x8f\xba^\x7f\xb3\xd1\
\xe8\x88\x92\xdb\xb3\xc7\xf1\xf7}\xf7;d\xdd\x5c\xdf\x84\
\x1b\x00\x1f\x14\xa3\xbb\xf4~\xe0\xfb\x81\xef\x07V\xec\xad\
\xdc_\xb9\xbfr\xffC\xa9\xc3\xa1\xc3\xa1\xc3\xa1b\x09\
:\xd0\x81\x0e\xc0\x114\x03x7x7x7,L\
\xeb\x00`\xdcn\xcc1n\x07\xd45\xea\x1au\x8d`\
\x9d\xfe\xe0\xcd\x0f\xde\xfa\xe0M\x99\xac*\xbf*\xbf*\
\xff\xa9M\x8e\x89_\xf3\x9f\x8e\xb3\xf8\xbd\xfcBM\xfc\
\x1f\xfe\xd0!#W;\xc6\x9b\x0fB\x9a\xedV\x9d\x1b\
\x82m\xc7\x16a\x8b\xb0E\x00\x88B4\xa2\x00\x95F\
\xa5Qi\x80\xf1\x80\xf1\x80\xf1\x80\x85\xe9-\x00\x10\x16\
\xc2DX\x00S\x97\xa9\xcb\xd4\x050\x87\x99\xc3\xcca\
\xc0\x12a\x89\xb0D\x00\xa6\x01\xd3\x80i\x000\x8d\x98\
FL#\x80\xc9\xc3\xe4a\xf2\x00,\xa7-\xa7-\xa7\
\x01+i%\xad$@g\xd0\x19t\xc6\xd5Z\xbbq\
,\x18\x89\xd7+\xdc+\xdc+\x1c8\x9fz>\xf5|\
*@\xebi=\xad\x07\xc8\x12\xb2\x84,\x01\xc8lr\
;\x99\xfd\xbf\x90\x13\xf0(\xeaq\x14\x08\xde\x1a\xbc%\
x+p.\xf7\x5c\xee\xb9\x5c`Q\xc2\xa2\x84E\x09\
\x00\x91G\xe4\x11y\x98\x15\xa5um\x10\x14\x86\xe3\xc5\
\xfc\xd2I\xfe|\xe2\x09G^\xfd\xf7\xdes\xfc\xfd\xf3\
\x9f;\xe4\xd5\xf6\xba\xbcM\x81_\x22\xcf,q\x9d\x92\
\x0f\x97\xfdy\xee\x071\x1f\xc4|\x10\xf3F\x8d\xe3\xef\
\xb2\xdf\xc5\xaac\xd5\xb1\xea\xfe~\xe9\x8b\xd2\x17\xa5/\
B\xb0\xc1\xdc$\xf8D,\x176_\xd8|a3\xf0\
\x09\xfd\x09\xfd\xc9\xcct\xaa\xd8\xeb\x90?\xdev\xf3-\
]\x8efg\xbc\xe8\xab\xaf:\xc6\xd5U\xb0\x0fs\x8d\
\xb9\x9e\xf8\xe7D\x92\x17\xb7_\xdc~q\xbb@m\xb7\
\x97\xdaK\xed\xa5\x00\xf7s\xee\xe7\xdc\xcfo\xba\xe3B\
\xcf\x8a\x98]L\x11f\x14\xf3\xb4m\xda2m\x03\xa8\
^\xaa\x97\xea\x9d7'`\xe9\xff\xbbr\x02J\xfc$\
~2\xc07\xd77\xd77\x17\xf0\xd6y\xeb\xbcu\x80\
\x87\xccC\xe6!\x03V6\xafl^\xd9\xfc\xbf\x98\x13\
\xd0\xd3\xcf\xd3\xcf\x13\xf0\xdd\xe2\xbb\xc5w\x0b\xe0\xdd\xec\
\xdd\xec\xdd\x0c\xb8\xd7\xbb\xd7\xbb\xd7\x03+\xe3V\xc6\xad\
\x8c\x03\xd8G\xd8\x1f\xb0\x8f\xf0\x13u\xb6t\x80\xdf\x8b\
_k\xce\xbb\xe7\x0b^\xbe\xef\xe5\xfb^\xbe\x0f\xa8\xff\
S\xfd\x9f\xea\xff\x04\xfc\xc5\xfd/\xee\x7fq\x07*o\
\xa9\xbc\xa5\xf2\x168+\x1d\xf1K{>\x5cXw\xe9\
\xfa\xda\xb9\x9a<\xfd\xa5C\x16\x15\xdd\xb3\xef\x9e\xca{\
\xf6)\x14wI\xee\x92\xdc%\x01\xee\x8a\xb9+\xe6\xae\
\x18 `g\xc0\xce\x80\x9d@`q`q`1\xb0\
\x22nE\xdc\x8a8 \xb05\xb05\xb0\x15XeZ\
eZe\x02b*c*b*\x81@\xef@\xef@\
o`\x83\xc7\x06\x8f\x0d\x1e\xbcB\xe2'\xbc~\xca!\
\xcd\xe6\x85\xe9\xff?\xfe\xe1\x90\xaf\xbc\xe2\x91\xe3\x91\xe3\
\x91\xe3\xe9\xf9\xf4\xc4\xd3\x13OO\x00eK\xca\x96\x94\
-\x01\xfe\xb8\xe8\x8f\x8b\xfe\xb8\x08\xc8\x18\xcb\x18\xcb\x18\
\x03\xfe}<\xafv}\xda\xee\x90\xc9\xc9\xae\xde\xb7\x86\
O\x1b>m\xf8\x14\xf0\xf2\xf0\xf2\xf0\xf2\x00\xbcZ\xbc\
Z\xbcZ\x00\x9ft\x9ft\x9ft\xc0\xd7\xe4k\xf25\
\x01K%K%K%\xc0\x92\xadK\xb6.\xd9\x0a\xf8\
\xee\xf6\xdd\xed\xbb\x1b\xd0\xf8i\xfc4~\x80\xe7\x01\xcf\
\x03\x9e\x07\x80\xe7,\xcfY\x9e\xb3\xfc\x7f1'\xa0R\
\xa5T)\x85\x8a&\xbc\x7f\xdf>i\x9f\xb4O\x0a\xc1\
9T)UJ\x95\x02\x93\xd5\x93\xd5\x93\xd5\x00\x1e\xc4\
\x83x\xf0\xca\xab\xdd8\xc8^\xb2\x97\xec\x05$\xf5\x92\
zI= n\x14\x1f\x137\x02\xe2Dq\x928\x11\
\xa0\x0c\x94\x812\x00\xdc\x187\xc6\x8d\x09Qm\xf6j\
{\xb5\xbd\x1a\x10U\x88*D\x15\xc0E\xf6\x22{\x91\
\x05\xb8;\xb9;\xb9;\xaf\xd6*{\x8d_\x14\x014\
M\xd34\x0d|\xbb\xf6\xdb\xb5\xdf\xae\x05\x965/k\
Z\xd6\x0cD\x0fG\x8fD\x0f\x03\x1b\x97o\x5c\xbeq\
\xf9\xc8\x88\xa8A\xd4 jx\xe2\x897J\xde(y\
\xa3\x84_\x1a?\xe5$;\x8f8\xc9\x9d\xfc\x04\xbb^\
\xf0[\x85\x17_\xfcd\xfb'9\x9fl\xbf\xe7\x1e\xc7\
\xdf\x03\x03\x8e\x9c\x89o\xbey{\xda\xedi\xb7\xa7\xf5\
\xf7\x8b\xc2E\xe1\xa2p\x93I\xde#\xef\x91\xf7\x00\xc6\
bc\xb1\xb1\x18\xf0\xcb\xf1\xcb\xf1\xcb\x91\xc9\xde\xcby\
/\xf7\xbd\x1c>H'\xfd\x11\xc7V\x96\xef\xef\xcdF\
\xf1\xf1x\xc1I\x06\x16\x89\x1c\xd6\xee\x9a7\xb6Vn\
\xad\xdcZ\xf9\xf5\xe0\x92\x82%\x05K\x0a\x00\xcf\x8b\x9e\
\x17</\x02\x17V]Xua\x15pn\xf0\xdc\xe0\
\xb9A`*|*|jf\x85x\xad^\x98\xabo\
\xed\xec\xc3\xf6a\xfb\xb0P\xa1\x89\x1a\xa5F\xa8Q@\
\xbcU\xbcU\xbc\x15\x10g\x8a3\xc5\x99\x00\xb5\x8eZ\
G\xad\x03\xe8\x11z\x84\x1e\x11\xd2x\xf3_n\xde\xc6\
 \x8a\x12E\x89\xa2\x00\xfc\x03\xff\xc0?nh\x90\xfe\
\x1d\xce\xd8\x02Q\x89\xa8XT\x028j9\x02bR\
L\x8aI\x81p\xe4x\xcf\x00\xb6\x8dmc\xdb \xac\
l\xbf\xc2W\xf8j\xf6eg{\x01\xf8\x9c\x80\x15D\
\x05Q!\x5c\x802Q&\xca\x04\x88:D\x1d\xa2\x0e\
\xcc\xf8sE\x9bD\x9bD\x9b\x16\xe0\x06\xaf\x009B\
\x8e\x90#\x80\xb8E\xdc\x22n\x01d\xebd\xebd\xeb\
\x00Q\xbe(_\x94\x0f\xc8w\xcbw\xcbw\x03\x9c\x82\
Sp\x0a\xc0\xba\xd3\xba\xd3\xba\x13\xa04\x94\x86\xd2`\
&\x0cV\xb4M\xb4Mt\xcd\x0bT\xf2:m\x22\x22\
\xf2\xdc;\xe7\xde9\xf7\x0e\xe0\xf5\x86\xd7\x1b^o\x00\
\xfa?\xeb\xff\xac\xff3\xf05\xf55\xf55\x05\xc8_\
\x90\xbf \x7f\x01\x90\x0cI\x06%C\xc0\xe6\xad\x9b\xb7\
n\xde\xda\xdf\xef\x88\xe7~\xf6\xd9\x15\xfa\x15\xfa\x15z\
`w\xc2\xee\x84\xdd\x09\xfcu\x9fr\x86\x1b\xf39\xf4\
\xae\x17Wf\x1e\xda\xbe\xfd\x9f\xf9\xff\xcc\xffg\xfe\xfe\
\xfd\x0e\xc7\xfe\x9e\x97\xd7\xc4\xac\x89Y\x13\xf3\xcdP\x7f\
{\x7f{\x7f\xfb\x9a\xb8\xfe\xd6\xfe\xd6\xfe\xd64'\x05\
\x97\x0f\xb7\xbdrKr\xa38\xec\xe4\xb2\xbd\xfb\xeeC\
\x93\x0fM>4\xd9\xd0p\xa9\xffR\xff\xa5~\x8be\
\xadi\xadi\xad\x09\xb0\x95\xd8\x8am%\xc0\xe8\xe8\xe8\
\xe8\xe8\x180N\x8dS\xe3$\xa0\xdb\xa1\xdb\xa1\xdb\x01\
\xb0\x8dl#\xdb\x08\x98uf\x9dY\x078\x82\xa9\xae\
u\x0b\xc0\xc3\xb5\x22p\xefr\xeft\xef\x12R\x82I\
\xfb\xa4\xfd\xd2>@R,\xc9\x94\x14\x03\xd2Hi\xa4\
4\x12\xa0\x14\x94\x82R\x00t?\xddO\xf7\x03\xd6\xd3\
\xd6\xd3\xd6\xd3\xc2VB\x96*K\x95\xa5\x0a\xee\xe6\x05\
\x83\xd3\x9dH\x1d\xa2j\xa9C\x804E\x9a\x22M\x01\
$\xe3\x921\xc98@i(oJ#\xd4\x19\xe0\xc1\
\xe6\xb2\xb9l\xae\xeb\xcb\xce\x1a\x10w\xb8\xc3\x1d\x02\x03\
\x90\xab\xe5j\xb9Z\xc0\xbc\xd5\xbc\xd5\xbcUp\xbb\xf1\
a\xa4\xac/\xeb\xcb\xce\xc1 \xe31\x9e1\x9e1\x9e\
\x01|\xb8\xe7\xc3=\x1f\xee\x11\xc2S\x13\x90\x80\x04\x12\
\xf0M\xf5M\xf5M\x99}\x1e\xbf\x02\x10G\x8a#\xc5\
\x91\x82\xe6u\xf3v\xf3v\xf3\x06\x94J\xa5R\xa9\x04\
\xb8\x93\xdcI\xee\xa4\x10\xc6l\xea4u\x9a:\x01\xba\
\x95n\xa5[\x01\xae\x8b\xeb\xe2\xba\x00\xdc\x8e\xdbq\xfb\
\xb5\x8e\xf6\xb5\x82$\xf9\x17T\x9e#\xcf\x91\xe7\x08E\
AMQ\xa6(S\x14`\xf26y\x9b\xbc\x81\xe9\xb4\
\xe9\xf4\xe94\xa1*-\x13\xc1D0\x11@\xcd\xd9\x9a\
\xb35g\x81\x17\xbez\xe1\xab\x17\xbe\xfa}E\xf4w\
\xd1\xdfE\x7f\xf7\xc7\x83\x7f_\xfb\xf7\xb5\x7f_\xcb\xa7\
\x07\xe7\x93sj4\x0e\xc9\xe7\xe3\xbf^dg;\xc2\
\x88\xbd4'\xdaO\xb4\x9fh\xe7\xe3\xe6\x9ft\xba\xe7\
\xae\xa4\xdc\xde\xe8\xc4\xe7\xeb\x0d\xb4\xb6\xbev\xffk\xf7\
\xbf\xf6\xc0s\xcf=s\xe6\x99\xd3\xcf\x9c\x06\x1e\xafx\
\xbc\xe2\xf1\x0a\xe1E\xed\x1c\xeb\x1c\xeb\x1c\x03\xee\x0e\xbc\
;\xf0\xee@\xa7\x91.\x1c`\x8e2G\x99\xa3\x80=\
\xd9\x9elO\x06\xb8\x83\xdc\x01\xee @n%\xb7\x91\
31\x057\xca\xc3\x98\x0dI\x91d\x97\xa4\x08\x10\x9d\
\x10\x9d\x10\x9d\x00$\xc7$\xc7$\xc7\x00y\x88<D\
\x1e\x02\xb8\x95\xb8\x95\xb8\x95\x00\xd2Q\xe9\xa8t\x14\xb0\
\x86Y\xc3\xaca\x00YMV\x93\xd5\x98\xc9He\x9b\
\xb0M\xd8&p\xd5:\x03\x1f\xf7|\xdc\xf3q\x0fp\
\xae\xfc\x5c\xf9\xb9r`\x19\xb5\x8cZF\x01\xf7\xd6\xdc\
[so\xcd\x1c'\xf0+\x80@Q\xa0(\x10\x10w\
\x8b\xbb\xc4\xdd\x80\x94\x94RR\x12P\xb4(\x9a\x15-\
\x80x\xbb8G\xbc\xfd\xda\xef{\xd6\x17\xcf\x87\xf6\xa1\
}h\xc0\xc7\xcf\xc7\xcf\xc7O\xd8k\xc8\x07\xe5\x83\xf2\
A\xe1\x8b,M\x97\xa6K\xd3\x01RF\xca\xc8y^\
\xc7\x96\x83-\x07[\x0e\x02\x86`C\xb0!\x18\x98N\
\x9bN\x9bN\x03Z\xdb[\xdb[\xdb\x5c\x9fGd\x11\
YD\x16 \x86\x18b\x00\xd24i\x9a4\x0dPn\
VnRn\x06\xbc#\xbd#\xbd#\x01\xef\x04\xef\x04\
\xef\x04\xe1w\x89L\x22\x93\xc8\x00i\x95\xb4JZ%\
\x10^\xfe{\xc0\xb2\x97\xb6_\xda~i;\xc0\x8dr\
\xa3\xdc(`9`9`9\x00\xd8\xb6\xd9\xb6\xd9\xb2\
\x01{\xb3\xbd\xd9\xde,\x84\x95\xdaBm\xa1\xb6P\xc0\
\x14b\x0a6\x85\x00'\x92N$\x9d\xb8\x8c\xbb\xdf\xb5\
\xa4kI\xd7\x12\x93\xc9a\x9b\xf8\xd1\x8f\x1c\xbf.[\
\xe6\x90\xbc\xd1\xefF\xc1\x87#\xf3T[\xdexw\xb3\
\x5c{\xde=\xf7\xfb\x0a\xc7\x92>\xe31V\xc4\x12\xac\
\xe8\xb9\xe7\x9e9\xf9\xcc\xc9g:\x00\xe8a\x80\x1e0\
\x1d0\x1d0\x1d\x00\xbe\x1d\xfdv\xf4\xdbQ`y\xe2\
\xf2\xc4\xe5\x89\xc0\x17e_\x94\x7fQ&\xf0A\x18_\
\xc6\x97\xf1\x15Rfq\x01\x9c\x96\x0b\x10b\x0bn\x0c\
\xaeWx\xd2&i\x93\xb4\x09\x10\xef\x14\xef\x14\xef\x04\
$c\x921\xc9\x18 O\x93\xa7\xc9\xd3\x00\x0f\xbd\x87\
\xdeC\x0f\xf8n\xf3\xdd\xe6\xbb\x0d\xf0\x18\xf2\x18\xf2\x18\
\x02\xe4\xd1\xf2hy\xb4\xb0$\xa72\xa8\x0c*\x03\x0e\
\xf7\xdb\xc6\xd9\xed\xf4\x1c\xec9\xd8s\x10\xb8`\xb8\xa0\
\xbf`\x00.\x8d]\x1a\xbb4\x06\x5c\xd8|a\xd3\x85\
\xcd\xc0\xdf\x1b\xff\xde\xf8\xf7\xb9\xdeW\xa7\x02\xa0\x0a\xa9\
B\xaa\x10\x90\xec\x96\x14Kv\x032\x99L&\x93\x01\
j\xad:P\xad\x05|K}K}KgK\x97#\
r\xe5\x0f\xfa}\xfa}\xfa}\xc0T\xd6T\xd6T\x16\
\xa0W\xe8\x15z\x05`\xef\xb2w\xd9\xbb.\xf3\xdb\xd7\
\xdak\xed\xb5\x00{\x90=\xc8\x1et\xdd\xc0\xb2\xed\xcb\
\xb6/\xdb\x0ex'z'z'\x02>\x12\x1f\x89\x8f\
\x04\xf0/\xf4/\xf4\x9f\x8bC\xed\x04\xdb\xc46\xb1M\
\x80]g\xd7\xd9u\x97\xd5vS\xda\xd46%\xa0\xdf\
\xa9\xdf\xa9\xdf\x09L\xfbN\xfbN\xfb\x02V\x83\xd5d\
5\x00L-S\xcb\xd4\x02\xf6C\xf6C\xf6C\x00\xb3\
\x9b\xd9\xcd\xec\x16\x12\x83\xb8\x927\x06\x9b\x8dO\x90r\
.\xe4\x5c\xc8\xb9\x10\xe0\xbbc\xdf\x1d\xfb\xee\x18\xf0]\
\xf5w\xd5\xdfU\x01S\xe3S\xe3S\xe3B\xf6]{\
\xb6}\x9b=\x1b0\xd5\x98\x0e\x99j\x00\x99\xaf\xccW\
6\xcf\x0a\xea\xdf\x8d\x95\xdb~\xe2\xf8\x95\xcf\xce{\xbd\
\xee\xc6+\xeb\x0d\xdc\xe8J\x82\xc7;Nvy\xc6c\
\xe6\xdf\x98\x7fc\xfeM\xee/\xd8\xcf\xd8\xcf\xd8\xcf\xbe\
\x1etu\xc6\xc4\xe8\xc4\xe8\xc4(\xe0\xaepW\xb8+\
\x803\xca3\xca3J\x80\xd10\x1aF\x03L\xd9\xa6\
lS6`\xb2a\xb2a\xb2\x010\x0d\x99\x86LC\
\x80\xe1\x80\xe1\x80\xe1\x00\xa0\x8f\xd2G\xe9\x17 \x5c\xf7\
J\xf0\x8a\x86^O\xaf\xa7\xd7\x03\x0c\xc5P\x0c\x05\xd8\
C\xed\xa1\xf6P\xc0|\xd8|\xd8|\x18\x98*\x9b*\
\x9b*\x13\xfe\xb6{\xdb5vo\x80\xe9f\xba\x98n\
!q\x08\xc7r,7\xc7\x06%()()(\x09\
\xb0\xec\xb4\xe4[v\x02KR\x96\xa4,I\x11\xfe\xbe\
\xb5\xe6\xd6\x9a[k\xe6\xe8\x9f\xb3\xb2\x11\x9dL'\xd3\
\xc9\x00c`\x0c\x8c\x01\xa0\xc3\xe9p:\x1c0\xfb\x9b\
\xfd\xcd\xfe\xc0T\xd8T\xd8T\xd8l\xe9\x0a\xb3\xb6\x00\
\xba\x0d\xba\x0d\xba\xcb\x89\x03\xce\x1az\xe6\x8d\xe6\x8d\xe6\
\x8d\x80\xbd\xdd\xdeno\x07\xec\x81\xf6@{\xa0@\x00\
\xc2\xf3x\x1e\xcf\xcfn\xe0\xde\xda{k\xef\xad\x05>\
W|\xae\xf8\x5c\x01\xb0\xa1l(\x1b\x0a\xacV\xafV\
\xaf\x9e'a\x02\xdb\xc2\xb6\xb0-B-7\xeb\xa4u\
\xd2:\x09\xf0\x893\xd8\x186\x86\x8d\x01\xb8R\xae\x94\
+\x05L\xa7L\xa7L\xa7\x00k\xac5\xc6\x1a+\x10\
*\xd8*\xb6\x8a\xad\x82P\x93\x8e'\xb7\xcf\x90\xdc!\
\xc1\xcc4\xb8~#\xa0!\xc1\x90`H\x00\xc8=\xe4\
\x1er\x8f\xc0\xdd\xbe\x14x)\xf0R 0\x1d?\x1d\
?\x1d\x0f\xd0\xde\xb47\xed\x0d\xd8\xaal\xd5\xb6*\xc1\
\x0dz.\xff\x5c\xfe\xb9\xfck'\x988\x14\xc1\x1b5\
\xd9K\xb3\x97f/\xad\xad}M\xf9\x9a\xf25%\xbf\
\x94\xe7\x0b\x8b\xdclU\xe0+\xc1\x97\x02\xe3\x0b\x8d4\
\xbc\xcb\x898\x11'\xda[>S.\x9d\xaf\x99\xe8$\
~q4\xc7r4@P\x04IP\x98ah\x1a2\
\x0c\x19\x86\x0c\xc0Q\xbe\x5c('\xcf\xef\xa5E\xa1\xa2\
PQ\xa8p\x1d>\xf9&\xbf%5e\x9a2M\x99\
\x0b{w\x00`\xf7\xb4{\xda=\x85\xe0%k\x99\xb5\
\xccZ\x06\xa0\x16\xb5\xa8\x05\x88r\xa2\x9c(\x07,\xe5\
\x96rK9`W\xd8\x15v\x05`\xf27\x05\x98\xfc\
\x01k\x85\xb5\xd2Z\x010\x1e\x8c\x07\xe3\x01p\xc5\x5c\
17\x07\xa1M\xadUk\xd5Z \xd5?\xd5?\xd5\
\x1f\xf8W\xf0\xbf\x82\xff\x15\x0c\xdc\xea\x7f\xab\xff\xad\xfe\
\x80\xba^]\xaf\xae\x9f\xa3\x83\xce\xf7\x95\x89f\xa2\x99\
h\xc0\xdafm\xb3\xb6\x01\x18\xc2\x10\x86\x00\xce\x9f\xf3\
\xe7\xfc\x01\xab\x87\xd5\xc3\xea!\x9c\xc6\xa7;w\x85\xd9\
+\x00\xe7\x1e\xd5\xe8o\xf47\xfa\x0b\x1a\x98O\xb9\xc5\
3\xf8\xec;\xed;\xed;\x016\x80\x0d`\xaf\x81@\
\xc1\xbb\x99Vw\xaf\xee^\xdd}\xf5\xe3y?(_\
$q\x86`\x94a\xc9\xb0d\x00\xfa:}\x9d\xbe\x0e\
0\x8c\x1aF\x0d\xa3\x80e\xbbe\xbbe;`\x19\xb3\
\x8c[\xc6\x00\xdb:\xdb:\xdb\xba9\x88E\xfc\xc4\xe7\
3\xb6x\xc3\x177\xc8\xdb\x03XV\x9f\xa6_\xa7O\
\x03\x8c\x19\xc6\x0cc\x06\xa0\xef\xd5\xf7\xea{\x01c\xa4\
1\xd2\x18\x09\x184\x06\x8dA#d22\x87\x9b\xc3\
\xcd\xe1\x809\xcc\x1cf\x0e\x03\xcc\x16\xb3\xc5l\xb9\xfe\
\x96\xf7\x7f\xbb\xff\xdb\xfd\xdf2\xb4C!<\xfb,\x1a\
\xd0\x80\x86\xfb\x1fp\xfc\xef\xde\x05\x0al\xe5\x8b\x87\xfe\
\xe9\xf0\x8a\xda\x15\xb5+j\xef\xbb\x8f\xbb\x87\xbb\x87\xbb\
go9g\xe2L\x9ci\x8eS\xf8Te\xce\x09\xcf\
+\x02^\xe1\x19\xb7\x1a\xb7\x1a\xb7\x02\xe66s\x9b\xb9\
\x0d0t\x18:\x0c\x1d\x80Ao\xd0\x1b\xf4\x02q\xc6\
Tn*7\x95\x03\xa6dS\xb2)Yx\x1f\x8d\x1d\
\xc6\x0e\xe3\x0dS\xb7]+x{\x99\xbd\xcc^\x060\
\x9dL'\xd3\x09X7X7X7\x00\xd6u\xd6u\
\xd6u\x80a\xbda\xbda=0\xad\x9eVO{\x00\
\x86 C\x90!\x08\xb0\x06Y\x83\xacA\x80Mg\xd3\
\xd9t\x00\xd3\xc040\x0d\x82\xc2r\x05~\xa2\xafN\
]\x9d\xba:u\x9e\x89\xcf\xc3\x99q\x899\xc0\x1c`\
\x0e\x08\x846\xdb\x1e\xdb\x1e\xdb\x1e\xc0l3\xdb\xcc6\
\x80\x8f%\x99N\x99N\x99N\x01\xf4\x94\x9e\xd2\xcf\xe3\
\x03\x99\xf5_\xd3g\xa6\xcfL\x9f\x01\x88b\xa2\x98(\
\x06\x88\xf5\xc4zb=\xc0\x0c3\xc3\xcc0\xc0\xace\
\xd62k\x01:\x8c\x0e\xa3\xc3\x00\x11+bE\xd7\xfd\
\xdd\xbc:\xf8L(|\x8e?\xf60{\x98=\x0c\xd8\
\xfam\xfd\xb6~\xa1\x84\x13\xb7\x81\xdb\xc0m\x10\xb2\xb1\
\xd2\xbb\xe8]\xf4.\x80\x9e\xa0'\xe8\x09@\x14'\x8a\
\x13]\xee\xbc\xe2\xbf\xf8|p\x86?\xfc1\x13{v\
\xbdVe\xc0\x90`H4\x5c\x16\xee)\x8a\x16E\x8b\
\xa2\x85\x17\x82\xaf\x0e\xcbS:\xf9=.\x9dH'\xd2\
\x89\xc0\xd0\x1dCw\x0c\xddq\xb3\xa3\x050\xb71\xb7\
1\xb7\x9d\x1fs\xb8{\xf2~\xe9 \x22u8\xb3\xe6\
>\xea$;_=5\x96\x03UU\x0e\xf9\xd6[\xdc\
K\xdcK\xdcKmm\xf8\x0c\x9f\xe13\x08\xe9\xafy\
\xa3\x06\x0f^\xb1\x0a\xb9\x0aY\xe7\xbf\xff\x16\x9b\xc1\xbf\
\xa0\xfc\xca\x92\xca\xa7\xf2\xa9|\x80\xdcA\xee w\x00\
\xa2\xa3\xa2\xa3\xa2\xa3\x10\x82a\xf80m\xe7\xf5\x0d\xed\
\x86vC\xfb\x0d\x0c\xd0U0c{pc\xdc\x187\
\xc0\x1ab\x0d\xb1\x86\x00t\x0c\x1dC\xc7\x08)\xbfD\
Q\xa2(Q$\xc0\x9cfN3\xa7\x01\xa6\x9f\xe9g\
\xfa\x01\xe6\x14s\x8a9\x05\xd0\xdb\xe8m\xf46\xcc\x94\
\xac[08\xef\x9f.\xa4\x0b\xe9B\x00\x07p\x00\x07\
\x00z7\xbd\x9b\xde-D\x1d\x92Ed\x11Y$T\
\xf2\x9aI\xc3\xff;\xfc\x0e\xbf\x9b}\xd9Y)\xc1\x0a\
\x96\x16,-Xz\xd9\x11\x9e\xf0\x84'\x84\xa8&\x9e\
\xb4\xec\x04\x97\xc6\xa5qi\x97]\xd0Ymw\x16\xf8\
4\xd67[\x85UX\xba;r\xd0i\xa0\x81\x06p\
\xa4\xcf\x06\xb8z\xae\x9e\xab\x07\xc4'\xc5'\xc5'\x85\
\xec\xad?x\xf3\x07o\xfc\xe0M \xfap\xf4\x91\xe8\
\xc3\x00\x02\x11\x88@\x80\x08'\xc2\x89p\x80\xb8H\x5c\
$.\xf2L\xbbk\xf5\xc7\xe7\xfd\xf2\x99]\xcf\xecz\
f\xd7\xde\xf2[?\xb9\xf5\x93[?\x01<\xd5\x9ej\
O\xb5\xf0e\x1b\xff\xc5\xf8/\xc6\x7f\x01X\x12,\x09\
\x96\x04\xcc\x8c#QC\xd4\x105\x98\xa9\xfbNv\x91\
]d\x17\xa0\xb1j\xac\x1a\xab\x90\xb1f\xf1\xa6\xc5\x9b\
\x16o\x12\xca\xaeK*%\x95\x92J\xe0l\xf5\xd9\xea\
\xb3\xd5@\xae>W\x9f;\xcfx:\x14\x01\x9f\xd3\x90\
/Pr5$>\xf8\xd7\x97\xfe\xfa\xd2__\xfa\xb0\
%q4q4q\x143n\xd5\xde\xc6\xde\xc6\xdeF\
\xc0Vi\xab\xb4U\x02\xe7\x95\xe7\x95\xe7\x95\x80\xae[\
\xd7\xad\xeb\x06,\x9d\x96NK\x17\xa0K\xd2%\xe9\x12\
\x01F\xc7\xe8\x18\x1d0\xf9\xfd\xc9\xefO~\x1f`k\
\xd8\x1a\xb6\x06 @\x80\x00@D\x10\xe1D\x04@\xb4\
\x11\xedD\xbb3\xc1\xc9Z\x800\x11&\xc2$\xa4\x14\
#V\x12\xb7\x12+\x81\xbe\x87\xfa\x1e\xee{\x088\x1a\
p4\xe0h\x00\xff\x9c\xf8\xe7v5d<\xa6\x7f@\
\xff\x80\xfe\x81w\x8e(&\x15\x93\x8aI` p \
p \x108\x95v*\xedT\x1a\xd0\xd7\xd5\xd7\xd5\xd7\
\x05XWZWZW\x0a+Q\x04#\x08\xc1\x00:\
p\x12\x1d\x00\xb1\x99\xd8Ll\x86\xf0\xfe\xf1\xf3C\x01\
\x05\x14\x82\x0d\x80 \x09\x92\x98\xcf\xb9\xec\x0c>\xe2\xd6\
s\xeb\xb9\xf5\xf3\x1c\xc7\xbf\xef\xfc\xd6\x88W\xb4\xfc\xdf\
N\xf0Q\xa13\x0a\xda9\xefJ\xde+y\xaf\xe4\xbd\
9\xae\xbbPL%\x9e\x89\xc4[\xe7\xfdH?\xd2\x8f\
\x04\x96U/\xab^V\x0dh{\xb4=\xda\x1e`E\
\xd1\x8a\xa2\x15E@\x80!\xc0\x10`\x00\x96\x1e^z\
x\xe9\xe1\x99\xfc\x103L\xa7\x85\xea\x17/\xd7n\x5c\
\xbbq\xedF \xad1\xad1\xad\x11x\x8a~\x8a~\
\x8a\x06\x0a{\x0b{\x0b{\xf9\xd1\xd8\xb9\x93\x1f\x95k\
\x93;v\xdcl\xbf\xf2:\xf2:\xf2:\x00\xcd!\xcd\
!\xcd!\x81\xd1\xb8t`\xe9\xc0\xd2\x01 \xa8>\xa8\
>\xa8\x1e\x08M\x0fM\x0fM\x07B\xe8\x10:\x84\x06\
V\x9eYyf\xe5\x19\xe0\xe1\x81\x87\x07\x1e\x1e\x00\x1e\
\xcdy4\xe7\xd1\x1cW\x0c\xc7\x0d\x1b\xae\xef\xbe\xee\x89\
\xe5\xde\xe4\xde\xe4\xde\x04\xd2\x91\x8et\x00\x0f\x97=\x5c\
\xf6p\x19\x90\xb8=q{\xe2v \x22<\x22<\x22\
\x1c\x88\x08\x8a\x08\x8c\x08\x02n+\xb9\xad\xe4\xb6\x12\xe0\
\xd6\xe3\xb7\x1e\xbf\xf58\xe0\xdf\xe4\xdf\xe4\xdf\x04\xf8\x86\
\xfa\x86\xfa\x86\x02\x1a\xadF\xab\xd1.\xdc\xf3t\xe0\xb7\
\xbf\xbd\xbe\xfbz2+5&5&5\x06HHL\
HHH\x04b\xb6\xc4l\x89\xd9\x02\xbc\xfb\x1f\xef\xbe\
\xf8\xee\x7f,\x5c\xff\xf2C\xf3C\xf3C\x01\xcdI\xcd\
I\xcdI\xc0w\xab\xefV\xdf\xad\xc0\xd2\x86\xa5\x0dK\
\x1b\x80\x80\xa8\x80\xa8\x80\xa8\xcb\xe6C`\x806 \x10\
X\xda\xb8\xb4qi#\xe0\x9b\xe9\x9b\xe9\x9b\x09h\xba\
5\xdd\x9an \xffL\xfe\x99\xfc3\x0b?/\x16,\
\x18\x88T\x90\x0aR\x01H\x86$C\x92!!\xf7\x9e\
r\xa3r\xa3r#\xe0^\xed^\xed^\x0d\xa8<U\
\x9e*O\xc0m\xbb\xdbv\xb7\xed\x80|R>)\x9f\
\x04\xc4\x07\xc5\x07\xc5\x07\x85\xe4\x89\x0b\x8e\x00\x04 @\
0\xc6Q\x14EQ\x94\x10\x14\xe4\xc0\xf5\x1a\x01\x19\xf6\
\xa2\xefE\xef\x8b\xf3X\xf1\xaf\x06\x22\x93\xc8$2\x05\
\xff\xae\x84\x92P\x12\x0a\x90u\xca:e\x9d\x00\x15H\
\x05R\x81\xce\x04\x16\xeb\x01j\x92\x9a\xa4&1c\xc3\
\x10\xf7\x8a{\xc5\xbdW\xab\x7fp\xe3I5\xadZ\xab\
\xd6\xaa\xc5L!\x162\x99L&\x93\x85/\x0d\x95@\
%R\x09\x97\x15\xa7t\xc6\xd5K\xa3\xa4Q\xd2(!\
\x97 \x91Md\x13\xd97\xda\x0b\x01z\xad^\xab\xd7\
\xf2\x7f]/q\x8b\xa1\x95%\xca\x12e\x09 -r\
\x14H!\x13\xc9D2\x11\x10\xb7\x89\xdb\xc5m7\xdf\
\xbf\x198\xbf\xc0T5UMU\x03R\x7f\xa9\xbf\xd4\
\x1fp\xdb\xed\xb6\xdbm7\xa0\x1aP\x0d\xa8\x06\x00u\
\x9b\xbaM\xdd\x06\xa8&T\x93\xaa\x09\xe1\xff\xf9\xe3\xff\
\xc7s\x02\xf6\xec\xee\xd9\xdd\xb3\x1b\xe8\x19\xee\x19\xee\x19\
\x06\xbe\x90}!\xfb\xe2\x1a\x9cE\xa4\x9e\xd4\x93z@\
\x5c\x22.\x11\x97\x002O\x99\xa7\xccS\x88\x1es;\
\xeev\xdc\xed8\xa0d\x95\xac\x92\x05\xa4\xfb\xa4\xfb\xa4\
\xfb\x84$\x98|\x92I>k\xea\xd5\xf0y\xcd\xe7\xd5\
\x9f\xd7\x00_l\xfdb\xeb\x17[\xafz\xf8L\xfc0\
\xd5N\xb5S\xed\x804I\x9a$M\x02\xd4\x9f\xaa?\
U\x7f\xca\x1ft\xbd6\x00\xbb\xedd\xd3\xc9\xe6\x93M\
\x80Uf\x95Ye@_u_u_50\xde4\
\xde4\xdet\xf5+\x10\xc1D0\x11,T\xa5\x95\x04\
I\x02%A\x80l\x9bl\x9bl\x1b\xa0\xde\xa1\xde\xa1\
\xde\x01\xa8N\xabN\xabN\x09\x19c\xa4\x85\xd2Bi\
\xa1\x90ZM\x99\xa9\xccT\xba\xdc\xe1_\xefD\xc1\xcc\
\x16\xe9\xd6\x84[\x13nM\x10r\xfcI\xbd\xa5\x1a\xa9\
7 \xce\x10g\x883\x00i\xa7\xb4S\xda\x09\xa8\xaa\
TU\xaa*@Z/\xad\x97\xd6\x03\xe2c\xe2c\xe2\
cBj82\x95L%S\xaf\xde\xec\xd9\xc9\xb3\x93\
g'\x81o\x1a\xbei\xf8\xa6\x01\x18\x1d\x1b\x1d\x1b\x1d\
\x03&\xd7M\xae\x9b\x5c\x07t\xc5w\xc5w\xddD\x90\
\x93\xe2\xa0\xe2\xa0\xe2  \xd5Iu\xd2I!\xe7!\
\x9f\xf8\xc4\x15,\xc7,\xc7,\xc7\x80\xcf\xc3?\x0f\xff\
<\x1c\x98\xce\x9c\xce\x9c\x9e\xcf\xa2\xc2'\x05\xe5\x99\x85\
\xceq\x91h%Z\x89\x16p3\xb9\x99\xdcL\x80r\
R9\xa9\x9c\x04\xdc,n\x167\x0b \xf1\x93\xf8I\
\xfc\x00i\xbb\xb4]\xda\x0e\x88\xb2D\x1bEYW\xbf\
\xaf\xe9S\xd3\xa7\xa6O\x01_H\xbe\x90|!\x01z\
+z+z+\x80\xde\xa0\xde\xc0\xde \xd7\xe7\xcd\xfa\
2\x8c\xab\xc7\xd5\xe3j8\x12\x0a\x1c\x05\xc8\x142\x85\
L\x01N\x8c\x9d\x18;1\x06\xac\xf1]\xe3\xbbf\x8e\
/\x1e_ D|X|X|X\xe0(\xab\xb6\xab\
\xb6\xab\xb6\x03\xea\x8d\xea\x8d\xea\x8dB\xad>Q\xbd\xa8\
^T\x0fL[\xa6-\xd3\x16\x80^G\xaf\xa3\xd7\x01\
d\x1c\x19G\xc6\x013F\xa7+p\xa2\xf8D\xf1\x89\
b\xe0\xc2\xd6\x0b[/l\x05H\x05\xa9$\x15\x80\xc1\
`0\x18\x0c\xc0\x1a\xe5\x1a\xe5\x1a\xe5\x1c\xfdK!R\
\x88\x14A\xa3R\x83\xd4 5\x08h\x16i\x16i\x16\
]}\x80\xe7\x86\xc9\xf4\xf5\xe1\xaf\x0f\x7f}\x18\xf88\
\xe8\xe3\xa0\x8f\x830S\x10b\xc44b\x1a1\x09\xc4\
\x8d{c\xef\x8d\xbd7\x16\x90\xa7\xc8S\xe4\x971\x1f\
\x89V\xa2\x95h\x03\xc8H2\x92\x8c\x04\xc4\xa1\xe20\
q(\xa0\xf4W\xfa+\xfd\x01\xb7\x22\xb7\x22\xb7\x22\x80\
\x92Q2J\x06H,\x12\x8b\xc4\x82\x19\xe3\x98\x97\xb7\
\x97\xb7\x977\xe0\xa6pS\xb8]gz\x8cy\x11\x8b\
X\xc4\x02\xa4\x17\xe9Ez\x01\xca\xed\xca\xed\xca\xed\xc2\
\xf3\xd4\xf5\xeb\xfau\xfd\x00\xb5\x8d\xdaFm\x13\xd2\xc0\
\xf3\x99\xa4\xb8\xd3\xdci\xee\xb4\x90\x86\x9d\x08\x22\x82\x88\
y^\xc4\xae\xfc\xae\xfc\xae|\xc0Xe\xac2V\xc1\
\x91A\xea4@\x9c$N\x12'1S\xa3\xf2S\xdd\
\xa7\xbaOu7~[\xaa]\xaa]\xaa]\x80\xb1\xc0\
X`,\x00\xc8C\xe4!\xf2\x10\xc0\xfe\x85\xfd\x0b\xfb\
\x97\xd9\xc7[3\xac\x19\xd6\x0c\xa0-\xa9-\xa9-I\
\xa8\x18tFqFqF\x01\xa4\x8c\xa4\x8c\xa4\x8c\x00\
*\x7f\x95\xbf\xca_8\x8f/\xec\x22\xa2D\x94\x88\x12\
\xaa\xf8*\x06\x14\x03\x8a\x01a%,\x8f\x90G\xc8#\
\x00\xf3\x84y\xc2<\x81\x99\x1a\x81<\xc5]\x94#\xca\
\x15\xe5\x008\x8e\xe38>\xbb\x7f\x86\xb5\x86\xb5\x86\xb5\
@kOkwk\x0f \xeb\x90u\xc8.\xf7\x928\
\x9f\xa3+\xcc\xfa2\x8cN\x8eN\x8eN\x02\xa3\xe9\xa3\
\xe9\xa3\xe9\x82\xfc\xae\xfd\xbb\xf6\xef\xe6\xb1\xbe\x929d\
\x0e\x99\x03\x88O\x89O\x89O\x01T\x1f\xd5G\xf5\x01\
\x920I\x98$L\xf8B)K\x95\xa5\xcaR\x81\xb1\
G%S\xc9T2@\xa5P)T\x8a\x90'\xdd\x15\
Fv\x8f\xec\x1e\xd9\x0d\x5c8|\xe1\xf0\x85\xc3\xc0x\
\xcax\xcax\x8a\xf0\xbb+\x10\xc3\xc401,$i\
$b\x89X\x22\x16\x90\xd4I\xea$3t\x9a\xeb\xe7\
\x01\x5c*\xbb\xb4\xe7R\x19`T\x1a\x95F%\xa0\x8f\
\xd3\xc7\xe9\xe3\x00S\x88)\xc4\x14\x82\x99\x98\x89\xc1\xd4\
\xb3)\x83s|\x01\xa9m\xd46j\xab\x10<\x22n\
\x167\x8b\x9b\x05F\xda\x8cBm\x107\x88\x1b\x00\xd1\
zQ\xbah\xbdP\xaf^\xb9V\x19\xaf\x5c\x0b\xa8\x9e\
V=\xadz\xfaz{\xef\x0a\x0c\xcd\x9ea\xcf\xb0g\
\x00S\x8b\xa9\xc5\xd4\x02(\x22\x15\x91\x8aH@\x19\xad\
\x8cVF\x03\x84\x07\xe1Ax\x00\xb2\x00\x99\xbf,\x00\
\x90\xa5\xc8Rd)B\x9d\x05\xb1\xa7\xd8S\xec\x09P\
\x81\x94\x96\x0a\xbc\xfas\x1d;0v`\xec\x00\xf0]\
\xedw\x87\xbe\xab\x05\xc6\xb6\x8fm\x1f\xdb\x0e\x8c\x0d\x8f\
\x0d\x8d\x0d\x03\xe73\xceg\x9c\xcf\x00\x0c{\x0d{\x0d\
3&\xda\xeb\x7f^\xea,u\x96:\x0b\xa0\xc2\xa80\
*\x0c\x10\x15\x8a\x0aE\x85\x00\xa1!4\x84f\xf6\xf1\
_\x9f\xfc\xfa\xe4\xd7'\x01N\xcd\xa9950\x9c;\
\x9c;\x9c\x0b\xc842\x8dL\x03\x9c\x8d<\x1bqv\
\x8e\x88\x0dr\x13\xb9\x89\xdc$x\xa1\xa8\x1c*\x87\xca\
\x01\xc4!\xe2\x10q\x08 _/_/_\x0fxN\
xNxN\x00\xf2Dy\xa2<Q\xc8^M\x85S\
\xe1T8 \xda(\xda(\xda\x08\x10\xf5D=1\x87\
\x9bp\xf0\xe4\xe0\xc9\xc1N@\xd6\x22k\x95\xb5\x00\xe7\
F\xce\x8d\x9c\x1b\x99-]a\xd6\x0a\x80\x0f\xaf%\x92\
\x88$\x22I j\xa8\x0aT\x05\xaa\x02\xcc\x91\x8a\xc7\
\x01v\x90\x1dd\x07\x01\xfbF\xfbF\xfbF@\x9c*\
N\x15\xa7\x02\xb6\x1e[\x8f\xadGHNH\x1c&\x0e\
\x13\x87\x01\x9b\xc5f\xb1Y\x84\x92T4ES4%\
\x14Hp\x05\xbe\xdc\xf5\x84~B7\xa1\x07\x08\x96`\
\x09\x16\xf0:\xeau\xd4\xeb(\x80=\xd8\x83=s\x9c\
\xe8$t\xf0\xee\x11K\x8c%\xc6\x12\x03\xf8v\xf8v\
\xf8\xceh\xcc\xeb_*/\xd9\xb6${\xc96@9\
\xa4\x1cR\x0e\x01\xcc\x01f?s\x00`\xd7\xb2\x09\xec\
Zgl@\x17\x10\x94vkOP:\x00\xe0\xdf,\
\x1cL\x05S\xc1T\x08\xc4&\xba\x83\xee\xa0;\x00\xab\
\xc2\xaa\xb0*\x00I\xbf\xa4_\xd2\x8f\x99\x12U\x8c\x9e\
10z\xc0\xa2\xb7\xe8-z\xe0R\xde\xa5\xbcKy\
\x80\xe5\xa8\xe5\xa8\xe5\xe8\xd5'\xda\xb5\x82\x0c&\x83\xc9\
``z\xe5\xf4\xca\xe9\x95\x80\xacDV\x22+\xb9,\
q\x8b3~\xddF\xd9(\x1b\x05\x90\xeb\xc84r\x1d\
`\xab\xb1\xd5\xd8j\x00{\xba=\xdd\x9e.d\xc4\x99\
\xa9\xd0\xf49>\xc7\xe7\xb3\xdb\xe3)\xb6|\xedG\xa2\
\x9d\xe8 \xda\x01\x1cE\x03\x8e\x02hB3\x9a\x80\xe5\
m\xcb\xdb\x96\xb7\xdd\xf8}\x19\xb6\x1b\xb6\x1b\xb6\x03v\
\xcaN\xd9)\x80\x1dc\xc7\xd81\x80\x8dd#\xd99\
&\xf2\x8a\xed+\xb2Wl\x07\x866\x0cm\x18\xda\x00\
\x04\x0c\x05\x0c\x05\x0c\x01\xd6\x18k\xb45\x06\xb85\xf7\
\xd6\xbc[s\xe7\x18??\xd2\x8f\xf4\x13\xdc\xbf\xb4?\
\xedO\xfb\x03v\x93\xddd7\x01\xe6I\xf3\xa4y\x12\
\x98\x8c\x9a\x8c\x9a\x8c\x02\xccU\xe6*s\x15`\x9f\xb0\
O\xd8'\x00ZA+h\x05\xc0\x8c2\xa3\xcc(\xc0\
5qM\xdc\x1c[\xca\xc0\xd8\xc0\xd8\xc0\x18\xe0\xeb\xc4\
\xaf\x13\xbeN\x04\x96\xb5,k]\xd6r\xed\xe31K\
\x01x\xeb\xbd\xf5\xdez\x80\x08#B\x890\xe7\x16 \
\x15\xb8s\xcb\x9d[\xeetid\x02\xb8@.\x90\x0b\
\x14\xaa\x96\xda\x8f\xd9\x8f\xd9\x8f\x09\x04\x0f\xa6\x8e\xa9c\
\xea0\xa3@L\xfbM\xfbM\xfb\x01[\xb7\xad\xdb\xd6\
\x0d\xd0#\xf40=\x02\xb0\x05l\x01[\xe0\xba\x1d>\
\x0ds\xafg\xafG\xaf'@\x9e$;\xc9\x93@\xf8\
@\xf8@\xf8\xc0<w\xeaL\xcc\xc0gX\xe1'\xd8\
p\xe0\xb0v8\xf0\xda\x07\xec\xdfA\x92\xdem\xdem\
\xdem@trtrt2p~\xf0\xfc\xe0\xf9A\
\xc0\xad\xdb\xad\xdb\xad\x1bXR\xbf\xa4~\xc9|\x04\x0f\
\xe7\x0a\x81.\xa2\x8b\xe8\x22\xc0^o\xaf\xb7\xd7\x03\xe6\
ns\xb7\xb9[`xIZ$-\x92\x16\xc0\x96g\
\xcb\xb3\xe5\x01\xc68c\x9c1\x0e\xd0\xc7\xe8c\xf41\
\x80\xb5\xd4Zj-\x85\xe0\xef\xf5\x80\x1a\x1e|#\xa2\
\x1b6\xf6N\x96M\x96M\x96\x09[\x12c\x9b\xb1\xcd\
\xd8&\x94\x14\xe3\x15<_&\xdbj\xb0\x1a\xac\x06\x80\
if\x9a\x99f\xc0\xbe\xdb\xbe\xdb\xbe\x1b`7\xb0\x1b\
\xd8\x0d\xae\xdb\x89.\x8d.\x8d.\x05\xbe\x8e\xfd:\xf6\
\xebX\x80\x0a\xa6\x82\xa9\x10@\x9c\x22N\x11\xa7\x00\xb2\
.Y\x97\xac\x0b`&\x99If\x12\x80\x14RH\xaf\
\xf7nD\x94.T\x17\xaa\x0b\x05l]\xb6.[\x17\
\xc0\x1d\xe7\x8es\xc7\x01\x91\xbb\xc8]\xe4\x0e \x0eq\
\xb8\x8c7\x22\xcd\x97\x16H\xf3\x81\xfb=\xef\xd7\xdc\xaf\
\x01\xbe\x8c\xfc2\xe2\xcbH h$h4h\x04p\
\x93\xb8I\xdc\xe6\x0a\x99JD\x22\x12\x01F\xcbh\x19\
-`\xf3\xb6y\xdb\xbc\x01b#\xb1\x91\xd8\x88\x99\x94\
m\x96q\xcb\xb8e\x1c\xb0\xeb\xedz\xbb\x1e0\xa5\x98\
RL)\x80}\xc4>b\x1f\x11\xa8\xec\xae\xa0lS\
\xb6)\xdb\x80\x84S\x09\xa7\x12N\x01\x83\x11\x83\x11\x83\
\x11\x00\xb7\x87\xdb\xc3\xed\x01f\xca\xc7\x0f`\x10s\xcc\
\x8fY\x0a \xb2(\xb2(\xb2\xe8z\x06\xd5\x81\x998\
\xfc,Q\x96(K\xf8B\xf1\x9a\x95md\x8f\xb1\x8d\
\x98\xc9\xc2\xcb\xaf\x14\xf8\xfc\x02v\x89]b\x97\x00\x5c\
\x08\x17\xc2\x85\x00\xf8\x1a_\xe3k\xd7\xedELF\xe8\
\x22&\xaf\xbd\x7f\xd6dk\xb25\x19\xc06l\xc36\
\x80\x8e\xa0\xc3\xe9\x08`P6X8x\xc3\x8cx\x11\
\xb5N\xb7N\xb7N\x07\x90ed\x19Y\x06\xa8\xa0\x82\
\xeaz.\xe1\xdc\xdb\xf2\xb9\xe9\xe8\x0a\xba\x82\xae\xc0\x8c\
\xdf\x9d\xe7\xa8[;\xad\x9d\xd6N\x80\xdeJo\xa5\xb7\
\x0aU\x90\x99}\xcc>f\x1f`\x89\xb5\xc4Zb\x01\
\xf4\xa1\x0f}\x97]\x9fw\xb8\xdf \xa8\x12\xaa\x84*\
\x01\xcc\xd9\xe6ls\xb60\x8e\xd6pk\xb85\x1c`\
\x87\xd8!v\x08\x80\x05&X\x84<\xfbV\xa5Ui\
U\x02\xf6`{\xb0=\xf8\xb2b\x95W\xc1\x8a\x93+\
N\xae8\xe9\xfa\xff\xef\x0a\xb8+\xe0\xaek`\x9e\xce\
\x0d\x92\xa4k\xe8\x1a\xbaF\xa0\xb2\xf3\xde\x13z1\xbd\
\x98^\xec\xfaL\xe9V\xe9V\xe9\x16 bk\xc4\xd6\
\x88y>\x84<\x88\x03\xc4\x01\xe2\xc0e\x04:gY\
o\xab\xcdj\xb3\xda\x00.\x80\x0b\xe0\x02\x00*\x81J\
\xa0\x12\x00z\x9c\x1e\xa7\xc7\x01\xfb\x90}\xc8>\x04X\
\x13\xad\x89\xd6D\x80\xa9e\x0e1\xb5\x00v\xa3\x18\xf3\
(\x02U\xa8*T\x15\x0a\xdci\xbb\xd3v\xe7\xe51\
\x92.\xb2\x16\xf3\xb8a\xf7\xd0\x95\x98y\xd0\x07\xd8\x03\
\xec\x01\x80*\xa6\x8a\xa9b\xc0\xb6\xcb\xb6\xcb\xb6\x0b\x10\
y\x8b\xbcE\xde\x00\xb1\x87\xd8C\xec\x01\x98j\xa6\x9a\
\xa9\x16\xea\xd2\xf3UO\xd9\x1d\xec\x0ev\xc7B\xf5\xea\
\xb2\xfe\x9d\xb2\x9f\xb2\x9f\x02,\x1d\x96\x0eK\x07\xe0\xdd\
\xe2\xdd\xe2\xdd\x22\xa4.s\xe0z\xbf\x94b\x8a\xcf[\
p\xc3p> S\x90)\xc8\x14\x04\x88\xdaDm\xa2\
6\xc0v\xdcv\xdcv\x5c\xc8\x0d\xc7\x1b\xabh?\xda\
\x8f\xf6\x13\x98g\xd3\xeb\xa7\xd7O\xaf\x17\xf2#\xe0q\
<\x8e\xc7o\xa2?W\xc0\xe6i\xf3\xb4y\x02\xfap\
}\xb8>\x1c \x12\x89D\x22\x110\xf6\x18{\x8c=\
\x00YAV\x90\x15\x00\xe9AjI\x0f\x80\xf6\xa7\x03\
h\x7f\x80\xf6\xa4=iO\xa1\x9fl;\xdb\xce.\x00\
\x83O=\xac\x1eV\x0f\xe3:\x15\x1b\x9fEXD\xc2\
\x17\xbe\xf0\x03\x8c\xac\x915\xb2\x00\xd7\xc1up\x1d\x00\
\xf5W\xea\xaf\xd4_o\xbe\x7f<\xb8\x03\xdc\x01\xee\x00\
`l5\xb6\x1a[\x01\xd11\xd11\xd11\x00\x89H\
@\x22`9n9n9\x0eP\x99T&\x95\x09\xd0\
\xedt;\xdd.\x8c\x13\x1f\xd4F\xef\xa4w\xd2;\x17\
\xae_Wb\x16\x13\xf0\xf9W\x9f\x7f\xf5\xf9W\x01\xea\
\x10u\x88:\x04p\x8d\x5c#\xd7\x08\x10ZBKh\
\x012\x86\x8c!c\x80\xc1\xdd\x83\xbb\x07w\x03\xdaL\
m\xa6\xf62w\xc8\xd0\xe1\xa1\xc3C\x87\x81\xc0\xa2\xc0\
\xa2\xc0\x22a\x8f\x8b\x838\x88\x83\x00\xf4\xd0A\x0f0\
y\xcc\x0e&\x0f3u\xd4g\x8c0<\xa3\x8a\x87\x93\
\xc94Smv\x08\x83\x18\x02D\x05\xa2BQ\x01\x80\
.t\xa1\x0b\xc0n\xec\xc6n\x80\x18%F\x89Q\xe0\
b\xc1\xc5\x82\x8b\x05\x807\xedM{\xd3@\xea\xf9\xd4\
\xf3\xa9\xe7\x01\xf4\xa3\x1f\xfd@T\x5cTlT\x1c\x00\
_\xf8\xc1\x17p\x14\xea\xe0S\x82\xf1q\xf8W\xc3\xb3\
\xcff\xa7e\xa7e\xa7\x95\x95\xdd\xfb\xf8\xbd\x8f\xdf\xfb\
\xb8\x90\xcf\x9f\x0f\x97\xe6\xdd@\x96\xdd\x96\xdd\x96\xdd\xc0\
\xe8=\xa3\xf7\x8c\xde\x03\xc8\xfe%\xfb\x97\xec_\x80\xf9\
'\xe6\x9f\x98\x7f\x02\x18\xe2\x0cq\x868\xc0t\xc4t\
\xc4t\x04\xf0\xf5\xf4\xf5\xf4\xf5\x04\x88f\xa2\x99h\x06\
\xa4\xcfI\x9f\x93>\x07p\x9b\xb8M\xdc&\x001\x88\
A\x0c\x90Z\x9aZ\x9aZ\x0a\xac\x0e_\x1d\xbe:|\
\x8e\x07L\x10\x04Ad;=\xf0\x7f\xf8\xc3\xb5\xdd\xd7\
\xfd\xf77}\xd3\xf4M\xd37mm|f\x99)\xcb\
\x94e\xca\x02\xc8\xf6\xcb\xf6\xcb\xf6\x03}\xad}\xad}\
\xad\x80\xe5'\x96\x9fX~\x82\x99z\x01\xfc\x84\xe2\xeb\
. \x079\xc8\x01\xb8J\xae\x92\xab\x04\xe4q\xf28\
y\x9c`MW}O\xf5\xa0\xea{\x80e\x89e\xa9\
e\x09\xb0\xe8\xf7\x8b\xf6.\xfa= :-:#:\
\x0d\x88\xfd\xc4~b?@R-\xa9\x96T\x03\x1d\xef\
t\xbc\xd3\xf1\x0e\xf0\x86\xf2\x0d\xe5\x1b\xca\x92\xdf8\xfa\
\xfb\xfc<\x9b\xc6\xcb\xf1\xc4\x13\x8e\xf7\xbd\xae\xee\xdb\xac\
o\xb3\xbe\xcd\x02\xb0\x16k\xb1\x16\xe8\xaf\xec\xaf\xec\xaf\
\x04>y\xea\x93\xa7>yJ\x88\x0d`\xb7\xb2[\xd9\
\xad\x00\x19N\x86\x93\xe1\x001H\x0c\x12\x83\x00\x1f\x04\
E\xe8\x08\x1d\xa1\x03\xc6\xb2\xc6\xb2\xc6\xb2\x00\xe56\xe5\
6\xe56@Q\xa0(P\x14\x00\xa6\x12S\x89\xa9\xc4\
Y\xa8\xe3\x10\xe0\xdb\xe8\xdb\xe8\xdb\x88\x99\xe2\x9f\xe4 \
9H\x0e\x0ai\xca\xb9h.\x9a\x8b\xc6\x0c\xa3p\x86\
\x01\xc8\xc7\xae\xfcw3\x01\x03\xf2\x03\xf2\x03\xf2\x81\xe5\
Y\xcb\xb3\x96g\x01\xdaq\xed\xb8v\x1c\x08\xf0\x0f\xf0\
\x0f\xf0\x07\xfc\x8a\xfd\x8a\xfd\x8a\x01\xef\x01\xef\x01\xef\x01\
`q\xf6\xe2\xec\xc5\xd9\x0b\xcfP\xe2\x19\x81<Cp\
i\xdd\xd2\xba\xa5u\x02\x83pE\xf1\x8a\xe2\x15\xc5\x80\
v\x9bv\x9bv\x1b\xe0\x7f\xda\xff\xb4\xffi`I\xc9\
\x92\x92%%\x80\x8f\xdaG\xed\xa3\x16r\xb5\xf1I\x1f\
\xb9?p\x7f\xe0\xfe\x00p\x1fs\x1fq\x1f\x03\x9c\x95\
\xb3rv~4\xb6l\xe1G\xe5\xdadaahK\
hKh\x0b\x10\x18\x10\x18\x10\x18\x00\xdc\x9fw\x7f\xde\
\xfdy@dmdmd-p\xfb\xd1\xdb\x8f\xde~\
\x14X9\xb6rl\xe5\x18\xb0R\xb9R\xb9R\x09x\
\xc5x\xc5x\xc5\x00\xa5\xaf\x97\xbe^\xfa\xfa\xc2\x8f_\
BoBoB/\x7f_|\x86\x9fk\xbd\xaf\x87R\
#G\x22G\x22G\x16\xb0_\xd3\xdc47\x0d\xf8\xf5\
\xfa\xf5\xfa\xf5\x02\xcb\xb4\xcb\xb4\xcb\xb4\xc0-\xc7o9\
~\xcbq (%(%(\x05\xb8;\xf5\xee\xd4\xbb\
S\x81\xbb\xd6\xdd\xb5\xee\xaeu@\x94)\xca\x14e\x02\
n?v\xfb\xb1\xdb\x8f\x01\xfe\x8d\xfe\x8d\xfe\x8d\xfc}\
\xf1\x0a\xedZ\xef+=\xddU\xff\x1a\xff\xd0\xf8\x87\xc6\
?\x00^\xc9^\xc9^\xc9\x80O\x9bO\x9bO\x1b\xe0\
\xb7\xcfo\x9f\xdf>`Y\xdd\xb2\xbaeu\x97\xcd\x07\
m\x806@\x0b,\xadYZ\xb3\xb4\x06X\xbaq\xe9\
\xc6\xa5\x1b\x01\xd5a\xd5a\xd5a\xe0W\xe3\xbf\x1a\xff\
\xd5\xf8\x022\x0b\x9dL@\x9e\x198\xc3\x18mY\xda\
\xb2\xb4\x05\x08\x88\x0e\x88\x0e\x88\x06\xb4u\xda:m\x1d\
\x10\xd0\x14\xd0\x14\xd0\x04\x04\xe4\x05\xe4\x05\xe4]\x07\x13\
P%QQ*\x09\xe0~\xda\xfd\xb4\xfbi\xc0}\xa7\
\xfbN\xf7\x9d\x80jR5\xa9\x9a\x04\xe4\x05\xf2|y\
\x01\xa0\x08Q\x84(B\x04\xa6\xd7B\x83\xcf\x96*>\
 > >\x00\xc8ur\x9d\x5c\x07(C\x95\xa1\xca\
P@\xa9V\xaa\x95j@uTuTu\x14pk\
tktk\x04\xe4G\xe5G\xe5G\x85\xe2\x99T#\
\xd5H5B\x88EpfnA\x1f\xfa\xd1\x07\xa0\xd9\
Q\x06\xdb\x81\xebe\xcc\xadZu*\xf1T\xe2\xa9\xc4\
\xa4\xa4[\xeao\xa9\xbf\xa5\x1e\xd0\x15\xea\x0au\x85\xc0\
\xe2\xe1\xc5\xc3\x8b\x87\x01\x8f#\x1eG<\x8e\x00>}\
>}>}\x00\xdb\xca\xb6\xb2\xadB\x16\xe5\x8b\xcf]\
|\xee\xe2s\x0b7n\xbd\xd1\xbd\xd1\xbd\xd1\xc0-5\
\xb7\xd4\xdcR\xc3\xffz\xfdANSUSUSU\
\x0b\xd7/~e'\xd1H4\x12\x0d W\xcb\xd5r\
5 \x09\x94\x04J\x02\x01\xcf\x16\xcf\x16\xcf\x16\xc0G\
\xe1\xa3\xf0Q\x00\x9eU\x9eU\x9eU\x00;\xc9N\xb2\
\x93\xc0Y\xd3Y\xd3Y\x130\x92:\x92:\x92\xfa\xf2\
\xcb\x8e\x8b>\x90\xb0P\xdd3o2o2o\x12\xaa\
/\xf3D\x1cE\xb4\x22Z\x11-\xf0\x07\xd4\x09\xea\x04\
u\x02\xa0\xcaRe\xa9\xb2\x00E\x94\x22J\x11\x05H\
\xd7I\xd7I\xd79\x0b\xa4\x94\x03\xc4\x16b\x0bq\x0d\
\xb6\x82\xeb\x05\xcfc\x91\xca\xa42\xa9\x0cp\xabr\xab\
r\xab\x02T\xebU\xebU\xeb\x01u\xbd\xfa\x88\xba\x1e\
pOvOvO\x06T]\xaa.U\x97\xeb\xeb\xcd\
V\x00-\xaaVU\x0b\xa0\xf0S\xf8)\xfc\x00\xd9\x01\
\xd9\x01\xd9\x01@\xbcG\x5c*\xde\x03\xc8h\x19+\xa3\
\x85\xa5\xb6x\xb3x\xb3x\xf3\xd5;\xde\x97\xd2\x97\xd2\
\x97\x22X\xef\xaf\x06\xa2\x9f\xe8'\xfa\x85%\xa0tP\
:(\x1d\x14x\x06\x8avE\xbb\xa2\x1dp\x8bv\x8b\
v\x8b\x06\xa4\xa4\x94\x94\x92\x80\xa4A\xd2 i\x00\xc8\
\x02\xb2\x80,\x00$\x13\x92\x09\xc9\x04\x84%\x91\xb3`\
\xc3LP\x93\xb3\x88\xe3\x8d!\xdd\xe1\xd8\xc3\x7f\xfe\xe7\
_\xa3\xff\x1a\xfd\xd7\xe8W^\xf9\xdc\xf3s\xcf\xcf=\
\x01\x95IeR\x99\x80\x80\xca\x80\x8a\x80Ja\xcf\x19\
\xb8>p}\xe0z`Z6-\x99\x96\x01\xa9+S\
W\xa6\xae\xbczK\xdf\x14~S\xf8M!@\xf7\xd0\
\xddt\x8f\xeb\xe3\xbeS\x7f\xa7\xfcN\x0dL\x14O\x14\
O\x14\xdf\xe8}\x09\x05+\xae\x86\xd3\xf9\xa7\xf3O\xe7\
\x03\xc6\x10c\x881\xe4\xea\xc7\xf3\x8c8\xf4\xa2\x17\xbd\
\x005AMP\x13B6\xdb\x0b\x85\x17\x0a/\x14\x02\
JO\xa5\xa7\xd2S,\xe9\xf1\xef\xf1\xef\xf1\x7f2\xcb\
\x92i\xc9\xb4d\xbe\xfd\xb6\xe3*?\xcfq\xc8\x95\xd7\
\xd0\xe2\xe5p\xad\xe0\xf9 %\xaa\x88*\xa2\x8a\x00\xa9\
B\xaa\x90*\x00I\xb7\xa4[\xd2\x0d\xc8w\xc8w\xc8\
w\x00\x8a\x04E\x82\x22\x01\x905\xc8\x1ad\x0d\x80|\
\x9b|\x9b|\x1b \x8a\x14E\x8a\x22\x85\x1c\x99\x5c*\
\x97\xca\xcd\xc3|\xe4\xebh\xf4\xc6\xf7\xc6\xf7\xc6\x03\x06\
\xb5AiP_\xc3\x1d8\x99\x81\xfc|\x98\xa9\xb2\xed\
\xfc\xe0)\x86\x14\xc3\x8a!\xc0-\xd2-\xd2-\x12P\
z(=\x94\x1e\xae\xaf7K\x01x\xd4x\xd4x\xd4\
\x00\x1eG=\x8ez\x1c\x05\x16mX\xb4a\xd1\x06\xc0\
\xad\xc5\xad\xd5\xadUH\xd1%.\x15\x97\x8aK\x85=\
\x91+\x9cl=\xd9z\xb2U\xb0\x0d|\x93\xf7M\xde\
7y\x02\xa3\xcfe\xc72\xc9L2\x13\xa0\x02\xa8\x00\
*\x00\xa0$\x94\x84\x92\x002\x8b\xcc\x22\xb3\x00^\x99\
^\x99^\x99\x80\xa6A\xd3\xa0i\x00\xdcF\xddF\xdd\
F\x85pRY\xb9\xac\x5cV.\xac\x0cf\xf6TW\
*\x82\x93\xe8\xc4\x8c\xd5\xf9F\xdde~~\x0e\xc9G\
\xdd\x9d\xfa\xe7\xd1\xe2\xa3\xc5G\x8b\xff\xe3?N\xf4\x9e\
\xe8;\xd1\xabR\x07\x9f\x0a>\x15|\x0a\x98\xf4\x9b\xf4\
\x9b\xf4\x034\x91\x9a(M$pr\xfc\xe4\xf8\xc9q\
\xd7W6Z\x8c\x16\xa3\x05\xf8,\xfb\xb3\xec\xcf\xb2\x81\
\xde\x03\xbd\x07{\x0f\xb8>\xfe[|\x8bo\x01\x5c:\
u\xe9\xd4\xa5k\xa0T\xcf\x0d\x86\xb6E\xdb\xa2m\xd1\
\xae\x8f\x18\x8f\x1c\x8f\x1c\x8f\x04\xba\xb3\xba\xb3\xba\xb3\x80\
\x8e\xf1\x8e\xf1\x8ey\xee\x83\x07\x1f%\xe7\x9d\xe1\x9d\xe1\
\x9d\x01(I%\xa9$\x01\xf7q\xf7q\xf7q\xe0\x93\
\xf0O\xc2?\x09\x07\xfe\x8b\xfa/\xea\xbf(~\xa2\x1f\
z\xc3!\xf9p\xe6\xeb\xcdU\xc8\xe7\x0et\xfd|y\
\xab=_\xfe\x9c_9J{\xa4=\xd2\x1e\xc0\xa3\xd8\
\xa3\xd8\xa3\x18\xf0I\xf3I\xf3I\x03\xdc'\xdd'\xdd\
'\x01\x8a\xa5X\x8a\x05\xa4A\xd2 i\x10 *\x17\
\x95\x8b\xca\x01T\xa2\x12\x95\xb3\xdb1\xd6\x1b\xeb\x8d\xf5\
\xc0{\xb1\xef\xc5\xbe\x17\x0b|\xb3\xe5\x9b-\xdfl\x01\
\x8ek\x8f\x07\x1e\xd7\x02\xd3\xc5\xd3\xbb\xa7\xe7\x99\x17\xa2\
\xed\xa2\x1c\xd1v\xe1C(\x0f\x92\x07\xc9\x83\x007\xb5\
\x9b\xdaM\x0dx$x$x$\x08rQ\xc8\xa2\x90\
E\xf3\xa8\xc9Y\x1aQM\xabi5\x8d\x19*&_\
\x14\xd2\xdch>fn\x04\xa8f\xaa\x99j\x06\xc4\xb5\
\xe2Zq-`\xab\xb0U\xd8*\x5c7p\xae\xe9\x5c\
\xd3\xb9&\xc1o\xcc\xa99\x0fN\x0dXvXvX\
v@(\xeey\xe5\x03\x89#\xe2\x888@\xd4\x22j\
\x11\xb5\x00d4\x19MF\x03\xf2-\xf2-\xf2-\x80\
g\x90g\x90g\x10f\x8c\x04\xa6C\xa6C\xa6C\x00\
\xb3\x81\xd9\xc0l\x00L\x94\x892Q\x98)\xc6xe\
\x090\x22\x8c\x08#\xc2pE\xbc\xba\xcd\xf9\xa2\xdch\
\xed9\x1e|F\x9e\xc2\xd0\xe1\xa4\xe1\xa4\xe1\xa4\xc0@\
G\xc2\x9c\xa6\x0f\x1e7=nz\xdct\xf8\xf0\x97[\
\xbe\xdc\xf2\xe5\x16\xbbM\x1b\xa4\x0d\xd4\xceC\x91\x9d\x1e\
\x9e\x1e\x9e\x1e\x06\x0c#\x86a\xc3\x08`\xca7\xe5\x9b\
\xf2]\x1f\xafLQ\xa6*S\x00\xba\x9e\xae\xa7g\xf8\
\x07\xd7\xaf\xd8\xe8N\xba\x93\xee\x04\xf0}|\x1f\xdf\x9f\
\xfd\xffRZj\x93\xd2\x80%\xd8\x12l\x09v&a\
m\xbb\xfau\xdd\xb3\xdc\xb3\xdc\xb3\x84\xc2\x1c\x9dG:\
\x8ft\x1e\xf1\xf3\xfb\xa4\xe2\x93\x8aO*\xfe\xe3?\x1c\
G\xf1i\xc9\x97\xdf\xb0\xc3\xcf\x01\xbe\x22\xd0\xb4\xc1!\
\xf9\xec\xc4\xb3\xe1E{\xd1^4 \x0e\x10\x07\x88\x03\
\x00\xd1A\xd1A\xd1Aa\xeb\xa9\xcaVe\xab\xb2\x81\
\xc5\xc5\x8b\x8b\x17\x17c\x86b;\xbd\x7fz\xff\xf4~\
\x80\xac%k\xc9Z\x80\xdcE\xee\x22w\x01\xf4\x10=\
D\x0f\xcdn\xe7_\x95\xff\xaa\xfcW% M\x96&\
K\x93\x81\xe1\xda\xe1\xda\xe1Z  3 3 \x13\
\x18\xe8\x1f\xe8\x1f\xe8\x07Va\x15V]v\x1e\xcf\x04\
\xe4\xdd\xecT9UN\x95\x03T?\xd5O\xf5\x03\x8a\
\x1aE\x8d\xa2\x06\xf0(\xf7(\xf7(\x9f\xe3\x06_\xc6\
\xcbxy\xf6\xcf\xb3^\x0c>\x83\x08/\xa7\xd7M\xaf\
\x9b^\x07\xd0\xc7\xe8F\xfa\xd8e\x8c&g\xae4\xb6\
\x92\xadd\xe7\xd0t<\xfc\xd5\xfej\x7f5\xe0}\xdc\
\xfb\xb8\xf7q\xe1\xcb\xcd3\xfa\x5c\x81\xe7\x0f\xf0\xf9\xd7\
\xf9\x04!\xe6js\xb5\xb9\x1a\xd05\xe9\x9atM\x80\
%\xdc\x12f\x09\x17r\x06\x12\xc7\x89F\xe28 \xf6\
\x15\xfb\x8a}\x01\xea$u\x92:)0\xdb\xc8<2\
\x8f\xcc\x03\xd0\x83\x1e\xf4`&\x8f\x00+f\xc5\xac\x98\
O\x84\xc1\xe7\xde\xfb\xf0:8U\x80k\x85\xc1\x87\xe3\
\x1ez\xe3m\xc5\xdb\x8a\xb7\x15/\xff\xb6\xb7\xae\xb7\xae\
\xb7.>\xbe\x7fQ\xff\xe2\xfeyb\x11|\x83}\x83\
}\x83\x01\xba\x97\xee\xa3{\x81\xf8\xc0\xf8\xc0\xf8\xf9\x88\
KN\xc6\xa3R\xa3\xd4(\xe7\xa0\xb6^+\xa8\xad\xd4\
Vj\x9e +\xf7>\xf7~\xf7> L\x13\xa6\x09\
\xd3\x00w5\xdc\xd5p\xd7Q\xd7\xc7\xf3\x18\xdd9\xba\
st'\xd0\xd9\xda\xd9\xda\xd9\xbac\x87#\xed\xfc\x91\
?9\xfe\x97_A\x059U\xe2\xcd\xa6#\x7f\xf5\x80\
\xa3\x1a\xf5\xe2\xc5\xbc\xd1\xcb\x15x\x05\xc0\xc74\x88%\
bJ,\x01\xa8T*\x95J\x05\x88\x08\x22\x82\x88\x00\
.%^J\xbc\x94\x08L7M7M7\x01\xb4\x92\
V\xd2J\x80>E\xf7\xd3\xa7\x00\xba\x80.\xa0\x0b\x00\
\xfa0}\x98\x9eC\xdd\x04\xf5\x06\xf5\x04\xf5\x02\x96|\
K\xbe\xa5@0&\xf2\x7f\x07\x85\x06\x85\x04\x85\xce>\
\x8f\xcf\x17\xc0\x1cb\x0e1\x87\x047+\x9f\x98\xc7\xb4\
\xdb\xb4\xdb\xb4\x1b\xd0\xe5\xe9\xf2ty\xb3\xa5+\xccR\
\x00\xba\x8d\xba\x8d\xba\x8d\x82\xbc\xd4z\xa9\xf5R+`\
L4&\x18\x13\x01z\x07\xbd\x83\xde\x01\xd83\xed\x99\
\xf6L\x80\x03\x87y\xc6u\x86\xb9\xb7\xbcey\xcb\xf2\
\x16`\xf9\xf1\xe5\x8d\xcb\x8f\x0b\xbf\xbb\x02K\xb34K\
\x0b\xee\x18{\x90=\xc8\x1e\x04X\xf6[\xf6[\xf6\x0b\
)\x9a\xcc\xd1\xe6\x18s\xb4\x90C\x908E\x9c&N\
\x01\x8a8E\x9c\x22\x0e\xb0\xf7\xdb\xfb\xed\xfd\x97]8\
\x0aQ\x88\xc2L\xb4\xdb\x959\x02\xd9\xc5\xecbv\xf1\
\x9b\x87^\xfd\xfd\xab\xbf\x7f\xf5\xf7\x89\xceR'\xc5\xce\
E\x99\xebd\x97\xd7\x07>\x81\xc5[o\xfd\xa6\xee7\
u\xbf\xa9\xfb\xe3\x1f\xef;q\xdf\xc7\xf7\x9d\x10\x8e\xb0\
\xac\xb5\xac\xb5\xac\x15\xfe\xbe{\xf2\xee\xc9\xbb\xaf\x81\xf8\
\x94\xd9\x93\xd9\x93\xd9\x03,\x8a^\x14\xbdh\x9e%\xfc\
\xd5\xe0a\xf1\xb0xX\x5c\xff?W\xce\x95s\xe5\xc0\
d\xf3d\xf3d3\xe0\xbd\xcb{\x97\xf7.\xd7\xc7;\
\xdc\x91\xd1\xd1\xdfV\x7f[\xfdm5_\x1e\x9cw\xe3\
-T\xc1\x11^\x81\xdfw\x9f#\x1f\xc2\xcf~\xc6\xfc\
\x17\xf3_\xcc\x7f]\xfd\xcc\x81\xe1\x81\xa1\x81a@\xa4\
\x13\xe9D:\x80\xf0 <\x09\x0f\x80\xadek\xd9Z\
\xc0\xd2`i\xb04\x00\xd3\x0d\xd3\x0d\xd3\x0d\x80\xb1\xdc\
Xn,\x07\xec\x1ev\x0f\xbb\x07`\xdbd\xdbl\xdb\
\x040g\x983\xcc\x19\x80,$\x0b\xc99\xdeo\xa5\
^iP\xea\x81\x94\x92\x94\xe2\x94b\xc1\xab\xc5\xff\xad\
*T\x15\xa9\xe6\x9a\x17\xce\x95*\xb3\x8f\xa9d\xf6]\
\x96\xact\xc0<`\x1e\x00\x8cz\xa3\xde\xa8\x07t\xad\
\xbaV]\xab /\x9d\xbet\xfa\xd2i\xd7\xf7=k\
\x0b0\x9d<\x9d<\x9d\x0c\x90\xd9d6\x99\x0d\x90[\
\xc9\xad\xe4V\x806\xd0\x06\xda\x00XJ-\xa5\x96R\
\xc0\x9edO\xb2'\x01\x5c$\x17\xc9\xcd\xc1\xa1\xbe\x12\
w\x1e\xbc\xf3\xe0\x9d\x07\xaf~\x1c\x0f\xbe\xe2\x0f\x13\xc2\
\x840!\x00W\xc0\x15p\x05\x00\x1f\xa4b\x1d\xb2\x0e\
Y\x87\x00\xf1\x16\xf1\x16\xf1\x16\x80\xcb\xe5r\xb9\x5c!\
x\xc6g\xc4g\xc4g\x04\xa0c\xe9X\xfa\xf2h(\
'E\x93t#\xddH7\xbe\xe2Mt4\xbb\x88]\
\xc4.\xaa\xae\xe6\x15\xc1\x8f+\x7f\x5c\xf1\xe3J`\xdb\
\x0f\xb7=\xb2\xed\x87\xbf\xfe5\xf5\x1f\xd4o\xa8\xff\xa8\
|\x85\x09eB\x99\xd0\x9d\xcf:\xce\xe3\xddk7\x0a\
\xa1\x1ap{\x5c{|{\x5cP\x90\x83\xdf\xd2\xf0\xee\
\x9b\xef\xbd\xf9\xde\x9b\xef\xfd\xbe\x228?8?8_\
\xa0\xca^+|v\xfa\xec\xf4\xb9a\x02\x89\x9d\xe6\xb7\
z\xae\xc0\xd7TLA\x0a.\x0bnD\xcfx\xcfx\
\xcf8p\xd7\x1dw\xddq\xd7\x1d>\xbe\xec8;\xce\
\x8e\xf3\x13\xfe\xc1D\x87\xbc\xd1\xea\xc9W\x82\xaf?P\
\xf5\xbac\xc2\xbf\xe6\xd2:\xa2\xb8\xa8\xb8\xa8\xb8\x08\x98\
5f\x8dYseb\x11@U\xaa\xda\xa3*\x05d\
\x09\xb2\x04Y\x02\xc0f\xb0\x19l\x86\x90\x9e\xdc\x1cb\
\x0e1\x878\xbf\xd4\xf9\x80\xa5\xd1\xd2hi\x04\x98\x12\
\xa6\x84)\x11\xb2\xf42#\xcc\x083\x02\x104A\x13\
\xb4\xeb\x9e\xf3\x13\xfd\xca\xa5\xfe\xd5\xc0\xd40\x87\x98\x9a\
\xcb\xf248)\xee</\xc1\xae\xb5\x07\xd8\xb5\x00w\
\x94k\xe0\x8e\x02\xac\x82U\xb0\xf3ldg\xad\x00\xa6\
\x15\xd3\x8ai\x05\xa0\xaf\xd6W\xeb\xab\x854\xc8\xfa\x02\
}\x81\xbe\x000'\x98\x13\xcc\x09\x80-\xca\x16e\x8b\
\x02X\x09+aor\xa16\x17\xa8\xfd\xd4~j\xbf\
\x10/\xcf\x97\xfffw\xb1\xbb\xd8]\x80\xad\xcf\xd6g\
\xeb\x13\x06\x9c\xb7\xfa\xcbI9)'\x81\xe9\xc0\xe9\xc0\
\xe9@\x81\xa2\xcb\x83\xb8\x97\xb8\x97\xb8\x97\xcf\xfc\xd3\xe2\
\xe4~\xbd\xfe:y\x89\xbcD^z\xfdu\xf2;\xf2\
;\xf2\xbb\xa8(H \x83\x04\x80'4\xf0\x04\xe87\
\xe97\xe97/\x8cs{\xb9\xbd\xdc\xdeg\x9d\x0a \
\xf5a\x87\xe4\xbf<7\x0a~\xeb\xc0\x97\xb9\xae\xd8\xfb\
\xe4CO>\xf4\xe4C\xe5\xbf\xbb\xfb\xb7w\xff\xf6\xee\
\xdf>\x90x\xcd\x97r\xba9o\xfb\xf8\xb6\x8fo\xfb\
\x98\xff\xf1z\xdd\x80\x0c\xbdT\xb7T\xb7Tw\xedg\
\x94n+\xddV\xba\x0dX\xed\xb3\xdag\xb5\xcf\x8b/\
:&\xfe\x9f\x9d\xdf^~\x0bt\xb3\x13\x9fOR\xba\
o\x9fCQ\xaf\x7f\xf4j\x13\xdf\x91\x12\xad\xa8\xc81\
\xf1\xf9\xe7=\xf6\x9dcE\xf2\xd6[\xb2\x07e\x0f\xca\
\x1e\xf4\xf2>\x1dx:\xf0t  \x0b\x90\x05\xc8\x02\
\x00\xd5\x16\xd5\x16\xd5\x16\xc0-\xd4-\xd4-\x14\x10\xd7\
\x8a\x0f\x89k\x85\xd8\x0cN\xc7\xe98\x9d\x90\xda\x8dw\
\x1f\xf26\x04\xde\xbd\xb9`pz\xad\xf8\x15\xb8\xd5d\
5YM\x80q\x93q\x93q\x130]?]?]\
\x0f\xe8\xd7\xeb3\xf4\xeb\x81\xa9\xa6\xa9\xa6\xa9\xcblo\
\xaep\xf39\x013\xb9\x0c\xee2& q\x9ch\x22\
\x8eCHWl\xe1,\x9c\x05`3\xd9L6\x13`\
\xf2\x98<&\x0f3_b>\xec\xd5K\xec%\xf6\x12\
\x03\xa2xQ\xbc(^X\xd2/+YV\xb2\xac\x04\
0\x9e1\x9e1\x9e\x01\xfc\xd2\xfc\xd2\xfc\xd2\x00\x93\xc4\
$1I\x80[2o\xc9\xbc%\x130\xa7\x9aS\xcc\
\xa9\xc0W\xecW\xecW,\x10EEI\xa2(\xe06\
\xe9m\xd2\xdbf\x82F\xf8/\xd1/\xe6\xd9\x15\x01\x82\
\xf1\xe8\xb5\x83\x8e\xda\x88?\xfd\xe9L\x8a-\xa7Q\x91\
G\xdf\xe9\xbeS}\xa7\x81;_\xbb\xf3\x8fw\xbe\xc6\
\x17\xda\xd8\xfeS\x87\x5c\xa8\xf2\xd8<\xf8\x17}\xdbO\
\xb2=\xb3=\xb3=\x81?\x5c\xfc\xc3\xc5?\x5c\x04\xd0\
\x8dnt\x03\x5c\x04\x17\xceE\x00\x84/\xe1G\xf8\xf2\
\xb9\x0e\xaf\x97\x09x\xd7]\xdc#\xdc#\xdc#\xdd\xdd\
|^\x08\x1e\xbd\xa6^C\xaf\x09x\xe7\xdew\xee{\
\xe7^\x11U\xd2S\xd2S\xd2\xf3\x83u\x8e\xff\xe5\xcb\
x\xf3\x13~\xa1\xf0\xfb\x0a\x87\xacz\x9d{\x89\xfb\x0d\
\xf7R\x7f?\x9b\xce\xaeg\xd3g\x1f\xe9\x98\xf0\x0f;\
\xfb\xb3\xd9\x19 \x9d\x966\xff\xf5\xfb\x9c\xd1\x13MM\
\x0f\x0d=4\xf4\xd0\xd0\x0b/\xec~g\xf7;\xbb\xdf\
\xb1Xl\xfbl\xfbl\xfb\x81\x98\xa1\x98\xa1\x98A\xe0\
x\xd6\xf1\xac\xe3Y\x80lX6,\x1b\x06\xa6NO\
\x9d\x9e:-\xac\x00.\xed\xba\xb4\xeb\xd2.\xcc$\xed\
\xb4\x1f\xb1\x1f\xb1\x1f\x11\xbc?S\xafN\xbd:\xf5*\
f\x92\xd1\x92\xf9d>\x99/x!\xf8\xbc\x1a|a\
\x1c>\xc7\xe5\x0c#\x90\xe7\xb3\xf0L@~>:%\
\xcf\x1c\xfd\x9f\xcf\x09\xb8i\xc9\xa6%\x9b\x00\xef4\xef\
4\xef4\xa1\x8a\xef\xb2C\xcb\x0e-;\x04h\x8b\xb5\
\xc5\xdab`y\xdd\xf2\xda\xe5u@PxPXP\
8\x10\x94\x16\x94\x16\x94\x06\x84\x94\x84\x94\x84\x94\x00\xc1\
\xd5\xc1U\xc1\xd5\x00kg\xed\xac\xfd\xfa\xfb\xf1\x8c\xe9\
\x19\xd333A'\xfc\x0b?x\xd6!\xaf\xb7*/\
_U\xf6Sg\xce\xa0\xe7\x0bJ\xef(\xbd\xa3\xf4\x0e\
\xc0\xb1\x12\x00\xb8\xbb\xb8\xbb\xb8\xbb\x04\xb9\xa9~S\xfd\
\xa6z\xde\xdf\xcc\x13V\xf8\xeb\x5ck\xbb\xae$_\x8d\
\x97\xaf\x06\x5c\xb1\xd7\xbf\xcc\xbf\xcc\xbf\xcc\xdd\xe3\xe5{\
^\xbe\xe7\xe5{\x5c\xe5\x04|j\xd3\xf5\xb5\xb32\x84\
{\x9b{\x9b{\x1b\xd8\x18\xbe1|c8\xf0`\xf4\
\x83\xd1\x0f\xce|I\xa2\xa2\xfe\xfd\xfe\xae\xec\xdf\x8d\xde\
\x9f\xcd\xea\x90\xef\xbf\xef\x90ii\xdc\xfb\xdc\xfb\xdc\xfb\
\x80c\xe2\x0b\xf2\xdf\xef\x8f\x07O\xe1\xbe\xd9q\xe6\x93\
\xa7\xbaf\x0e^M\xbe\xfe\x9b\xd7\x7f\xf3\xfao\x80[\
=n\xf5\xb8\xd5\x03X\xb1o\xc5\xbe\x15\xfb\x00m\xb2\
6Y\x9b\x0c\xac\x88]\x11\xbb\x22\x16\xd0vi\xbb\xb4\
]@@n@n@.\xe0\xef\xef\xef\xef\xef\x0f\xf8\
f\xf9f\xf9f\x01\x9a\x0eM\x87\xa6\x03\xc8\xdf\x95\xbf\
+\x7f\xd7\xc23F\x17\xecBK\x8b\x96\x16--\x12\
*\xfe\x04\xad\x0dZ\x1b\xb4\x16\x08%C\xc9P\x12\x88\
\xe8\x8c\xe8\x8c\xe8\x04\x22\xa8\x08*\x82\x02\x22\xca\x22\xca\
\x22\xca\x80;+\xef\xac\xbc\xb3\x12\x88,\x8e,\x8e,\
\x06\x22F\x22F\x22F\x01\xee\x0e\xee\x0e\xee\x8e\xeb\xb8\
\x11\x00By\xef\x0f>\xf8\xf7\x17\xeaf_\x88+%\
OHIN\xbeR\x01\x5c)\x1d\xe0\x09+\xbc\x9b\xeb\
z\x15\xd0\xb5\xf6\xe7\xc9\xac\xb9\x15\x00_\xfb\xefZ\xdb\
\x0d\x0a\xe2\xceq\xe7\xb8s\x00\xb9\x93\xdcI\xce\xd8\x12\
x\x85z\xea\x9f\xd7w\xbd\xabI\xfez\x85\x85\x8dO\
7>\xdd\xf8403\xf1\xafP\x00G\x97\x1d]v\
t\x19\xdf\x1f~<\xbfuVW^\xa8r\xe5W\xca\
\xf2\x99\x84\xda\xd7\xfa>\xb6<\xd0\xf2@\xcb\x03@\xa4\
-\xd2\x16i\x03\xee\xec\xbe\xb3\xfb\xcen \x5c\x13\xae\
\x09\xd7\x00\x11\x13\x11\x13\x11\x13\xc0\xaa\xd6U\xad\xabZ\
\x81\xb0\xf2\xb0\xf2\xb0r \xb8 \xb8 \xb8\x00\xd0\xa6\
jS\xb5\xa9\x80o\x9do\x9do\x1d\x90\x9f\x9c\x9f\x9c\
\x9f\xbc\xf0\x0a`\x96\x11\xb0;\xa7;\xa7;\x07\xc0:\
\xac\xc3:\x80\x0c$\x03\xc9@ 2020r\x9e\
=\x0d\x99@&\x90\x09\x80\xb8Y\xdc$n\x06d\xad\
\xb2VY+ \xc9\x91\xe4Hr\x00\xf7-\xee[\xdc\
\xb7`\xc6\xda\xce\x17\xf5d\xd4\x8c\x9aQ\x03\xa4\x85\xb4\
\x90\x16\x80\x1e\xa6\x87\xe9!\x00\xc9HB\xb2\xeb\xf6\x1c\
{8\xde_\x9c\xfc=\x87\xe4\x8dr7\xeb>\xba\x1a\
xBJf&\xf1\x19\xf1\x19\xf1Yq\xb1#\x8f}\
\xf5\x7fr\xab\xb9\xd5\xdcj\xc1[\xe0P\x04_\x9dv\
\xe4K\xf8\xf5\xaf\xc9?\x91\x7f\x22\xff\xd4\xc9\xaf(\x9c\
$`WV\xf0k\xa5&\xf3\xfdyt\xbdc\x09\xbc\
\xf6>G\xdd\x03\xbe\x0c7\x9f\xe8\x84\xaf\xf03OI\
0\x12$H\x86%\x96\x11\xcb\x88e\xfcR~\x833\
\xbe0\xda\xb9\x06X(#\xde\xbe}JJI)\xa9\
\x17^\x98\xfe\xcb\xf4_\xa6\xff2\xe9\xd2\xcfA<O\
\xfc\x8ax\x9e\xef\xcf/~\xe1\x90\xfcJ\xe4\xbf\x1b9\
NB\xd2\x96-\x8e\xf7\xae\xba\xda\x91\x7f\xa2\xe0W_\
\xdc\xf2\xc5-_\xdcb2]y\x86e\x9fe\x9fe\
\x1f\xa0\x0aV\x05\xab\x82\x01\xa6\x88)b\x8a0\x93\xf2\
K\x1c&\x0e\x13\x87a\xc6\x1dmm\xb5\xb6Z[\x01\
s\xbd\xb9\xde\x5c\x0f\x102BF\xc8\x00:\x90\x0e\xa4\
\x03\x01\x22\x86\x88!\xe6af\xea\xc7\xf4c\xfa1`\
`d`d`\x04@5\xaaQ\x8d\x19\xb7p\xa4>\
R\x1f\xa9\x9f}\xde\xac\x17l<u<u<U\xc8\
\x08\xc4G\xffu\x04t\x04t\x04\x00q\x87\xe3\x0e\xc7\
\xcd\xe1\xdf\xe4\x93S\xca\xb7\xc8\xb7\xca\xb7\x00n;\xdd\
v\xba\xed\x04T\xa9\xaaTU*\xe0V\xecV\xecV\
,\xf8Y\xb9(.\x8a\x8b\xc2\x0ce\x92\xeew\xf8Q\
Y\x05\xab`\x95\x00~\x8d_\xe3W\xc0\x8e;v\xdc\
\xb1\xe3\x0e\xe0w\xfd\xbf\xeb\xff]?\x1f\xac\xc33\xef\
^|q\xde\xe7\xf6?\x86\xc2B\x87\x9b\xe6\x99-\x0e\
\x85P\xbe\xd7\xf1{o\xafC\x014\xcf\xd8\xd3\xd9\xc7\
\xd8\xc7\xd8\xc7\xdek$\xaa\x88*\xa2\xea\xbdFBE\
\xa8\x08\xd5CN\xd2\xe8j\xa7?\xe5\xc7?vH\xfe\
>\xaf\x15\xbc\xc2\xd8\xbc\xd9Q\xc0\x83\xdf\xfb\xb6;\x03\
q\xaf\xa1\x16 \x0b\x16\xecsN#'o\xd3\xb8Y\
\xf0\xed\xb7\xb59\xf21\xbc\xf6\x1a\xf73\xeeg\xdc\xcf\
FGgJ\x8a9\xb1\xfc\xfd\xe5\xef/\x7f\x1f\x18\xae\
\x1c\xae\x1c\xae\xe4\xdd\xa5\xbc\x91\x94w\x1b\xfeO\x83\x1f\
W\x95\x93\xac\xfb\xf3\xdc\xbe\xa0\xbe\xa0\xbe\xa0\xa8(\x87\
\xd7\xe6\x0b\xa7\x0d\xa1\xeau\xc7\x97\xf5\xf3\x1e\x9e\xa1\xa7\
>\xa2>\xa2>\x02\x88\xb4\x22\xadH\x0b(\xb7*\xb7\
*\xb7\x02f\xd6\xcc\x9aY@\xe6'\xf5\x95\xf9\x01\xe7\
\x1b\xc7c\xce7b\x86\xd8F\x87\xd2\xa1t\xa8\x90_\
\x81O]v%\xf8JK-i-i-i\x80\xbc\
J^%\xaf\x02\xd0\x8aV\xb4b\xc6{\xe6\x0a\xb3\x8c\
\x80U\xc1U\xc1U\xc1\x98q/\x88BD!\xa2\x10\
\xc0\xcd\xe0fp3\x00\x19\xde\x19\xde\x19s\xe8\xff\x90\
\xdbBn\x0b\xb9\x0d\x90\x85\xc9\xc2da\x80\x87\xc2C\
\xe1\xa1\x00T\x16\x95Ee\x01\xb4\xac\x96\xd5\xb2\x80\xa4\
PR()\x04H\x05)#\x15\x80\xb7\xdc\xdb\xcd[\
\x0e\xb4\xc9\xdb\xe4mr\xa0O\xd1\xa7\xe8S\xa8\xd4#\
\x8a\x11\xc5\x88\x82'\x86\x5c\xf9\x05\xbaY\xf0F\x9f\xea\
\xfft\xc8\xcf\x9d\xecz~%q\xad\xe1\xa5\xd7\x8a\xf7\
\x9c\xf1k\x95\xaf8\x14@s\xb3C\x01\x5cv\x08_\
0\x84 \x08\x82\x08w\x06\xf6>\xf1\x84C\xee\xdc\x89\
\xffO\x81\xafB\x5c\xf6\xbb\xf0\x84\xf0\x84\xf0\x84\xf2\xf2\
\xcf_\xfd\xfc\xd5\xcf_5\x99H\x9a\xa4\xc9\xcb\x8c\xc8\
G\xd7\x1e]{4\x01\xf8\xe1\x85\x1f^\xf8\xe1y>\
\xcf\xff\x8f\x9d\x14$~\xe2_mE\xc7\x1bm]\xad\
\x98xwa[\x9bS~\xe4\x90?q*Z^\x01\
\xdf,\xf8\x95@M\x8dC\xfe\xe7\x7fF\xee\x8b\xdc\x17\
\xb9\xaf\xbb\xfb\xbe\xfa\xfb\xea\xef\xab\x07\xbe\x09\xfb&\xec\
\x9b0 \xe9\xf1\xa4\xc7\x93\x1e\x07\xa6'\xa7'\xa7'\
\x81\x8f\x7f\xf3\xf1o>\xfe\x8d\x90g\xe1\xd2\x8eK;\
.\xed\x00L[M[M[\x81M\x1fm\xfah\xd3\
G\xc0sY\xcfe=\x97%\xb4\xd8\xaf\xecW\xf6+\
\x81\x09\x8f\x09\x8f\x09\x0f\xe0\xec\xee\xb3\xbb\xcf\xee\x06P\
\x8fz\xd4c\xc6\x08\xbf\xa5uK\xeb\x96\xd6\xd9=\x9e\
\xe5\x06T&)\x93\x94I\x80*E\x95\xa2J\x01\x94\
\xed\xcave;\xf0`\xfd\x83\xf5\x0f\xd6\xcf\xbe\x00\x0f\
>\xef;\xe9Az\x90\x1e\x808^\x1c/\x8e\x17\xe2\
\x9dI\x8a\xa4H\x0a \xfb\xc8>\xb2\x1f\xb8\x94r)\
\xf5R\x0a0\xfc\x83\xe1\x1f\x0c\xff\x008\xae9\xae9\
\xaeyx\x9dc\xe2\xbf\xe8\x5c\xba\xf2\x95_VE\x5c\
\xe7\x93p\x81\x97J\x1cr\xdbO\xb2\x0fe\x1f\xca>\
\xf4\xfb\x8a\xc7N?v\xfa\xb1\xd3\xed\xed\xebw\xae\xdf\
\xb9~\xe7\x0b\xce\x15\xc5O\x9dV\xfc&g\x9c \xbf\
t\xbeQ\xf0/\xd8\x9f\xff\xec\xd8\x02\xbc\xf8\xa2\xc3\x1d\
)|\xe1\xa7;\xa6;\xa6;\xf8\xbdY_\x9fC>\
\xe7\xdc\x22<\xf2\x88C\xf2\xd5x\xff\xdf\x06\x9ek\xcf\
[\xebW\xad\xe6Vq\xab\xb8U\xc5\xc5_\x88\xbf\x10\
\x7f!\x9e\xbdD&n'n'n\xdf\xb0\xc11\xf1\
\xff\xf67\xc7\xaf\xbc\xa2\xe3\xab\x18_\xebV\x8e\x9f\xf8\
W\xb6\xc3\xbbg\xb3\x9eZ\xafX\xafX\xafx\xf6\xd9\
M\x81\x9b\x027\x05\xbe\xd7H\x1e$\x0f\x92\x07\x9fv\
\x96_\xdf\xb7\xcf!\xfb\xfbqS\xe0\x15\x16\xefuy\
\xf7\xdd\x9e\xed=\xdb{\xb6\xbf\xfe\xfa\xde\xf1\xbd\xe3{\
\xc7\xfd\xfc\xa4\xbeR_\xa9/p\xf6\xad\xb3o\x9d}\
\x0b\x18zb\xe8\x89\xa1'\x00\xff\xad\xfe[\xfd\xb7\x02\
\xf2\x09\xf9\x84|\x02\x906H\x1b\xa4\x0d\x021I\xbe\
G\xbeG\xbegv\x8ba\x860C\x98Ap\xd2y\
4y4y4\x01\xee!\xee!\xee!\x80{\xaa{\
\xaa\xfb<\xeam\xd6\x0a\xe0F\x11\xf1\x8f\x88\x7fD\xfc\
\x03P\xf9\xa9\xfcT~\x80w\xb3w\xb3w3\xa0\xca\
Q\xe5\xa8r\x00\xaf`\xaf`\xaf`@\xaf\xd6\xab\xf5\
j\xe0`\xd3\xc1\xa6\x83M<g\x9e_rn\xdc\xe8\
\x907^\xc8\xe2\xdf\xc1Sy\xdf{\x7fY\xf4\xb2\xe8\
e\xd1\xd5\xd5Q\xa7\xa2NE\x9d\x9a\xd2]l\xbe\xd8\
|\xb1\x19\x08\x8e\x0a\x8e\x0a\x8e\x02\xce\x96\x9c-9[\
\x02\xb8\xa5\xb8\xa5\xb8\xa5\x00\xc7{\x8f\xf7\x1e\xef\xe5\x13\
B\xf0\x8a\x88\xdf\xab/\xd4\xdesd\xc4!\x0f\x1f\xf6\
\xef\xf6\xef\xf6\xef~\xf6\xd9s\xab\xcf\xad>7G\x99\
\xe0-n[\xdc\xb6\xb8\x89\xa8\xd7M\xaf\x9b^7\xf1\
\x13%\xed\x07\x0e\xb9P+\xa3\xeb\x05?\xc1\xfe\xeb\xbf\
\xb8\x17\xb8\x17\xb8\x17x\x85\x09\xe0\x18\x8e\xe1\x18f\xdc\
\xa6\xc4\x07\xc4\x07\xc4\x07\xbc\xcd\xe6\xa9\xa7\x1c\x92\xb7]\
\xdch\xcc\xc5\x95\xe0'\xf2\x87\x1fF\x06G\x06G\x06\
77k\xd6j\xd6j\xd6\x9aL\xda\x09\xed\x84v\x12\
\x18\x8d\x1c\x8d\x1c\x8d\x00,Q\x96(K\x14 \xdf/\
\xdf/\xdf\x0f\xfc\xe5\xd8_\x8e\xfd\xe5\x18o\xac\xe5\x89\
^\x0b\xdd\xbfO\x9cag\x0d\xef>T\xf8P\xe1C\
\x85{\xf6h+\xb5\x95\xdaJ\xc0\xd6a\xeb\xb0u\x00\
F\xcaH\x19)\xe0\xdb\xd6o[\xbfm\x05\x0c;\x0d\
;\x0d;\x81_\xc8\x7f!\xff\x85\x1cxb\xe2\x89\x89\
'n8zu\x0e,\x9451\xc5\x96bK\xb1\x01\
\xd1\xbb\xa2wE\xef\x02\xd6\x87\xaf\x0f_\x1f\x0e<\xae\
|\x5c\xf9\xb8\x12\x08l\x0fl\x0fl\xe75;?\xa1\
\x16\xda\x9al4:\xe4\x1f\xffx\xf7\xa9\xbbO\xdd}\
J&\xe3\xad\xe1Q\xf1Q\xf1Q\xf1\xc0\x0f\xd6\xff`\
\xfd\x0f\xd6\x03\xf7V\xdf[}o5p\x7f\xeb\xfd\xad\
\xf7\xb7\x02\xd1\xfb\xa3\xf7G\xef\x07\x12\x0a\x12\x0a\x12\x0a\
\x80\xb5\xddk\xbb\xd7v\x03A\x11A\x11A\x11\xfch\
\xadr\xee\xd1y\xab\xf0By\x19\xf8\xeb|\xe6\xac\x84\
\xf0\xe3m'n9q\xcb\x89[\x84\xf1\xb5>k}\
\xd6\xfa\xece^\x0fox\xc3\x9bg\x12\x1ex\xd5!\
y\xaf\xc1B\xb9\x1d\xaf\x94\xbc;u\xc7\x8e\x0a\xaf\x0a\
\xaf\x0a/\xe0\xcb7\xbf|\xf3\xcb7\x01\x87\x02\x10\xa4\
\xc3\x98\xb8\x22\xf0\xdf\xc7\x8b\x7f>\x0b\xd5\x9f/\xbep\
\xc8\xc2B\xc7\x17T\xa5^}f\xf5\x99\xd5g\x80\xd5\
\xa1\xabCW\x87\x02k\x03\xd6\x06\xac\x0d\x00\x92:\x92\
:\x92:\x805-kZ\xd6\xb4\x00\xf7e\xdc\x97q\
_\x06\xf0\x80\xf2\x01\xe5\x03j\xe0\x93\xb7>y\xeb\x93\
\xb7\xae\xf4*%%9\xe4\x7f\xfd\xd7\xc2\xf6\x9b\x7f\xde\
\xfc\xb8<\x94\xfaL\xd93e\xcf\x94\x01\x8f\x14<R\
\xf0H\x01p\x7f\xe9\xfd\xa5\xf7\x97\x02\x89\x8aDE\xa2\
\x02x\x9fx\x9fx\x9fXx/\xc0\x82]\xe8\xde\xfa\
{\xeb\xef\xad\x07\xd6\xa5\xacKY\x97\x02<8\xf0\xe0\
\xc0\x83\x03\xfc@\xf2\xc6\xa4\x8f>Z\xd8\x81\xe4%\xef\
\x9e\xba-\xf4J7\x18\xfb\x1b\xf67\xeco\x80\xbb\xfb\
\xef\xee\xbf\xbb\x1f\x88\x1d\x89\x1d\x89\x1d\x01\xeeh\xbe\xa3\
\xf9\x8ef\xe0\x8e\xba;\xea\xee\xa8\x03\x82K\x83K\x83\
K\x81\xdb\xa2n\x8b\xba-\x0a\xf0\x1f\xf5\x1f\xf5\x1f\x05\
b\xf7\xc4\xee\x89\xdd\x03\xdc\x1duw\xd4\xddQ\xc0\xc7\
O}\xfc\xd4\xc7O\xf1\xf7\xc53\xf4\xfe\xf8\xc7\xb9\x1f\
\xf0B\xb9\x9f\xd6\xae\xe5\xc7\xf9\xfc\xc5\xf3\x17\xcf_\x14\
\xc6\xdd\xf8\x9e\xf1=\xe3,\x82\x07?\x1e\x17/\xde\x5c\
\xfb\xe3\xe7\x1d\xf2\x95W\x1c)\xdd||\xadV\xab\xd5\
j\x9d\xfd\xfc3Ng\x9c\xce8\xcd/\xd9\x8b\x9ca\
^'O,\xcc8\xf0\x92w\xf7\xbd\xfez\xea\x99\xd4\
3\xa9gd\xb2\xe0\xf6\xe0\xf6\xe0v\xe0\xae\x8c\xbb2\
\xee\xca\x00\xee\x91\xdd#\xbbG\x06\x84t\x85t\x85t\
\x01+\x8f\xad<\xb6\xf2\x18p{\xdc\xedq\xb7\xc7\x01\
\xb7\xd7\xdd^w{\x1d\xb0*bU\xc4\xaa\x08 *\
1*1*\x118F\xbc\xcb\x1d\x9bg\x829\xc0{\
\x99\x16\xfa=\xe6\x15\xe3[o9\xe4m\xa1|r\xde\
L[\xa6-\xd3\x06\x1cz\xee\xd0\xb3\x87\x9e\xfb\x1fP\
\x00~\xac\x1f\xeb\xc7\x02\x01l\x00\x1b\xc0\x02\xcb\xd7/\
_\xbf|=\xb0r\xd3\xcaM+7\x01\xe1\x99\xe1\x99\
\xe1\x99@TeTeT%\x10\xbb)vS\xec&\
\x80}\x93}\x93}\x93\x1f(~i\xcf\xbf\x88\x0b\xfd\
E\xe2\x1f\xc0\x8f\xb7\xe5e\xe7e\xe7e\x8b\xa8G\xd6\
=\xb2\xee\x91u\xc0#a\x8f\x84=\x12\x06\xc4v\xc4\
v\xc4v\x00\x09g\x12\xce$\x9cY\xb8\x01\xfb\xcc\xf8\
\xd9\xf4gF \xfa`\xf4\xc1\xe8\x83\xc0\x92\xc8%\x91\
K\x22y\xeb0\xff\xe2/\xf4\x0b\xc2\x8f\xdf\x1f\xff\xf8\
\xbd\xc0\xef\x05~/P&\x9b\xe9\xd7\x8b\xdc\x8b\xdc\x8b\
\x97\xc95\xdc\x1an\x0d\xff\x1cx#\xea\xd5\xfas\xa5\
\xff\x9c_Q\xdc\x13{\xd5\x17\x08\x80`\xe3\xe0\x09<\
\x0bu\xdf\xfa)\x87\xe4\x09>\xf1\xf1\xdf\x0b\xfd^\xe8\
\xf7B\x81\xb5Ak\x83\xd6\x06-\xdcsm\x906H\
\x1b\xa4@\xf8\x8e\xf0\x1d\xe1;\x80\x04I\x82$A\x02\
l\xf6\xdc\xec\xb9\xd9\x13\xb8\xbf\xe9\xfe\xa6\xfb\x9bp\xc5\
\xca\x86\xe7_\xf0\x8ar\xa1\xee\xbb\xe7\xef\x0e\xf9\x1f\xff\
\xf1\xf6/\xdf\xfe\xc5\xdb\xbf\x04^5\xbfj~\xd5\x0c\
\xac\x89Z\x13\xb5&\x0a\xb8\x83\xba\x83\xba\x83\x02\x1e(\
x\xa0\xe0\x81\x02\xc0'\xc9'\xc9'\x09\xd06h\x8f\
j\x1b\x80\xc0\xc0\xc0\xc0\xc0@@[\xa4-\xd2\x16\xb9\
\xbe\xefY6\x80p\x22\x9c\x08'\x00*\x9a\x8a\xa6\xa2\
1\x93\x17@\x1e)\x8f\x90G\x02\xcaa\xe5\x88r\x18\
8\xb7\xe9\xdc\xa6s\x9b\x80/w}\xb9\xeb\xcb]p\
\xba\x8fj\xfe\xd3q\x95d\xa7\x07\xdf\xc7\x177\x05\xde\
\x9a<6\xe6\x90\x7fm\x09\xb2\x04Y\x82,\x85\xbfv\
p\xe5\xa7t\xc3\x8f\x0d?6\xfc\x180\xa1\x9cPN\
(\x01z\x1f\xbd\x8f\xde'\xd4r\xfb\xce\xef;\xbf\xef\
\xfc\x80\x7fZ\xffi\xfd\xa7\xf5\xe6z\x03\x00\xf5\xc1\xf5\
\xc1\xf5\xc1@\xd5\x07U\x1fT}\x00x\xa6{\xa6{\
\xa6\x03\x8c\x1f\xe3\xc7\xf8\x01GZ\x8e\xb4\x1ciY\xae\
uP5y\xb7\x15\xcf\xf1\xf7q\xfaO\xae\xd5\xc6\xc1\
\x1b\xd7\xae4\x86}\xe5\x8c\xef\xaaz\xdd1\xf1\xcb\x84\
h\x07g=x.\x8e\x8b\xe3\xe2\x80\xa0UA\xab\x82\
V\xa9\xd4\x83\x99\x83\x99\x83\x99\x85\xbfr\x1c\xf4\x94\xd3\
\x8e\xcc?\x1f\xde\xb8\xf8\x97\xf7\x1c\xef\xc3\x9b\x87.\xe1\
\x12.\x01X\x84E\xb8<Z\x99\x10\x13bB\xbc\x5c\
\xeb\xa0\x9e\xfe\xe2\xe7\x8e_\xaf\xb5<\xf7\xb5\x82\xb7\xdd\
\xbc\xf9\xd6\x83\xb2\x07e\x0f\xca\xde\xa8Q\xf4)\xfa\x14\
}\x80\xa4I\xd2$i\x02\xce\xd6\x9e\xad=[\x0b\xfc\
\xfd\xd3\xbf\x7f\xfa\xf7O\xe7\xbf\xda\xb5\xa06\xb46\xb4\
6\x14(\xff^\xf9\xf7\xca\xbf\x07x\xd4z\xd4z\xd4\
\x02\xf4fz3\xbd\x19H\xc8M\xc8M\xc8\x05\xa6+\
\xa7+\xa7+\x01Q\xb8(\x5c\x14\x0e\xbc\xbc\xe1\xe5\x0d\
/o\xe0\x9f/O\x85\xe6\x09i\x0b\x05\xde\xb6R\xf7\
vrwrwr\xf7;G&\xb4\x13\xda\x09\xad\xc5\
B\x1d\xa5\x8eRG\x85\xcaT\x5c8\x17\xce\x85\x0bn\
G\xbe\x8e\xc2?\x96\xfdc\xd9?\x96\xcd\xbe\xf2,/\
\x00\x9fA\xc7\xc3\xe6a\xf3\xb0\x01\xb7\xe8n\xd1\xdd\xa2\
\x034Y\x9aM\x9a,`\xa0v\xa0v\xa0\x16\xf8\xb2\
\xe8\xcb\xa2/\x8b\x8a\x8a\x1c\x13\x9f_\xea\xf1F\xbc\x1b\
\x9d\xf8\xbc;\x87\xc7\x9b\xb5\x0e\x19r\xdb\xc3\xfa\x87\xf5\
\x0f\xeb\x7f\xf6\xb35\x03k\x06\xd6\x0cL\xe9\xf8*\xb4\
n27\x99\x9b\x0c\xb0\xb7\xd9\xdb\xecm\x02!\xe2\xc2\
\xe4\x85\xc9\x0b\x93\x00\xd3\xca\xb42s\xb8?n\x14\x13\
\x8d\x13\x8d\x13\x8d\xc0y\xf6<{\x9e\x05&'''\
''\x01\xeb\x84u\xc2:\x01\xe4w\xe6w\xe6w~\
3\xb4}x\xfb\xf0\xf6a\xde\x8d\xb7\xd4\x19]\xf1\xda\
u\xc4C\x02\xae\xad\xe0\xbc\xb1\xea\xe5\x97\x89\x17\x88\x17\
\x88\x17\x8e\xbd\xeb\x90\x97\x05\x0d9\xb9\xe2\x03\x9f\x0e|\
:\xf0\xe9\xb4\x9e\xbd\x8d]\xc9\xde\xc6{\x15~\xf4\x8c\
C\x16\x17?\xbe\xef\xf1}\x8f\xef{\xe2I\xeeK\xee\
K\xee\xcb7\x0f\xf1\xa7/\xca[\x94\xb7(\x0f\xe8\x0a\
\xee\x0a\xee\x0a\xe6\xdd\x93/\xbf\xec\x98\xf8\xbc\xedf\xa1\
&>\xef\x96\xdd[\x1eX\x1bX\x1bX\xfb\xc3G7\
\x95l*\xd9T\xf2F\xcd\x0f\x1e\xfe\xc1\xc3?x\x18\
0\x1f3\x1f3\x1f\x03\xceW\x9d\xaf:_\x05P;\
\xa9\x9d\xd4\x02:G\xd9>\xb6\x8f\xed\x03L\xa4\x894\
\x91\x80>X\x1f\xac\x0f\x16\xaa\xf5\xf6\x15\xf5\x15\xf5\x15\
\x01r\x7f\xb9\xbf\xdc\x1f0\xc4\x18b\x0c1\xc0c\xe9\
\x8f\xa5?\x96\xde\xd6\x96\xa1\xcePg\xa8\xf3~\xe9\xb8\
\x1a\xefE\xe2\xf9\x0f7\x0b\xfe\x83z\xe8\x8d\xa6\xa8\xa6\
\xa8\xa6\xa8\xd2\x97\xba5\xdd\x9anM|<\xa3`\x14\
\x8c\x02\x90\x1f\x97\x1f\x97\x1f\x07V\x8c\xac\x18Y1\x22\
$\xebU\xa5\xab\xd2Us\xc4L\xf0\x98\xa5\x00\xeeP\
\xdf\xa1\xbeC\x0d\xdc:p\xeb\xc0\xad\x03\xc0\xb2\xb4e\
i\xcb\xd2D\xd4\xb1\xcd\xc76\x1f\xdb\x9c\x9e>\x18;\
\x18;\x18\xcb\x7f\xe9\x9f\x7f\xde!\xefq\x06\xdc\xde\xac\
\xf5\x9e\xb7\xe2\xdew\xdf\x03\xb9\x0f\xe4>\x90\xfb\xec\xb3\
\xc9\x03\xc9\x03\xc9\x03@HOHOH\x0f@\x94\x11\
eD\x190rq\xe4\xe2\xc8E@\xb7S\xb7S\xb7\
S(Ae\xd3\xdb\xf46=\xc0\xf41}L\x1f`\
\xab\xb5\xd5\xdaj]\xb7x\xa9\xffR\xff\xa5~\xe0\x9d\
\xb5\xef\xac}g-\xd0\xb5\xb9ks\xd7<9\x0ee\
\xd9\xb2m\xb2l\x80\x8e\xa2\xa3\xe8(\x81\x88a\x1d\xb5\
\x8eZG\x81\x91\x8e\x91\x8e\x91\x0e\xe0\xce\xc7\xef|\xfc\
\xce\xc7\x81\xa7\xc6\x9e\x1a{j\x0cx\xba\xe7\xe9\x9e\xa7\
{r\x9d\x0c\xb6\x1bM8\xe2\x0a|\xf0K\xcb_\x89\
\x13\xc4\x09\xe2D\xc5^r/\xb9\x97\xdc\x1b\x1en\x0a\
4\x05\x9a\x02\x01\xd0`A\x03\xec\xad\xec\xad\xec\xad\xef\
5\xb2\xef\xb3\xef\xb3\xef\xff\xfa\xd7u?\xad\xfbi\xdd\
O\xed6\x8ca\x0cc@\x8d\xaeFW\xa3\x03\x88\xbd\
\xc4^bov\xf6\xdd\xff\xba\xfb_w\xff\x8b7\xb6\
\xf1{\xe0\xabY\xc5\xafT\xe4\xfcJ\x86\x07\x1f\xd5\xc7\
+\x9c\xcc\xc77k6k6k\xf2~\x99Y\x97Y\
\x97Y7\xa5S\xfb\xab\xfd\xd5\xfe\xc0g\x8b>[\xf4\
\xd9\x22@\xb4N\xb4N\xb4\x0e0\x04\x1a\x02\x0d\x81\x80\
\xe9\xa0\xe9\xa0i\x1eu\xca'\xe4\xf8\xd3\xae?\x15\xfd\
i\x17p\xa2\xe5D\xcb\x89yF[\x97\xa5\xcb\xd2e\
\x09\x15\x9af\xeaU\xecdv2;\x85\x02(\x97R\
/\xa5^J\xc5L^\x89E\x1d\x8b:\x16u8w\
\x06\xb0\xdb\x12\x0f&\x1eL<\xb8\x7f\xff\xf2\xe6\xe5\xcd\
\xcb\x9b\xf9hQ~\x85\xf6\xe5\x0d'i\xfbw\xf0\x8a\
\xf7\xfd\xf7?\xdb\xf8\xd9\xc6\xcf6\x1ez\xa3\xebH\xd7\
\x91\xae#\xcb\xb5n\xa9n\xa9n\xa9\xc0\xd2\xc2\xa5\x85\
K\x0b\x01\xf7\x93\xee'\xddO\xba\xbe\xd2,\x05 \xaa\
\x13\xd5\x89\xea\x80\x83\x86\x83\x86\x83\x06`\xef\xb1\xbd\xc7\
\xf6\x1e\xfb\x83s\x0f\xc6[C\xf9\xe0\x92k`\x96\xfd\
\x1b\xae|1\x8e:\xe3\xcc~\xf63\x87\xd1.\xf7\x17\
\x0e\xd9\xde\xbe\xc8{\x91\xf7\x22o\x8b\x85h$\x1a\x89\
F``l`t`\x0c\xf0j\xf4j\xf4j\x04\x98\
l&\x9b\xc9\x16\xa2\xa9\xb8}\xdc>n\x1f@\xb4\x11\
mD\x1bf\xf2\xa83\xa7\x99\xd3\xcc<\x09\x11>\xc8\
\xfd \xe7\x83\x5c`*h*h*\x08\x98\xd83\xb1\
gb\x0f\xd0\x97\xda\x97\xda7\x87\xff\xf4\x92\xfe\x92\xe1\
\x92\x1e\xa0w\xd3\xbb\xe9\xdd\x80u\xb3u\xb3u3@\
G\xd0\x11t\x04 \xe9\x92tI\xba\x80\xb3K\xce.\
9\xbb\x04\xf0\xa9\xf3\xa9\xf3\xa9\x03V<\xb9\xe2\xc9\x15\
O\xdam\xdf\x0f\xfb~\xd8\xf7\xc3^; \xdb%\xdb\
%\xdb\xf5\xb8s\x85\xb0\xc7\xe9\xe1=\xd1q}\xe3\xe9\
\x0a\xfc\x0b\xf2\xb7\xbf)\x7f\xa6\xfc\x99\xf2g\xbf\xfdm\
\xd4\xc7Q\x1fG}\xacP\xccD\x8f\xf1\xd1bNI\
\xdcO\xdcO\xdc\xff@\xe2\xd3\x8b\x9e^\xf4\xf4\x22>\
C\x0fo\xc3\xe1\x89I\xd7\x8a+?\x04|8\xf2^\
g\xb2\xaa\xa7\x7f\xb4~\xcf\xfa=\xeb\xf7d=\xb5m\
d\xdb\xf0\xb6\x91/O\xa9&T\x13\xaa\x09\xc0\xd4j\
j5\xb5\x02w,\xbbc\xd9\x1d\xcb\x80\xc1\xbe\xc1\xbe\
\xc1>@W\xad\xab\xd6U\x03\xf6J{\xa5\xbd\x12\xb0\
Z\xac\x16\xeb<\xec\x8c\xfa\xf2\xfa\xf2\xfar@?\xa9\
\xd7\xe9'\x01\xc7\x92\x19\xf8{\xc5\xdf+\xfe^1\xfb\
\xf8\xef\xdc\xbfs\xff\xce\x1d`\x86\x98!f\x08\x80\x9f\
\xa3\x80\x08\xff\x5c\xf9\xc4 |\x1c\xbe\xdeW\xef\xab\xf7\
\x05.\xf9]\xf2\xbb\xe4\x07\xe8ru\xb9\xba\x5c\xe0\x96\
3\xb7\x9c\xb9\xe5\x0c\xb0\xf7\x8b\xbd_\xec\xfdbZ\xef\
\xd8R=\xfb,\x02\x10\x80\x80$'\xd1l\xff~\x87\
\xe4y\x0bW*\xc8k\x05\xaf\x88\x9f\xccr\xac\xf8\x0e\
\xbdq\x98>L\x1f\xa6_|q4i4i4I\
&\xbb\xbd\xfc\xf6\xf2\xdb\xe7J\x11\xe6\xc4,\x05p\xe0\
\xc0\x81\x03\x07\x0e<\x9a\xe1\xf8\x8bw\xfbl\x9e\xe7\x9b\
x=\xe0\xfd\xde{\xcb\x13\x92\x12\x92\x12\x92\x9ex\xc2\
1\xe1\xf9/\xbf\x00>\xc5\x91l\x83l\x83l\x030\
\x1e7\x1e?\x1e\x07\xfc\xb3\xf0\x9f\x85\xff,\x04\xa6v\
M\xed\x9a\xda\x05L\xb7M\xb7M\xb7\x01\x5c7\xd7\xcd\
u\x03\x0c\xc5P\x0c\x05\xd06\xdaB\xdb\x00\xa4!\x0d\
i\xae{\xc4Y8\x1bg\x01\xd8,6\x8b\xcd\x02\xc8\
P2\x94\x0c\x05\x180,3\xc7\xf1\xe3\x9f\x8c\x7f2\
\xfe\x09`o\xb27\xd9\x9b\x84=\x96\xb5\xd1\xdahm\
\x04\xc6\xd9qv\x9c\x05\xc6\x06\xc7\x06\xc7\x06\x01\x85\x8f\
\xc2G\xe1\x03\xb8\xd7\xb9\xd7\xb9\xd7\x01\xa1\xfbC\xf7\x87\
\xee\x07~\xff\xf3\xdf\xff\xfc\xf7?\xbf0\xee\xb8\xff\xe7\
\x9e\x93n\x96n\x96n~\xc4\xb9\x87\xe4\xc7\xe3F_\
\x0c\x1e\x9e\x9e\x0e\xb9sg\x8fo\x8fo\x8fo\xf3\x07\
$C2$\xe3\xef?3\xf1\xdd\x087\xc2\x8d\xb7U\
\xf0\xf1\xfb\xfc\xf3\xbfY\xf0+\x9cm?qL\x84\xbc\
_\xbe\xfa\xd3W\x7f\xf2\xeaO\xdfk\x0c\xad\x0c\xad\x08\
\xad\x04\x90\x80D$\x00j\x93\xda\xa46\x01t\x00\x1d\
@\x07\x00\x1f-\xfeh\xf1G\x8b\x81\xc5\xeb\x16\xaf[\
\xbc\x0e\xa0*\xa9J\xaa\x12\xe0\x86\xb9an\xf8\xb2\x82\
3.\xc0\xc5sq\x5c<\xc0ep\x19\x5c\x86@H\
\xe3\xc0\xb1\xdc\x1c\xc7\xb3\x1aV\xc3j\x00\xae\x85k\xe1\
Z\x00\xfa\x08]O\x1f\x11lJ|\xd1S\xfd&\xfd\
&\xfd&\xc0\xd0m\xe86t\x03F\x83\xd1`4\x00\
\xa20Q\x98(\x0c\xf8,\xed\xb3\xb4\xcf\xd2\x80\xa4\xc6\
\xa4\xc6\xa4\xc6\xcb\xfa\xf3\x0d\xf7\x0d\xf7\xcd\xc8\x88c\x1c\
\xf8-\x82\x9b\x9bC\xf2\x0a\xe1f\xc1\xf3,\x8a\x8a>\
\x1c\xfap\xe8\xc3\xa1\x92\xdf\x1c\x9d<:yt\x9eL\
R.\x92E\xf2\xc9\x18yk\xe7\xcd\x06\xd7\xec-w\
\xac\x91\xee\x7f\xc0\xf1\xc2\xe7\xfd\xf2\xaf\xaf\xfc\xf5\x95\xbf\
\xbe\xe2\x9aa\xc7\xa7`\x9a\xca\x9f\xda9\x95\x0fP:\
JG\xe9\x84TY\xbaT]\xaa.\x15\xd0O\xea'\
\xf5\x93B\xeeB\x9e\xe0\xc1\xa43\xeb\x99t\x00\xfb\xb1\
\x1f\xf3\x0co\x82!\xc1\x90`\x10\xaa\x1f+Z\x15\xad\
\x8aV`U\xe3\xaa\xe3\xab\x1ag\x1f\xcf\xd7\xc4\xe3K\
wYz,=\x96\x1e\xc0\xe4k\xf25\xf9\x02\xfar\
}\xb9\xbe\x5cXR~y\xfb\x97\xb7\x7fy;\xf0\xf7\
\x8f\xfe\xfe\xd1\xdf?\x02&\x0b'\x0b'\x0b\x81\xbeg\
\xfa\x9e\xe9{F\xb8\xae\xe99\xd3s\xa6\xe7x\x85\xf0\
\xb3\x9f9~\x8du\xda\xf3\x17\xea\x05Y\x13\xe7\xe0\xde\
\xfb\xfa\xfe{\x15\xe5+\xb9\xee7\x0a~\x89\xbb{w\
\xed\x87\xb5\x1f\xd6~\x98\xf8 \xf7\x11\xf7\x11\xf7\xd1\x1b\
5(G\x19\xca\x01\xf7\x16\xf7V\xf7\x16\xc08n\x9c\
0\x8e\x03\x17k/\xd6^\xac\x15*\xf3L\xd8&l\
\x136@\xb7N\xb7N\xb7\x0e\xb80va\xec\xc2\x18\
`\x185\x8c\x1aF\x85\xe7oS\xda\x946\xa5\xeb\x9e\
$T$T&T\x00\xaa\x06\xd5QU\x03\xe0\xaeu\
\xd7\xbak\x81\xa8\xdc\xa8\xbc\xa8\xdc\xd9\xc7\xb3\x85l!\
[\x08\xb0\xb1l,\x1b+\x14\xeb\xe4\xd3\x9d\x9b\xbaL\
]\xa6.\xe0\x92\xe5\x92\xe5\x92\x05\xd0\x1f\xd7\x1f\xd7\x1f\
\x07\xa6[\xa7[\xa7[\x01c\x921\xc9\x98\x04\xa8\xc3\
\xd5\xe1\xeap\xa0#\xb9#\xb9c\x9e`\xb6\x19k\xfc\
\xe3\xdc\xe3\xdc\xe3\xfc\xd6\xf0GNf\x22o\x13\xb9Y\
\xa4\xa5}m\xfb\xda\xf6\xf5<\x9f\x11\x17\x0a\xe0\xfa\x0b\
I\xcc\x0d\xfeF\xda?f\xbed\xbed\xbe\xbc\xf6\x9c\
z\x96\x22K\x91\xa5\x080\xc9L\x0a\x93\x0c0\xf5\x9b\
\xfaM\xfd\xc2\x8b`\xe83\xf4\x19\xfa\x00\xdeZmh\
5\xb4\x1aZ\x01[\x81\xad\xc0V\x00\xd8\xb5v\xad]\
\x0b\xb0il\x1a\x9b\xe6\xba\x1d\x9f^\x9f^\x9f^\xe0\
\xf1\x8e\xc7;\x1e\xef\x00\xe2\xc3\xe2\xc3\xe2\xe7I\xe3\xc1\
V\xb3\xd5l5@o\xa1\xb7\xd0[\x00K\x9e%\xcf\
\x92\x07\xd8\xdb\xed\xed\xf6v\xc06n\x1b\xb7\x8d\x03\x86\
TC\xaa!\x150\x1e0\xee7\x1e\x00\x8ci\xc64\
c\x1a`J0%\x98\x12\x00s\xac9\xd6\x1c\xeb\xba\
\x1d\x87\x22\xe09\xec\x1f~\xe8\x90\xfc\x0a\xeaf\xc1\xb0\
\xd0@\x03\xcd\xcc\xdf\xf3$\xaf\xba\x1e\xf0\xd6\xea\x9a7\
\x9eHx\x22\xe1\x89\x84\xd9G\x18\x13\x8c\x09\xc6\x04\xe0\
\x5c\xe0\xb9\xc0s\x81\x10R\xbfi\x18\x0d\xa3\x01&#\
&#&#\x80i\xffi\xffi\x7f\xc0\xd6jk\xb5\
\xb5\x02\x96\x16K\x8b\xa5\x05\xb0\x06Y\x83\xacAW\xaf\
5\xe8C\xfb\xd0>4\xf0x\xd9\xe3\xe5\x8f\x97\x01\xf1\
\xc1\xf1\xc1\xf1\xc1\xf3t\xdd\xc9\x5cd\xc6\x99qf\x1c\
\xa0s\xe9\x5c:\x170\xd5\x9ajM\xb5\xc0t\xd8t\
\xd8t\x180\xb5qj\xe3\xd4F\xc0\xc2ZX\x0b\x0b\
\xd82m\x99\xb6L\xc0Vm\xab\xb6U\x03\xb6\x06[\
\x83\xad\x01\xb8Tr\xa9\xf8R\xc9\xb5\x8f\xdc[\xbf|\
\xeb\x97o\xfd\xb2\xba\xda\xf1\x17\xbf\xd5\xbeY\x88%3\
\x8cL\x17p\xa1\x00\x16\x0a\xfc\xde\xf1\xcf\x7fv\x84\xa9\
\xfe\xf1\x8f\x0e\xc93\xea\x5c\xc3B[h\x0b\x0d\x98&\
L\x13\xa6\x09\xc0\xd8`l06\x00\x86\xe3\x86\xe3\x86\
\xe3\x80\xa9\xd2Ti\xaa\x04\xccj\xb3\xda\xac\x06l6\
\x9b\xcdf\x03,\xbb,\xbb,\xbb\x00[\x9d\xad\xceV\
\x07\xb0\xf1l<\x1b\xbfpwD\xb5QmT\xdbe\
?$#\x19\xc9\xc2\x12\xd2\x9em\xcf\xb6g\x03\xa6!\
\xd3\x90i\x080\x87\x9a\xc3\xcc\xa1\x80\xed\xa0\xed\xa0\xed\
 \x80S\xe8\xc7)\xc0-\xd8-\xd8m\x8e\x17\xd21\
>AA\x0e\xc9\x13\x81\xf8\x17\x82_\xd2\xdf,,\x16\
\xbex\xa5\x03\x0b\xa5\xf0\xf9LK\x9f~\xe2\xf0\x1a\x94\
\xffn\xe7\xab;_\xdd\xf9\xaa`\x13\x18\xab\x18\xab\x18\
\xab\x004\x9b5\x9b5\x9b\x01\xc2\x93\xf0$<\x01S\
\x8b\xa9\xc5\xd4\xe2L/\xde\x0a\xd85v\x8d]\x030\
\x95L%S\x09\x90;\xc8\x1d\xe4\x0e@\xb4K\xb4K\
\xb4\x0b\xb82S\xd1\xcd\x82\x90\x10\x12B\x020UL\
\x15S%\x94[\xb7\xaa\xadj\xab\x1a\xb0\xc4[\xe2-\
\xf1\x80\xb9\xd2\x5ci\xae\x04\xcc\xa1\xe6Ps(0u\
`\xea\xc0\xd4\x01@_\xa9\xaf\xd4W\x02\xd3u\xd3u\
\xd3u\x00\xaba\xbdY\xcd5\xb4\xfb6\xf16\xf1v\
z\xfa\x13\xbf{\xe2wO\xfc\x8e\x7f\xce\x0b\x15\xe5*\
\x95\x5c\x19my%\x16\x88s\x7f\xad\xe0\xc3y\x7f\xb0\
\xce\xf1\x82\xbfS\x1fx0\xf0`\xe0\xc1g\x9f\xfd\xd7\
}\xff\xba\xef_\xf7]\x16\xcc\xe1,\xac\xc0D1Q\
L\x14@i)-\xa5\x05\xe8n\xba\x9b\xee\x06\x18\x92\
!\x19R\xc8\x09\xc8F\xb1Ql\x14\x80t\xa4#]\
H\x9f,\xf2\x13\xf9\x89\xfc\x80\x99\xf4\xc5\xa9H\xc5M\
\xc4~\xf9\xff\xc9\xffO\xfe\x7f\x02$\x9fH>\x91|\
\x02PAT\x10\x15\x04\x88|E\xbe\x22_\xcc\xa4:\
C\x062\x90\x01\xd8\x06m\x83\xb6A@\x22\x93\xc8$\
2@o\xd1\x9b\xf4\x16`<w<o<\x17\xf0;\
\xe3w\xc6\xef\x0cp\xfe\xe4\xf9\x93\xe7O\xf2\x14\xe9g\
\xae\x88\x86\xe3\xb1P\x9ctv\x81&\xbc+\xf0\xf9\x02\
~\x91\xf7\xf2\xe1\x97\x0f\xbf|\xf8\xdex\x87\xac}+\
\xc2\x18a\x8e0\xfe\xf1`DoDoD\xaf\xc94\
\xdd9\xdd9\xdd\x09\xc8c\xe41\xf2\x18@\x17\xaf\x8b\
\xd7\xc5\x03\xac/\xeb\xcb\xfa\x02\x88@\x04\x22\x00r\x94\
\x1c%G\x01*\x82\x8a\xa0\x22 \xa4\xc4jC\x1b\xda\
0S\xe4\xf3\x86Q\x87:\xd4\x01L \x13\xc8\x04\x0a\
\xc9pI\x92$I\x12\xa0S\xe9T:\x15`w\xb2\
;\xd9\x9d\x98\xc9\x97\xc1\x87\xb5K\x06%\x83\x92A\xc0\
\x9anM\xb7\xa6\x03\xb2(Y\x94,\x0a3\xc5h\x1d\
\xe9\xc9yw*\x9f*\xee\xc9'\x1d\xf2\xbf1\xda\xf3\
\x8a\x14~Wb\x16\x11\xc8\xd1A\xde\xca\xcf\xbb\xfb\xfe\
\xbb\xc1\x07I\xb4\xb5-\x1a\x5c4\xb8h\xb0\xecw\x13\
\xf6\x09\xfb\x84\xddu\x82\x88k\x05\x91K\xe4\x10\xb9\x80\
\xffy\xff\x0b\xfe\xe7\x852\xe6d#\xd9H6\x02\xc4\
a\xe20q\x18 \x02\x88\x00\x22\x00\xe0B\xb9\x10.\
\x14\xe0\xf6s\x07\xb8\xfdB\x89,>\xda\xf1\xb9\xcf\x9e\
\xfb\xec\xb9\xcf\x80\xed\xad\xdb[\xb7\xb7\x02\x08B\x10\x82\
\x00\x87\x95Wh\x97\xcf^\xec\x0a\x0e\x05\xc8\x7f13\
\x1fsH\xfe\xc5X\xa8\x89>\x1b\x847\xe1Mx\xfb\
.\xa1?\xa6?\xa6?>?\xe6\xe8\x07\xff\x02\xf2\xe1\
\xb8\xff\xdd\xe0m\x1a\xef\xbc\xe3\xd8\xea\xf0a\xba\xd7\x0e\
b7\xb1\x9b\xd8\x0d\x04\xbf\x1e\xfcz\xf0\xeb\x80\xa1\xd8\
Pl(\x06\x08\x96`\x09\x163U\xad\xc9Ir\x92\
\x9c\x048\x05\xa7\xe0\x14\x00\x17\xcb\xc5r\xb1B\xb6\x5c\
~\x85\xf8\x93\xb4\x9f\xa4\xfd$\x0d\xd8e\xdce\xdce\
\xbc\xac!\x12\xfc:\xd9\xf1\xef8\xc61\x0e\x90\x15d\
9Y\x01@\x0d\x0f\xa8\x01G\x02\x16A>\xff\xe3\xe7\
\x7f\xfc\xfc\x8f\x81R\xb2\x94,%\xf9:\x07E\xbfv\
H\x9e9\xb9P+:W\x98\x9ct\x14Y]\xbc\xb8\
\xeb\xdd\xaew\xbb\xde\x9d}\xc4\xff\xf0\x0a\xc0\x15x\x1e\
\xc1=\xb1\x97\x02/\x05^\x0a\xf4\xf4\x14A\x04\x11\x8e\
\xfe\xd9\xf1\x82\x08\x095\xae\x17\x5c\x05W\xc9U\x00\xb2\
Oe\x9f\xca>\x05$c\x921\xc9\x18@\x14\x10\x05\
D\x01 \xae\x10W\x88+\x00Q\xad\xa8VT\x0b\x10\
\xb1D,\x11\x0b\xb0\xdb\xd8m\xec6@T/\xaa\x17\
\xd5\x0b{TU\xac*V\x15\x0b\xa0\x05\xcdh\x01\xa0\
\x80\x12\xd70]\x1d\x13\x8d\xb7\xd2\xf2Q|WKN\
\xba\xf0\xe0\xad\xdc\xff\xbb\xe0\xc3e\xb3\xb3\x1d\xe3RW\
\xe7\xd8J=\xf1\x04\xf3{\xe6\xf7\xcc\xef\xaf~\x05\xae\
\x88+\xe2\x8a\x00\xe5i\xe5i\xe5i@rTrT\
r\x14\x10%\x88\x12D\x09\x00\x97\xc4%qI\x00\xab\
cu\xacNp\xef\xd1\x99t&\x9d\x09\xd8\xfb\xec}\
\xf6>\x80\x18#\xc6\x881\xc0\xf7I\xdf'}\x9f\x04\
\x88\x9d\xc4Nb\xae\xef\xb13)''\xe1$\x9c\x04\
\xe0\xcep\x03\xdc\x19\x08q\xb8|\xe99%\x14P\x02\
\xa5d\xe9OJI^\xb1~\xdfY[\x89g\x0c\xfe\
OADNj&5\x93\xf3lE\x5c\xd8\x00\xae\xb7\
\x94\x14?A\xbb\xba\xae\xef<W\xe0S?}\xf0\x81\
\xe3\x05\xf9\xc3\x1fDw\x8a\xee\x14\xdd\xb9\x5c{\xa3W\
t\xb3\xb8Y\xdc,\x802^\x19\xaf\x8c\x17\xc2~\xe5\
m\xf26y\x1b\xe0\xaeq\xd7\xb8k\x00e\x982L\
\x19\x06\xb8\xb5\xbb\xb5\xbb\xb5\x03\xf2\x01\xf9\x80|\x00P\
v(;\x94\x1d\x80w\xb5w\xb5w5\xae:\xf1E\
/\x88^\x10\xbd\xe0\xe7\xe7\xe8?\xcf\x19\xe79\xf9\x0b\
5\xf1\xf9\x95\x13?\xee\xd7\x90\xb7\xe08\x8e\xe3\xf8\x95\
\xcf\xf7z\x09\x5c\xbc?\xff\x9b\xa1\xeb;\xcf\x15\xd2\xd3\
\xd1\x84&4}\xf1\x85c\xbc~\xfb\xdb\xe7\x9f~\xfe\
\xe9\xe7\x9f\xbez\xbf\x94E\xca\x22e\x11\xe0F\xb9Q\
n\x14\xa0\xe8Vt+\xba\x017\xda\x8dv\xa3\x85\xe7\
\xad\xd8\xa7\xd8\xa7\xd8\x07\xc8;\xe4\x1d\xf2\x0e@\x95\xa0\
JP%\x08\xb5\x09=vy\xec\xf2\xd8\x0d\x10\xbe\x84\
/\xe1\x07\x10\x0aBF(\x00\xc2F\xd8\x08\x1b@\xe8\
\x09=qYJ-n?\xb7\x9f\xdb\x0fp{\xb8=\
\xdc\x1e\x80|\x9b|\x9b|\x1b \xffH\xbeN\xfe\x91\
\xe7O\xf0+\xaak\x9d\xf8Ws\xfb\xf2)\xde\xae\xd5\
=,\x96 \x0eqp\x91p\x0eX0#\xe0\xf1\xf7\
eGdGdGx\xe6S\x81\x93s~\xadV\xff\
\xe9+\xb2\x95]\xb9\x04\xce\xce\x86\x05\x16X\x8e\xbd\xcb\
\x1b\xc7\xd2nK\xbb-\xed\xb6kwOJ[\xa5\xad\
\xd2V@A)(\x05\x05xn\xf1\xdc\xe2\xb9\x05X\
\x1c\xb78nq\x1c\xe0[\xe5[\xe5[\x05x\xf6{\
\xf6{\xf6\x03\xeaNu\xa7\xba\x13P&*\x13\x95\x89\
\x80\xbcK\xde%\xef\x02L=\xa6nS\xcf\xec\xeb\xbf\
\xdb\xfdn\xf7\xbb\xdd\xfc\x16\xea\xb7\xbfudT\xe2\x93\
\x93\xf2q\xe5\xd7\x8b+\xad\xf3\xfc\x84{\xe1\x05\xc7\x84\
\xe1y\x03\xbc\xbf\xfd\x1a\x88YW1\x0a]\x1b\xbe\xfa\
\x97C\xde\xff\x80C\xce\xe6q\x5c\x1f\xf8~\xf3F\xe3\
\x9d;\xf7\x9c\xdcsr\xcf\xc9\xe3\xef9\x9e\xb7\xeb4\
\xe3\xeaXu\xac:\x16\xf0i\xf0i\xf0i\x00T\xa5\
\xaaRU)\xe0\x99\xe1\x99\xe1\x99\x01,\x89[\x12\xb7\
$\x0e\xf0\xcf\xf0\xcf\xf0\xcf\x004e\x9a2M\x19 \
k\x915\xcbZ\x00\xaa\x90*\xa4\x0a\x01u\x96z\xa3\
z#\x1c\xe9\xba\xfd\x00h\x11\x08-\x00\x0f\xa8\xe11\
\xbb]\xd1\x1d\xa2;Dw,\xd7:\xfa\xc7G\xf1\xf1\
A[\xcfl\xb9\xb1q\xe0\xdfg\xfe\xb9\xf3\xc4\xb0g\
\x9f\xbde\xec\x96\xb1[\xc6~_\xe9\xf8{v\x82\x15\
W\xf8\xae\xe4\xbb\x92\xef\xe6\xf1F\xb8P\x00\xe4u+\
\x86\x1f\xe5\xfe(\xf7G\xb9\x17\xc6\xf7<\xb8\xe7\xc1=\
\x0f\xf2\x99w~\xe8,\xc7\xc9\xfb9]\xe1J\xff\xb3\
+\xcd\xcf\xbf \xbf\xc8\xfb\x0b\xfb\x17\xf6/l\xb3s\
\x85\xc0g\xbdu\x0dI\xaa$U\x92\x0a,JX\x94\
\xb0(\x01\xf0\xa6\xbdio\x1aXR\xb4\xa4hI\x11\
\x104\x164\x164\x06\x04\xc4\x05\xc4\x05\xc4\x01Kw\
-\xdd\xb5t\x17\xa0\x18U\x8c*F\x01m\x966K\
\x9b\x05\xd0\xf5\xf4Q\xa1\xe8&?\xe1\x1f\xcdH\xbb+\
\xed\xae\xb4\xbb\xf8\x09\xcf/\xfd\xae\xb5.\x80+7\x1c\
?\x0e<u8\xe3\xb1\xf2s\xe5\xe7\xca\xcf\xed\xde\xbd\
9us\xea\xe6\xd4\xf3\xce )\xcb\xb5\x879E!\
\x0aQWZ\xfd\xaf\xdf\x0d\xe8\xb0\x1d}=\xe8\x90<\
oa\x9dsks\xe3[\xb6\x7f\x07\x1f\x8f\xff\xd6[\
\xbc\xe2wHa\x5c\xd9c\xec1\xf6\x18 \xd7\xca\xb5\
r-\xb0h\xdd\xa2u\x8b\xd6\x01+v\xae\xd8\xb9b\
'\xe0=\xe9=\xe9=\x09,\xf3]\xe6\xbb\xcc\x17X\
\x1c\xb38fq\x0c\xb0(|Q\xc4\xa2p\xc0\xeb\xb8\
W\xa3\xd7q\x80\xcdcw\xb0\x97\xaf\xcb\xf8%\xbd\xda\
\xb1\xa7\xdf\xf0\xc1\x86\x0f6| \x968\xda\x7f\xf9e\
\x87\x11\xb2\xf1/\x8e\x83y\x05\xc5?\xaf\x1b\xe5\xcd\xf0\
\xcf\xb3\xb6\x96<B\x1e!\x8f\xc4\xdd\xbb\xf7\x95\xbd\xaf\
\xec}\xa5\xac\xcc\xb1e\xe1\x83\xe3\xae\xd5Fd\xb1X\
\x87\xad\xc3\xd6y\x14\xbe\x8b\x89~\xbdVb\x86\xe6k\
\xf7\x11\xa3\xc4(1\x0aT\xbfT\xfdR\xf5K\x9f\xf7\
<\xbb\xef\xd9}\xcf\xee\xe3\xbf\x10|p\xcc_\xe6\xf1\
L^\x0f\xf8\xa5\xd5\xa17\xfe\xfd\x05\x99}\xa41\xdf\
\x98o\xcc\x07$}\x92>I\x1f >\x22>\x22>\
\x22\x94\x81V\x04)\x82\x14A\x80l\x8fl\x8fl\x0f\
p\xa9\xe3R\xc7\xa5\x0e\xc0#\xdd#\xdd#\x1d8[\
z\xb6\xf4l)\x90\xf9\xe7\xcc?g\xfe\x99\x9f\xf8\xbc\
\x9b\x8e\xa7\xce\xf2/\xec\xf5\xe2J\x85\xc7\x7f\xd17=\
]N\x94\x13\xe5\xc4k\x07~\x9e\xfa\xf3\xd4\x9f\xa7v\
u\x99k\xcd\xb5\xe6Z@\xa9W\xea\x95\xfa\xd9W\xba\
*\xb4\xd0B{c\xbd\x9c\x0f\x0eE\xf0\x97c?o\
\xfby\xdb\xcf\xdbR\x1er\xfc\xca\xa7\x08\xfb|\x8e5\
\xd3\x8d\x80\xdf:}\xf4\x11\xefVn\xeai\xeai\xea\
Y\xae\x1d\x93\x8cI\xc6$\x80\xef\x80\xef\x19\xdf\x01\xc0\
\xbd\xc6\xbd\xc6\xbd\x06\x88x8\xe2\xa1\x88\x87\x81K\xc1\
\x97\x82/\x05\x03\xb4\x8d\xb6\xd16 X\x1b\xac\x0d\xd6\
\x02fO\xb3\xc6\xec\x09\xd8\x0f\xd9\x0f\xd9\x0f\xcdn\x91\
XF,#\x96n\xd8\xf0\xf6\xee\xb7w\xbf\xbd\xfb}\
g\xe6\x05>&\xe2f\x0b\xbf\xf0Ky~~\xa4>\
\xfc\xa3\xb0\x1f\x85\xfe(l\xd3\xd3\x8d\xf74\xde\xd3x\
\x0f\xa0\xf2S\xf9\xaa\xfc\x842\xe5\x0e\x5c\xab\xdbVD\
\xf2\x95\x8c\x5ca\xc1\x8c\x80\x83\xcd\x83\xcd\x83\xcdB\x90\
\x8c\xdaM\xed\xa6V\x01\xe7K\xce\x97\x9c/a\xe8\xf4\
\xc6\xf4\xc6\xf4\xc6\xba\xba\x93\x01'\x03N\x0645\x8d\
\x85\x8f\x85\x8f\x85\xf3\xc1D\x0f8)#W\xe7\x07\xcc\
\x0f\xde\xcd\xf8h\x86\xe3\x05in~\xa0\xf8\x81\xe2\x07\
\x8a\x7f\xfaSq\xa68S\x9ci\xb1\xd8\xa3\xed\xd1\xf6\
h@1\xa9\x98TL\x02+V\xacX\xb1b\x05\xe0\
\xf7\x03\xbf\x1f\xf8\xfd\x008;tv\xe8\xec\x10 \x8e\
\x16G\x8b\xa3\x81\xba\xda\xba\xda\xbaZ\x7f\x7fG\xc9-\
\x9e2\xcb\x1b\xf3n\xd6\x8a\xcb\xbf\x00_9\xfd\x05\x7f\
m^\xdc\xbb\xb8wqo\xf1o\xe2-\xf1\x96x\xcb\
\xe4\xe4g\x8a\xcf\x14\x9f)\x00w\x9b\xbb\xcd\xdd\x06\xfc\
?\xed\xbd\x7f\x5cTe\xde?\xfc>g~\x0f\xc38\
\xe2\x80#\x22\x22\x11!\x91\x12\xcb\x97\x8c\x14\xd15b\
\x89%B\x224B\x97\xc8%\x22#2B\x22\xd6\x87\
\xc8\x5c\x96\xdb\x9b\x8c\x5co\x96X\xd7u\xf9\xa2\x11\xb1\
d\xc8\x12\x11\x12\x91\x22\xa2\x12\x11\xd2\xa8H\x80#\x8e\
\xe30\x0c\xc3\xfc<\xe7\xf9c\xe60%\x82\xa0\xdc\xf7\
\xfdz\x9e\xd7\xbe\xff\xb9^3s\xe6\xba\xaes\xce\xf5\
\xe3s}~\xbc?\x8a\xad\x8a\xad\x8a\xad\xc0\x95\xc7\xae\
<ve\x22\xee\x9f\xc5\x9ai\x8bLl\x05~\x8f\xdf\
\xe3\xf7\x13\xff\x9f\xe58\xb0\x1f5.z]\xf4\xba\xe8\
\x05\xdc'\xbfO~\x9f\x1cH|/\xf1\xbd\xc4\xf7,\
\xe6\xcb5\x97k.\xd7\xa4\xbfV\x13U\x13U\x13\xc5\
L\x94\x1d\xb6h\xb9\x88\x08ky\xb7\xf4\xe2\xccsO\
N\xb6\x1e\x0d\xbd\xbd\xbf\xc6\xd7\xf8\x1au\xff\x1a\xab\x19\
;6V\xf3~\xd1\x1a\xe5\x1a\xe5\x1a\xa5N\xd7\x7f\xb6\
\xff|\xffY\xe0\xb1\x97\x1f{\xf9\xb1\x97\x81\x1f\xf7\xff\
\xb8\xff\xc7\xfd\x80j\x97j\x97j\x17\xc0Qr\x94\x1c\
%\xe0\xbc\xc5\xf9y\xe7-\xcc\xc2\xce\xb43\xd3LR\
\xb3\x05C\x12[\xf5\xe9\x0b\x05/\x14\xbcPPVf\
:`:`:\x00x,\xf5X\xe6\xb1\x14\xf8\xe7\xef\
\xff\xf9\xfb\x7f\xfe\x1e\x10h\x05\x1a\x81\x16P8)\xa4\
\x8a\x89\xd16\xd3\x0d\x9a\xc3%\x92\x89db\x9a\x03\xc9\
\x1cy\x02r\xb8j\xa5Z\xa9V\x02\x0aO\x85\xa7\xc2\
\x13\xf8\xce\xfd;\xf7\xef\xdc\x00\xd60k\x985\x0c\xd0\
[\xe9\xad\xf4V\xc0\xbf\xd7\xbf\xd7\xbfW\xa5zt\xe0\
\xd1\xfeG\x07\x98\x1c{\x89[\xac%\x13\x1dv\xb7\x9e\
i\xccQ\x82\xa1\xcaJJ\xfa2\xe7\xcb\x9c/s\x1a\
\xbeh/l/l/\xcc\xcc\xbc\xb9\xe7\xe6\x9e\x9b{\
\xf8|s\xb5\xb9\xda\x5c\x0d\x8c\x1e\x19=2z\x04P\
\xbb\xab\xdd\xd5\xee\xc0\x99\x963-gZ\xf8\xfc\xea\x81\
\xea\x81\xea\x81\xccL\xeb\xc4g\xcex\xccQ\x83QF\
\xde\xad\xeb,3\xf1\xab\xab\xad.\xd2\x0f=\xe4\x17\xe4\
\x17\xe4\x17\x94\xf1\xfa\xffi\xf9?-\xff\xa7E\xa5\xa2\
3\xe9L:\x13\xb8\xa9\xba\xa9\xba\xa9\x02\xaew^\xef\
\xbc\xde\x09\x5c\xc8\xbe\x90}!\x1b\xb8q\xf4\xc6\xd1\x1b\
G\x99\xfa83\x9e\xc0D;\xd1N\xb4\xdf]\xaf\xed\
\xb0\x98\xff\x15\xf7\xaf\xb8\x7f\xc5\x01\xf2\x0cy\x86<\x03\
\xf8g\xe2?\x13\xff\x99\x08\x0c\x16\x0d\x16\x0d\x16\x01\xe3\
u\xe3u\xe3u\xc0\xca\xf5+\xd7\xaf\x5c\xdf\xd5\xf5x\
\xfd\xe3\xf5\x8f\xd7o\xb5\xa5\xeabt\x17\x8c\x84p\xaf\
`\x16\xe4\xdd\xefv$w$w$\xef~\xf7\xfd\xac\
\xf7\xb3\xde\xcf\xfam\xd4U\x9f\xab>W}\x00V(\
+\x94\x15\x0a\xc8^\x90\xbd {\x01\xe8\x09\xe8\x09\xe8\
\x09\x00\x9a\xce5\x9dk:\xe7\xe6\xb6v\xcb\xda\xdf\xad\
\xdd\xc2\x98\xbd\x19\x22\x92\xb9\xa2Eg\xc8F\xdf/\x12\
\x0d\x8b\x86E\xc3\x89[\x02\xa3\x02#\x03\xa3\xca\xca\x94\
>J\x1f\xa5\x0f` \x0d\xa4\x81\x04\xce|u\xe6\xab\
3_\x01R\xb9T.\x95\x03\xa7\xfdO\x07\x9c\xf6\x07\
,\x0d\x96\x06\xcb\x84\xf5f\xe6\xf3\x83\xbd\x9b\xbd\x9b=\
\x8d\x0e`\x8a\x813{G\x11m\x826A\x9b\x00\x10\
\x12BBH\x00\xe2\x18QC\x1c\x03\xb4{\xb5{\xb5\
{\x01*\x83\xca\xa020\xe1\x10!\xe5J\xf9R.\
\xe0\x13\xe4\x13\xe4\x13\xd4\xd5%\xde&\xde&\xde\x96\xb8\
\xa5-\xb9-\xb9-\xf9c\x9bGT\xc8\x1ak9\xdb\
,\xbc\xb7\xd2D3d\x9e\x8f\xad>\x95t*\xe9T\
\x92l\xe1\x19\xc9\x19\xc9\x19I\xc6\xeb/\x95\xbfT\xfe\
R9\x90\x11\x91\x11\x91\x11\xf1d\xa4\xd5\x81't\xed\
\xdd\xb5\xcb\x9c\xd1\x18\xee\xc3[\xc1\x88z\x1f\x7fL]\
\xa0.P\x17\x9a\x9bO\xc8O\xc8O\xc8\x81\xf4w\xd3\
\xdfM\x7f\x17\xb0\xb4Y\xda,m\xc0\xd0\xd0\xd0\xd0\xd0\
\x10@\x85S\xe1T8\xa0\xccQf+s\x00\xa4a\
;\xd2\x80A\xe5\xa0rp\x82\x1c\xd24\xe3\x01A\xe8\
\x08\x1d\xa1\xbbWG \xa1p8p8p8\x10\xe8\
\xd7\xf6k\xfb\xb5\xc0\x12\xef%\xdeK\xbc\x01U\x82j\
\xb3*\x01\x18\x19\x1f1\x8c\x8c\x03\x0b\xb4\x0b\xb4\x0b\xb4\
\x00\x1dH\x07\xd0\x81\x80\xe5\xa6\xe5\x86\xe5\xe67-\x18\
\x86\x12\xc3\xdf\xb4X%5\xb9-\xe8\x8c!\xd4\xb8W\
s\x19\x13\x0d\xb9y\xf3!\xf5!\xf5!\xb5K\xcd\xa1\
W\x0e\xbdr\xe8\x15 \xac-\xac-\xac\x8d\xc3=\x1d\
t:\xe8t\xd0k\xb6\xeb\x1ey\xc4Z\xc6L\x139\
?\x1b0\xfe+\x8ck\xf4\x1f\xff\x18(\x0b\x94\x05\xca\
:;y\x07x\x07x\x07\x00\x13\xdb\xc45\xb1\x01u\
\xab\xbaU\xdd\x0a8\xeew\xdc\xef\xb8\x1f\x18S\x8e)\
\xc7\x94\xc0\xf9\xee\xf3\xdd\xe7\xbb\x01\xba\x94.\xa5K\x81\
q\xdd\xb8n|B\xf57\xd3(\x5c\x93\x91]\xc3\xae\
aOs\xe0\x9e\xa3#\x00\x8b\x1cI\x19I\x19I\x01\
,M\x96&K\x13@eQYT\x16@\xbb\xd3\xee\
\xb4;@'\xd2\x89t\xa2\xddQC\xdb\xa3\xed\xd1\xf6\
\x00D3\xd1L4\x03\x5c!W\xc8\x15\x02\xc1\xa1\xc1\
\xa1\xc1\xa1\x9f\xd5\xb4\xdc\xdfr\x7f\xcb\xfd\x9f\xd5\x90\x7f\
!\xffB\xfe\xe5\xca\x15k;\x8c\xc3\xccT\x99t\xee\
\xc4\x0f\xcf 9\xd9\xac6\xab\xcdj7\xb7\x0f\x22>\
\x88\xf8 \xa2\x8bIMe\xb3^\xdc\xad\x12\xe7\xd6\x89\
\xcf8\xb8|\xf2\x09\xfd&\xfd&\xfdfq1\xb3\xb3\
\xa3\x01\x0dh\x00\x86b\x86b\x86b\x80\x05\x9b\x16l\
Z\xb0\x09\xb8\x90s!\xe7B\x0e \x5c!\x5c!\x5c\
\x01P\x12JBI\x00\xec\xc2.\xec\x02\xe0\x02\x19\x5c\
\x00s\x889\xc4|\x17.\xcel-[\xcb\xd6\xde\xdd\
\xdd\xd9\xc1b\x7f\x7f\xe5\xfb+\xdf_\x01n\x84\xdc\x08\
\xb9\x11\x02\x5c\x8a\xba\x14u)\x0a\x18\xff\xeb\xf8_\xc7\
\xff\x0a\xa8\xeaTu\xaa:`\xbck\xbck\xbc\x0b\xe0\
j\xb9:\xae\x16\x80\x00<\x08\xec51\xd1\xa0\xcf\xad\
yn\xcdsk\xfe\xab\xa4b\xb8b\xb8b\x98\xa1$\
\xfb\xad\xcda\xe6n\x8f\x0a\x8c\x84\xc6p#^\x1f\xae\
\x0f\xaa\x0f\xaa\x0f:b\x93\x9d\x18\x0a\xb7{\x05\xa3\x95\
\xb7\xfb\xf2\x9fr>\xe5|\xca\xb9\xa9\xe9\xed\xffz\xfb\
\xbf\xde\xfe/\xe0\x9a\xdb5\xb7kn\x00\xa3\xc3\xd1y\
\xeb\xbcu\xde\x00\x8aP\x84\x22\x80\xe1?\x18k\x1fk\
\x1fk\x07\x1c\x0b\x1d\x0b\x1d\x0b\xedAnt\x14\x1dE\
G\x01V\xde\x06\xa6\xbdyw\x18\xa7c:k\x1aw\
''\x9c\xc5Y\x9c\xbd\x8dc\xdd\xed9\xde\x18G\x8d\
\x99r\x98ef\xce\x157\x1bSnl\xdc\xd8\xb8\xb1\
\x11\xb0\x9e\x85\x01\xb0\xc1\x06\x9b\x11\xbd\x0f\xfd\xcdZ2\
$\x91\xff]9\x00g\xca\xd5\xc7|f\xb8\xe1\xfe\xf1\
\x0f\xabc\x8b\xab+C*\x9a\x9c\x9b\x9c\x9b\xbc\x0bx\
\xda\xe7i\x9f\xa7}\x80\xe0\xa3\xc1G\x83\x8f\x02\xe5_\
\x97\x7f]\xfe\xf5\xdd?'+\x98\x1do\xa6\xfd^\xe6\
\xf9\xcb\xdc\x81\x8c\xef\xf9L\xff\x9f\x9aJ\x7fO\x7fO\
\x7f\x0f\xd0\xef\xd1\xef\xd1\xef\x01\xf4S\xf4S\xf4S\x00\
\xbd\x86~\x8c^\x03\xd0\x0f\xd2\x0f\xd2\x0f\x02\xd4{\xd4\
{\xd4{\x80e\xd02h\x19\x04\x1e\xea{\xa8\xef\xa1\
>\xe0)\xd7\xa7\x5c\x9fr\x05\x12|\x12|\x12|\x80\
\xf0\xca\xf0\xca\xf0J`K\xdc\x96\xb8-\x13\xc1\xc8\xcc\
B\xcf\xd8\xd5\xff\xa7\xdf\xef\x9dJ&\x9f\xc1\xce\xece\
\x9ae\xeae\x1a \xa67\xa67\xa6\x17\xa8\x19\xac\x19\
\xac\x19\x9c\xbb\xf9\x80jT\xa3\x9ay.\xb3\xcd\x81\xf8\
\x80\xcfT\xf5\xce\x91\x04\xc0\xe5^/\xbc^x\xbd\x10\
p\xde\xe1\xbc\xc3y\x96\x82\xf3\xed\xd0S\xd6S\xd6S\
\x06,oY\xde\xb2\xbc\x05\x08K\x0f\xdb\x1e\x96~\xa5\
\x8f\xe3\xc9\xf1\xe2x&n\xf9<\xf5\xf3\xd4\xcfS\x99\
\xab\xff\xbb\x945w\x02#i\xd8E\xfbg\x8f>{\
\xf4\xd9\xa3\xcd\xcd\xcerg\xb9\xb3\x1c0K\xcdR\xb3\
\x14\xd0\x19uF\xdd\x10p\xb1\xf5b\xeb\xc5V\x80W\
\xc7\xab\xe3\xd5\x01#\xf1#q#\xf1\x00\x060\x84\xbb\
\x8e\xf5\x9b\xb9\x0e\xc0F]s\x8f I\xc6#\x0e>\
\xf0\x81\x0f\xecf3=\xf4\xd0\xdbK:\x86\x8e\xa1c\
0\x91\xa6ZwDwDw\x04\xb8Vq\xad\xe2Z\
\x05pSySyS\x09\x88\xd4\x22\xb5H\x0d<\xf4\
\xc6Co<\xf4\x06\xb0\xa9uS\xeb\xa6\xd6oZ<\
\x0a=\x0a=\x0aO\x9e|/\xfe\xbd\xf8\xf7\xe2\xcf\x9e\
\xb5\xb6\xcfX\x93\x98Tj\xf7\x1a\xc6<S0~-\
--V\x17\xf0\xec\xb7\xac!\x08\x03\x03B\x99\xd0U\
(\x03\x0c\xbb\x0c\xb9\x86]\x80\xe0\xd7\x82\xc7\x05\xbf\x06\
\xe0\x0aW\xb8\xceA\xd3\xe9HG:\xf3\x81\xa1B\xb9\
\xd3Q\xe0\xce\xba\x829\x8b\x06\x94\x8b\xe5b\xb9\x180\
\x84\x1b\xc2\x0d\xd3\xc4A\xcf\x14\x1c3\xc7\xcc1\x03\x0a\
\xa1B\xa8\x10\x02\x82\x03\x82\x12\xc1\x01`q\xd7\xe2\xae\
\xc5]\xc0\x8e\x84\x1d\x09;\x12\x80\x9d\x9d;;wv\
2\x5cl/\xda\x22\xec\x19\xd1{\xae\xc2\x5co\x05c\
\xa6{\xe1\x85'\xe2\x9f\x88\x7f\x22>\xe3\xf5tc\xba\
1\xdd\xd8\xdc\xec^\xe4^\xe4^\x04\xb0\xbaX]\xac\
.`8{8{8\x1b\xb8\x96{-\xf7Z.\xc0\
\x8f\xe1\xc7\xf0c\x80Q\xd1\xa8hT\x04\x08\xf4\x02\xa3\
\xe0.\xf2\x0e5\x967\x967\x963\x9ff\xae\x03\x98\
\x1b\xb0\xd84ES4\x05\xd0\xbe\xb4/\xed\x0b\xd0\xe1\
t8\x1d\x0e\xd0\xd1t4\x1d\x0d\xd0\xf1t<}\x1b\
\xf7'b+\xb1\x95\xd8\x0a\x18B\x0d\xa1\x86P\x80\xd6\
\xd2ZZ\x0bP[\xa9\xad\xd4V\xe0\xe2o/\xfe\xf6\
\xe2o\x81\xfbC\xef\x0f\xbd?\x14P6*\x1b\x95\x8d\
\x16\xf3S\x91OE>\x15YZ*\xc9\x91\xe4Hr\
\xd6\xad\xb3\xd6\xc6$&aHRo\xc5\xcc\x1df\xa6\
\xc7\x84\x19\xfb\xf9\xad\xd8\x8a\xadH\xdc\x12\x1b\x1b\x1b\x1b\
\x1b;0\xe0\x99\xe4\x99\xe4\x99d'\x85U\x84*\xd6\
+B\x81\x1f\xbb~\xec\xfa\xb1knZ\x07`_X\
g\x05f\x83\x9az\x1eL\xb1s\xcc\xd6\x0a`\xa1\xba\
\xc3\xbb\xc3\xbb\xc3\x01V\x0f\xab\x9b\xd5\x03XvXv\
Xv\x00\xa6lS\xb6)\x1b\xb0\x9c\xb3\x9c\xb3\x9c\x03\
\xc65\xe3\x9aq\x0d\xb0.l]\xd8\xba0@ \x14\
\x08\x05\xb7qk\xd07\xeb\x9b\xf5\xcdv;\xbd.P\
\x17\xa8\x0b\x04\xd49\xea\x1cu\x0e\xe0}\xc4\xfb\x88\xf7\
\x11`4l4l4\x0c8r\xe6\xc8\x99#gJ\
KsGsGsGKK/\x84^\x08\xbd\x10\xca\
H\x06\x0c\xa9\x22s\x84\x98m\xb0\x0d\xa3\xc5\xfd\xac\xa6\
\xe0\xe5\x82\x97\x0b^~\xfb\x0f\xa6\xd5\xa6\xd5\xa6\xd5\x16\
\xf3\x0f_\xff\xf0\xf5\x0f_\xdb\xcda\x9e\x9b=7{\
n\x06\xc6\xbc\xc6\xbc\xc6\xbc\x00\xf3A\xf3A\xf3A\xc0\
\x92m\xc9\xb6d\x03\xe6\x18s\x8c9\x06`\xc8\x1c\xaf\
w\x5c\xef\xb8>\x8d\x95\xfcB\xf8\x85\xf0\x0b\xe1\xc0\xe5\
\xc8\xcb\x91\x97#\x01N\x0f\xa7\x87\xd3\x03\xa8\xcaTe\
\xaa2\xe6\xaaY8n\x91 A\xfewG\x03N\x0d\
\xa3\xd6\xa85j\x01s\x849\xc2\x1ca\x0f\xbf5\x1d\
5\x1d5\x1d\x05\xc6r\xc6r\xc6r\x00a\x93\xb0I\
\xd8\x04p\xf5\x5c=W\x0f\x08\x8c\x02\xa3\xc0\x08\xac\x95\
\xaf\x95\xaf\x95\x03\xce-\xce-\xce-\x19\xaf\x1f\xad;\
Zw\xb4.\xff]M\xbe&_\x93\xcf\xa4\x0bg\x8e\
\xb03}\xcf\x8cU\x86y\x8e\xcc\x06R\xfe\x7f\xdf\xfb\
\xf4\xbdO\xdf\xfb\xf4o\x87FO\x8f\x9e\x1e=m1\
\x9b\x8c&\xa3\xc9\x08\xb0\x0e\xb0\x0e\xb0\x0e\x007Sn\
\xa6\xdcL\x01F\x1aF\xeaG\x1a\x00\xd36S\x8ai\
\x1b |]\xf8\x9a\xf0\xf5\xa9[<\x9drz\xdb\xe9\
\x14\xa0\xaf\xbb\xaf\xa7\xaf\x1bx\xa6\xf9\x99\xe6g\xa6\xe1\
7`$\xa8\xb9\xc6Tf\xc0Y\xef(\x03\x99\x03\x99\
\x03\x99\xc0E\xef\x8b>\x17\xbd\x81\xcb\xad\x97[/\xb7\
\x02?u\xff\xd4\xf5S70\xb4~h\xfd\xd0z\xe0\
j\xe5\xd5\xca\xab\x95@\xbdg\xbdg\xbd\xe7\xd4\xf5\x99\
\xbd\xcd\xdefo\xc0\x18e\x8c2F\x01\xfa\x16}\x8b\
\xbe\x05\x18w\x19\x97\x8e\xbb\x00\x97\xde\xbf\xf4\xfe\xa5\xf7\
\x81\xa1\xa4\xa1\xa4\xa1$\xc0\x94nJ7\xa5\x03G\xb7\
\x1c\xddrt\x0b\xf0\xd9??\xfb\xe7g\xffd$\x03\
\xdf\x07\xadeu\xf5\xec\xee\xea\xef\x87\x9c5\xce\x1ag\
\xcd\xda\xb5\xf4)\xfa\x14}*\xfb\xad7\x12\xdfH|\
#\xd1b6\xfeh\xfc\xd1\xf8#0\xb8\x7fp\xff\xe0\
~`\xc5\xb6\x15\xdbVl\x03\xfaW\xf5\xaf\xea_\x05\
\x98H\x13i\x22\x01ZF\xcbh\x19@UQUT\
\x95]9\xca\xa4E\xbf\xf1\xe1\x8d\x0fo|8\xb9\xe5\
\x1f\xc9\x1f\xc9\x1fI\xe0\xc7\xa8\x1f\xa3~\x8c\x02F\x8e\
\x8d\xd4\x8c\x1c\x03\x94;\x94;\x94;\x80\x1f\x22\x7f\x88\
\xfc\xe1n\xc2\x9a\xe7\xe8\x08p\xb7\xff4\xef0\xef0\
\xef\x00\xa8\x08*\x82\x8a\x00,\x1d\x96vK\x07@\xfb\
\xd0>\xb4\x0f`\xf1\xb0xX<\x00\x9dT'\xd5I\
\x81\x9b\xd2\x9b\xd2\x9bR`,xl\xd5X0\xa0v\
S\xbb\xa9\xdd\x80\x95\xcf\xaf|~\xe5\xf3\xc0\xcd\xe7o\
>\x7f\xf3y\x95\xca\xaa\xd3`\xa8\xb6\x18&%\x86s\
\xf2N\x18\xb5M-6\xc7Y\xe7\xacs\xd6mx\xfc\
\xd5\xf8W\xe3^\x8d/+[V\xb0\xac`Y\x81\xc5\
\xec\xf4\x07\xa7?8\xfd\x01\xd0\xcb\xf5\xbdz9@\xe9\
(\x1d\xa5\x03\x86\x82\x86\x82\x86\x82\x00K\xa7\xa5\xcb\xd2\
\x09X:,\x1d\x96\x0e\xe0\xc6\xd0\x0d\xc5\x8d\xa1\xc9-\
}\xa7\xf9N\xf3\x9d\x06Pz)\xbd\x95^\xc0\x8d\xda\
\x1b\xb57j\x81S\xabN\x05\x9dZ\x05\x1c\x8f8\x1e\
q<\x020x\x19<\x0d^@KSKSK\x13\
n\x09\xeb\x9d+\xfe\x869t\x04Z\xb0g\xc1\x9e\x05\
{\x00\xe7\x0a\xe7\x0a\xe7\x0a\xc0\xd2bi\xb1\xb4`\x22\
\xff9\xe1Mx\x13\xde\x809\xd0\x1c`\x0e\x04\xa4\x89\
\xd2D\xe94\x0e\xbc\x06\xb6\x81m`\x03\xec\x18v\x0c\
;\x060z\x19\xbd\x8c^\xc0H\xddH\xfdH\x1d\xe0\
\xb8\xd9q\xb3\xe3f\x80\x88$\x22\x89H\x80\xc7\xe2\xb1\
x\x1c\xe0\xf3C\x9f\x1f\xfa\xfc \x10\x92\x11\x92\x11\x92\
\x01\xe4\xf3\xf2y\xf9< \xc7\x90c\xc81\xfc\xdd\x96\
\xbadj\xdf\xf2_\xe2\xe3O\x86\x1d\x87\x1d\x87\x1dU\
*\x04!\x08A\xf6_\xba\x9f\xe9~\xa6\xfb\x19`q\
\xcd\xe2\x9a\xc55\xc0I\xeeI\xeeI\xae=\x9b\xb2I\
o\xd2\x9b\xf4\xc0\x98\xfb\x98\xfb\x98;\xa0+\xd3\x95\xea\
\xca\x00S\xbci\xb3)\x1e0\x17\x99\x8b\xccE\x00u\
\x8c:F\x1d\x03\xf0G\xfc\x11?\x0b\xc6\xf5\xea\xf6\xea\
\xf6\xea\x06.\xee\xba\xb8\xeb\xe2.\xc0e\xc8E\xe12\
\x04PaT\x18\x15\x06\x8c\x84\x8f\x84\x8f\xdc\xcdQ\x8b\
\x02\x859\x18>D\x19QF\x94\x01\x0c\x9b0TP\
\xe1v\xc1\xdb\x0c\xf3\x90-\x5c\x9aaT2\xf5\x9az\
M\xbd\x80\xa1\xde\xd0`\xa8\x07\x98\xa4\x99J\x9dR\xa7\
\xd4\x01\xda]\xda]\xda]\xc0\xb8\xe7\xb8\xe7\xb8'\xa0\
K\xd2%\xe9\x92\x00\xbe?\xdf\x9f\xef\x0f\xd4;\xd4;\
\xd4;\x00i\xdei\xdei?#V\xb1*\xb7\xbem\
\xb5:\xf4\x5cxrfw\xc3aG\xa7E\xa7E\xa7\
\xd9c\x0b\x16<\xb6\xe0\xb1\x05\x8f\x01G*\x8fT\x1d\
\xa9\x04\x04\xf3\x05\xf3\x05\xf3\x01\xd2\x8b\xf4\x22\xbd\x80\xeb\
U\xd7\xab\xaeW\x01\xf3\xd2\xe6\xa5\xcdK\x03\xae\x19\xaf\
\x19\xaf\x19\xed\xec\xd0cK\xc7\x96\x8e-\x05`=3\
L\xc0K\xed\xa5\xf6R\x03\x9d\xeb;\xd7w\xae\x07\x9c\
\x13\x9c\x13\x9c\x13\x80\x80\x9e\x80\xde\x80\x1e`\xa8{\xa8\
z\xa8\x1b\xe0\xb9\xf2\x5cy\xae\xc0Ci\x0f\xa5=\x94\
\x06\x9b\x12\xfcn\xde\x140\x9dUl\xaah\xc0Y6\
\xc5a\xfb\xba\xfa\xba\xfa\xba\x02\x01\xf2\x00y\x80\x1cx\
8\xf5\xe1\xd4\x87S\x81\x07\xfb\x1e\xec{\xb0\x0f\xf0N\
\xf5N\xf5N\x05\xdc\xc3\xdc\xc3\xdd\xc3\x80\xa0\x82\xa0\x82\
\xa0\x82\xa9k4\xd6\x19\xeb\x8cu\x80\xa9\xdaTm\xaa\
\x06t+t+t+\x00=_\xcf\xd7\xf3\x81\xa1\xbc\
\xa1\xbc\xa1<\xe0j\xf3\xd5\xe6\xab-\xc0\x97O|\xf9\
\xc4\x97\x8f\x03#\x7f\x19\xf9\xcb\xc8_\x80s\xe2s\xe2\
sb`t\xe3\xe8\xc6\xd1\x8dw{_S\x83H$\
\x12\x89D\xa0'\xb5'\xb5'\x15\xd0\xe4jr5\xb9\
\x80f\x85f\x85f\x05\xa0JS\xa5\xa9\xd2\x00\xad\xbb\
\xd6]\xeb\x0e\x8c\xef\x1a\xcf\x1b\xdf\x05\x98\x02L\x01\xa6\
\x00\xc0\xb2\xc1\xb2\xc1\xb2\x01\xa0\xab\xe8*\xfa6\xfb\x14\
\xe1C\xf8\x10>@xExEx\x05\xb0\x94\xbf\x94\
\xbb\x94\x0fx\x0fy\x0fx\x0f\x01\x0e:\x07\x9d\xc3\xc4\
\x09w\x16\xe4\xa1\x14(Pw\xbf\x83O\xc0\x05R\xb8\
\x00p\x82\x13\x9c`\x8f\x87\x17C\x041\xecJA\xa6\
d\x06\xb0'<\xe1\x09\x98O\x9aO\x9aO\x02\xa6*\
S\x95\xa9\x0a\x18u\x1au\x1au\x02Fu\xa3\xbaQ\
\x1dp#\xf7F\xee\x8d\x5c`$m$m$\x0d\xd0\
\x05\xe9\x82tA\x80\xb2S\xd9\xa9\xec\x04\xf8^|/\
\xbe\xd7=\xdf\x85\x0d\xa3Z\xb3\xd0,4\x0b\x81\xb1\xbe\
\xb1\xbe\xb1>\xa0\x9d\xd3\xcei\xe7\x00\x8c\xe7\xe8\xc8\xee\
\x91\xdd#\xbb\x81\xa1\xde\xa1\xde\xa1^`T<*\x1e\
\x15\x03C\xcdC\xcdC\xcd\x80\xc1\xc5\xe0bp\x01\x0c\
\x9e\x06O\x83'0\xbe||\xf9\xf8\xf2\xc9-\x09\xdc\
\x05\xee\x02w \xca/\xca/\xca\x0fx`\xfd\x03\xeb\
\x1fX\x0fp\xd4\x1c5G\x0d,u]\xea\xba\xf4g\
J\xc3y\xc5\xf3\x8a\xe7\x15\xc3\x1a\xa44\xe1\xd2;\xd3\
\xf7\xcd\xe8@\xa6~\xdfs\xe5\x07\xc0\xf2\xc9\xf2\xc9\xf2\
\xc9\x02\x9cJ\x9dJ\x9dJ\xef\xbdF\xda\x89v\xa2\x9d\
\x00c\xbe1\xdf\x98\x0f\x90ud\x1dYg\xe7\xfb\xb7\
l\xb3l\xb3l\x03\xc8\x1e\xb2\x87\xec\xb6\x915\xea\x00\
\xe3>\xe3>\xe3>@\xab\xd5j\xb5Z\xc0\xf0'\xc3\
\x9f\x0c\x7f\x82\x8d\xf1e\x0e\x06\xbe\x0d\xa3A\xa3A\xa3\
A\xf6\xfc\xedd\x10\x19D\x06\xd9\xe3\xd0Y\xa5\xacR\
V\xa9]\xd47\xd5\x98jL5v:kK\x99\xa5\
\xccR\x06\x10QD\x14\x11\x05`%Vb\xe5\xd4\xed\
y\xb6y\xb6{\xfe,\xd8\xdaS\xed\xa9\xf6T\x03\xf8\
\x08\x1f\xe1\xa3\xb9\xba\xabY\xc0\xd5\x165g\x84\x19?\
\x1f\x8e\x0cS\x0fS\x0a\xc1\xff\xf9\x02@%S\xc9T\
2`\xe2\x9a\xb8&.@\xae&W\x93\xab\x01\xfa\x10\
}\x88>\x04X\xfc,~\x16?\x00\x5cp\xc1\x05\xcc\
m\xe66s\x1b`q\xb1\xb8X\x5c\x00\xa4\x22\x15\xa9\
\x80\xba@]\xa0\x9ef\x03\xb1b\xa6\x0b>E\xa9\xb3\
\xd5\xd9\xeal\x80l$\x1b\xc9F\xc0\xa2\xb4(-J\
\x80\x12Q\x22J\x04\xd0%t\x09]\x02\x18\xa4\x06\xa9\
A\x0a\x98w\x9bw\x9bw\x03\xfa\x08}\x84>\xc2\xbe\
P\x98\xc2M\xe1\xa6p\x80N\xa1S\xe8i\xfc\x08\x1d\
\xb9\x8e\x5cG.\xe0\xb7\xddo\xbb\xdf\xf6\x19t1\x11\
\x89H\x04\x90\x8dld\xcf\xec\xaefb\x1d\x9a\xe2\x82\
\xd9\xf2\x01\x00\xae{]\xf7\xba\xee\x9d\xed\xbf\xa6\x06s\
F4n3n3n\xb33\xba\x18\xbb\x8d\xdd\xc6n\
@_\xa9\xaf\xd4W\x02\xacC\xacC\xacC\x80\xca[\
\xe5\xad\xf2\x06\xb4z\xad^\xab\x07\x04\xdb\x04\xdb\x04\xdb\
\x00s\x829\xc1\x9cp\xf7\xf7u+zB{B{\
B\x81\xd1k\xa3\xd7F\xaf\x01#\xabGV\x8f\xac\x06\
(9%\xa7\xe4\xf6#\x0bk\x805\xc0\x1a\x00\xa8\x22\
\xaa\x88*\xb2+E\x19:ks\x8a9\xc5\x9c\x02\x10\
}D\x1f\xd17\xfb~<*yT\xf2\xa8d\xe2i\
\xd9\x84\xfa\x198B\xcd\xc9\x11\x80\xa2&\x98\x90\x18p\
\xc1\x06\x17\x80\x06Zh\x00\xe8\xa0\x85\x0ev\xde\x04\xdb\
\xefT\x1c\x15G\xc5\x01\xa6\xad\xa6\xad\xa6\xad\xf6h>\
S\x91\xa9\xc8T\x04\x90\x12RBJ\x00j3\xb5\x99\
\xdal\xd7\x05Y2,\x19\x96\x0c\x80\x8c!c\xc8\x18\
\xc0\xa02\xa8\x0c*\x00\xedhG;&\x12u\xfc\x12\
3_\xf0\xc76\x8cm\x18\xdb\x00X\x22-\x11\x96H\
\xc0\x12f\x09\xb7\x84\x01t3\xddL7\x03\xb4\x17\xed\
E{\x01\xe3\x91\xe3\x91\xe3\x91\x00\xb5\x8aZE\xad\xb2\
\x93\x932\xe3\xcc\x1cd\x0e2\x07a\x22-\xfa\x5c\x81\
\x91\x08\xad\xccv3\xd5\x010\x0emS\x8f\xfb)\x06\
\xca\x0c\x88%~\x01\x93)\xd61\xd61\xd6\x11xp\
\xd5\x83\xab\x1e\x5c\x05\xd0;\xe8\x1d\xf4\x0e\x00\x85(@\
!@\xd7\xd1\xf5t\x1d`\xdak\xdak\xfa\xd9BA\
\x14\x13\xc5D\xb1\xfd:\x22\x9d\xc8 \xd2\x81\x17]_\
t}\xd1\x15\x13|\xff\x0c!\x03QJ\x94\x12\xa5\x00\
\x9dJ\xa7\xd0\xa9\x00\xd7\x8b\xeb\xc5\xf5\x02\xd6|\xb0\xe6\
\x835\x1f\x00~,?\x96\x1f\x0bX\xf8\xc1\xc2\x0f\x16\
~\x00\xe0\x03|\x80\x0f\x98 \x8f\xd9j\xff\x1d\x84W\
\x0e^9x\xe5 \xb0t\xeb\xd2\xadK\xb7\x02\xfa}\
\xfa}\xfa}\xc0.\xe3.\xe3.#\xd0\x9a\xdb\x9a\xd3\
\x9a\x0b\x8c{\x8d{\x8d{\x01\xd49\xea\x1cu\x0e \
<\x08\x0f\xc2\x03\xa0\xeb\xe9z\xba\x1e c\xc9X2\
\x16\x13\x221]H\x17\xd2\x85\x00=L\x0f\xd3\xc3\xc0\
\xceu;\xd7\xed\x5c\x07@\x09%\x94\x00\xb7\x8c[\xc6\
-\x03\x085\xa1&\xd4\x00\xedI{\xd2\x9e\x00\x91O\
\xe4\x11\xf9\xc0\xf5\x82\xeb\x85\xd7'v@\x9e\xcd\x1e<\
\x83\x1d/\x1c\xe1\x08\xbf5\xa5\x86\xe5v)\x10\xa6\x01\
\x8f\x8b\x00\x04 \x00\x13L9\x0c3NGNGv\
G\x0e\xf0\xe9\xa7\x9f\xfe\xf3\xd3O\x01:\x8f\xce\xa3\xf3\
0qDH\xf9kJJ\xca_\x01\x8b\xda\xa2\xb6\xa8\
\x01l\xc36l\x03p\x09\x97p\x09\xa0\x1b\xe9F\xba\
\x11 \x92\x88$\x22\x09\xa05\xb4\x86\xd6\x00D/\xd1\
K\xf4\x02\xac:V\x1d\xab\x0e\xb8\x8fu\x1f\xeb>\x16\
PK\xd6\x92\xb5$\xa09\xa09\xa09\x00pJ8\
%\x9c\x92\xd9\xdd\x0d`2\xaa\x0aT\x05\xaa\x02 \xfd\
\xd9\xf4g\xd3\x9f\x05\x04o\x0av\x0a\xde\x04L\xe3\xa6\
q\xd38`\x09\xb0\x04X\x02\x80\x81\xa3\x03G\x07\x8e\
\x02\xa4\x98\x14\x93b\x80H!R\x88\x14\x80\xd8Fl\
#\xb6\xd9\x17t&\xd5\xd8\xce-;\xb7\xec\xdc\x82\x09\
\x06#\xe6\xfd\xd2\x09t\x02\x9d\x00P\x87\xa8C\xd4!\
\xe0A\xd6\x83\xac\x07Y\x80!\xce\x10g\x88\x03\xdc\xe5\
\xeerw9\xd0\xee\xd1\xee\xd1\xee\x01\xe04N\xe34\
\xd3\xdf\xd9Zq\xa6\x99\xcf\xb7\xf7,c\x94d3\xf5\
4\xda\xb1cQ\xc3\xa2\x86E\x0d\xc0\xd2sK\xcf-\
=\x07,\xadZZ\xb5\xb4\x0aXZ\xbd\xb4zi5\
\xe0\x91\xe2\x91\xe2\x91\x02,\x93,\x93,\x93\x00K%\
K%K%v\xbb\xbe\xccI\xe6$s\x02\xa4E\xd2\
\x22i\xd1\xdcyP\xfd\xf2\xbe\x98h\xc1\x99\xde\xd7\xf3\
\x89!\x1d!\xed!\x1d\xc03>\xcf\xf8<\xe3\x03\x9c\
u<\xebx\xd6q\xee\xfa\x95\xd9\x9d\xd9\x9d\xd9\x0dH\
\x0fK\x0fK\x0f\x03\xb2hY\xb4,\x1ap\x17\xbb\x8b\
\xdd\xc5\x80\x87\x9f\x87\x9f\x87\x1f\xe0\xa9\xf0Tx*\x80\
e%\xcbJ\x96\x95\x00K\xc4K\xc4K&\xdc_\x18\
\xfe\x81;\xdf\xd7|\xe9|\xe9|\xa9\x93\xd3/=\x01\
srf\xf7\x5crs\xd3\x0b\xd2\xf7\xa4\x17\x00[\x82\
\xb6\x04m\x09\x02b3b3b3\x80u\xbau\xba\
u:`I\xe6\x92\xcc%\x99\x80l\x87l\x87l\x07\
 \xad\x95\xd6Jk\xe7\xfe\xbd\x06\xf7\x05\xf7\x05\xf7\x01\
\xebR\xd6\xa5\xacK\x01\x9e]\xf5\xec\xaagW1\xf7\
\xf5\xa7?\xcd\xec~~\xfc\xd1=\xd0=\xd0=p\xee\
\xfa\x95\xe5\x95\xe5\x95\xe5\x05H\xdb\xa5\xed\xd2v@V\
,+\x96\x15\x03\x8b\xd5\x8b\xd5\x8b\xd5\xc0\x92\xc6%\x8d\
K\x1a\x01\x8fT\x8fT\x8fT\xc0W\xec+\xf6\x15\x03\
\xbe\x0d\xbe\x0d\xbe\x0d@PsPsP3\xb0,l\
Y\xd8\xb20\xbb\xf2\xd1\x8a\x9f~\x9a\xf1\xfb\xda\x8d\xdd\
\xd8\xed\xea:U?\xe7\xe8LL\x92\x8c\xdd\xd6\xb1\xd4\
\xb1\xd4\xb1\xd4\x9e\x93L\xec*v\x15\xbb\x02\xf3\xea\xe6\
\xd5\xcd\xab\x03D}\xa2>Q\x1f\xe0\x90\xed\x90\xed\x90\
\x0d\x08\x86\x04C\x82!\x80S\xcb\xa9\xe5\xd4\x02d\x13\
\xd9D6\xcdM\xaf\xe6\x02d?9@\xf6\x03*\x89\
J\xa2\x92\x00\xeaBu\xa1\xbap\xee\xea\xa7\xb5\xb4\x86\
\xd6\x02L\x96W\xdej\xdej\xdej\xfbsqT9\
\xaa\x1cU\x80\xa3\x8b\xa3\x8b\xa3\x0b\xe0\xa8vT9\xaa\
\x01k\x94\xe2\xec\xdb3\x14\x1b\x8a\x0d\xf7\xc8\xdf\x03\x00\
\x8e9\x8e\xb9\x8e9\xc0\x22\xee\x22\xee\x22.\xb00f\
a\xcc\xc2\x18\xc0i\x9f\xd3>\xa7}\xc0D6\xdfv\
n;\xb7\x1d \xd3\xc9t2\xfd\xde\xdb\xbd\x15F\x1f\
\xa3\xb7\xd1\x070%\x9b\x92M\xc9\x80\xaaO\xd5\xa7\xea\
\x9b}=\xac=\xac=\xac=s\xd7/\xba\x9b\xee\xa6\
\xbb\xed\x19\x8dx=\xbc\x1e^\x8f\xfd\xb9\x88\x82DA\
\xa2 @\x5c)\xae\x14W\x02\x0eM\x0eM\x0eM\x80\
\x90\x12RB\x0a\x10l\x17l\x17l\x07\xc4\x0a\xb1B\
\xac\x008\x12\x8e\x84#\xb9\x8b\x8e\x94\xa2\x14\xa5S\x1f\
\x85\xe6h\x01\xa0(\xc7c\x8e\xc7\x1c\x8f\x01\x0e\xae\x0e\
\xae\x0e\xae\x80\xe8\x9c\xe8\x9c\xe8\x1c .\x12\x17\x89\x8b\
\x00\xd1\x01\xd1\x01\xd1\x01\xc0\xb1\xc6\xb1\xc6\xb1\x06\xe0I\
x\x12\x9e\x04\xe0\x89yb\x9e\x18\xe0\x189F\x8e\x11\
 k\xc9Z\xb2\xf6\xce-\x9eq9\xe3r\xc6\x05\xe8\
\x8e\xed\x8e\xed\x8e\x9d\x9b\xbb\xb8\x1dX\xf5\xaczV\xbd\
\x9dTR\x11\xa1\x88PDL}\xbd\xbeW\xdf\xab\xef\
\x05\xcej\xce\xaa\xcfj\x80\xd1\x80\xd1\x80\xd1iX\x0e\
\x88r\xa2\x82(\x07\xd8:\xb6\x8e\xad\x03x\xe7x\xe7\
x\xe7\x00A\x9e O\x90g\xcf~,\xe6\x8b\xf9b\
> ^/\xde ^\x0f8q\x9d\xb8N\x13\xa1 \
\x86\x19[\x01\xcc\x87\xcd\x87\xcd\x87\xef\xd5\x1aBQ\xb2\
\x0fd\x1f\xc8>\x00\xdc\xbet\xfb\xd2\xedK\xe0>\x87\
\xfb\x1c\xees\x00H\x19)#evONN)\xa7\
\x94S\x0a\x90\x22RD\x8a\xee\x5c\xf3\xd9\xf5g\xd7\x9f\
]\x0f\x9c_u~\xd5\xf9Uw\xbe\xde\xb0\xdb\xb0\xc7\
\xb0\x1b\xa0\xd2\xa84*\x0d [\xc9V\xb2u\xb6\xf7\
c1\xebO\xeaO\xeaO\xde\xf9\xca\x1f\xea\x7f\xa8\xfb\
\xa1\xde\x9e\x8fbJ\xd8t\x12\xacxV<+\x1e\xe0\
J\xb8\x12\xae\x04\xe0w\xf1\xbb\xf8]\x80\xc3A\x87\x83\
\x0e\x07\x01\x87\x03\x0e\x07\x1c\x0e\x00\x8e\xfb\x1c\xf79\xee\
\x03$\xf9\x92|I>0\xbf{~\xf7\xfcn@\x14\
'\x8a\x13\xc5\x01\x0b7/\xdc\xbcp\xc2x=\x0b\xab\
\xcf\x10\x8604k3\xe0la\xa1\x984\xc4\x0cK\
\xab$K\x92%\xc9\x02\xc4\x99\xe2Lq& N\x12\
'\x89\x93\x00\xc7\x0e\xc7\x0e\xc7\x0e;\xd5\x16[\xca\x96\
\xb2\xa5\x00{\x05{\x05{\x05\xecv\xe5)\xf0\xb5\xc7\
\xd7\x1e_{\x00\x83\xfb\x06\xf7\x0d\xee\x03\x983\xfa\xcc\
0\xfb\x81\xaf\xf5\xd5\xfaj}\x01V/\xab\x97\xd5\x0b\
\x10\xe9D:\x91>\xf9:C\x8f\xa1\xdb\xd0\x03\xfc\xab\
\xf0_\x85\xff*\x04\xfa\xf4}\xc6>=p\xdcx\xdc\
x\xdc\x08h\xc3\xb5\xe1\xda\xdb\xd8\xed\x89\xed\xc4vb\
;\xc0\xaa`U\xb0*\x00a\x8d\xb0FXc7\xf3\
\x89s\xc49\xe2\x1c@*\x93\xca\xa42@\xb2Z\xb2\
Z\xb2\x1a\x90n\x96n\x96N\x0c\x88\x99+\xbb,\xc9\
\x96d\xcb4\x04\x113\x85\xd8C\xec!\xf6\xb0\x93\xa8\
\xde\x1ft\x7f\xd0\xfdA\x80S\x89S\x89S\x89\x9dy\
\x89\xeb\xc6u\xe3\xba\x01\xc4\x01\xe2\x00q`\xea\xfa\xbe\
\xd1\x7f\xa3\xffF\x0f\x5cI\xbe\x92t%\x19\x18\x90\x0c\
H\x06$\xc0\xb7\xd1\xdfF\x7f\x1b=\xf5\xff\x8c\xa1\xc6\
Pc(`\x8e3\xc7\x99\xe3\x00s\xa69\xd3\x9c\xc9\
\xfc:\xd3\xb32\x8b\xad-\xd3\x96i\xcb\xec)\xca\x14\
\x19\x8a\x0cE\x06\xd0\xd3\xd8\xd3\xd8\xd3\x08\xb4\xb3\xdb\xc9\
v6p\xf6\xd0\xd9\xc3g\x0f\x01\x9f\x85|\x16\xf2Y\
\x080\x16;\x163v\x9b\x0dh\x82,4\x98\x0c&\
\x83\x01\x8e\x17\xc7\x8b\xe3\x05\xf0\x0f\xf1\x0f\xf1\x0f\x01\x0e\
\xe1\x0e\xe1\x0e\xe1\xc0\xbc\xecy\xd9\xf3\xb2\x01\x91D$\
\x11I\x80%\x09K\x12\x96$\x00\xce}\xce}\xce}\
\xf6\xe7\xcb\x0af\x05\xb3\x82gv7\xbf|@0\xc2\
8k\x09`\xf6\x0c1\xbcP^(/\x14\xf0\x8a\xf7\
\x8a\xf7\x8a\x07\x16\xb8-p[\xe0\x06H|%\xbe\x12\
_@\x5c\x22.\x11\x97\x00\x9c\xcd\x9c\xcd\x9c\xcd\x00W\
\xc3\xd5p5\x00\xb7\x9c[\xce-\x07X\x99\xacLV\
&@\xba\x92\xae\xe44\xc1\x13\xfd\x9d\xfd\xe7\xfa;\x81\
k\xeb\xaf\xad\xbf\xb6\x1e\x18\xee\x1d\xee\x1d\xee\x9d\xa6k\
^\xf0\xfc\x85\xb6zV\xb0\x98\xc7\xfb\xc7\xfb\xc7\xfb\x01\
^\x04/\x82\x17\x01\x08\xe3\x85q\xc2\xdb\xf8\xb8_\x8c\
\xbf\xb8\xf9b<`\x94\x18%F\x090P9P9\
P\x09\x88\xf3\xc4\xbb\xc4y\xc0\xc5\xc3\x17\x0f_<<\
\xf9\x7f\xf3\xde\x99\xf7\xce\xbcw\x00~\x19\xbf\x8c_\x06\
\xb0\x9aXM\xac&@h\x14\x1a\x85F`\xfe\x8e\xf9\
;\xe6\xef\x00\x16\xed^\xb4{\xd1n`\xe5\xb6\x95\xdb\
Vn\x03\x16\xb7/n_<A\xec\xc1\xec\x08\x0c\x1f\
\xc1\xd4`|\xf6\xef\x0d\x16*!,!,!\x0cx\
h\xfbC\xdb\x1f\xda\x0e\x0c\xb7\x0f\xb7\x0f\xb7\x03.\xa4\
\x0b\xe9B\x02\x82XA\xac \x16`\x81E\xb1\x00\xf0\
E|\x11\x7f\x1a\x09`\xb0o\xb0o\xb0\x0fP\xf6+\
\x07\x94\xfd\x80\x22Q\x91\xa8H\x04~j\xfb\xa9\xed\xa7\
\xb6\xa9\xffG\x19)#e\x04\xe8\x0c:\x83\xce\x00L\
'M'M3\xd8\xc9o\x85)\xc7\x94c\xca\x01\xe4\
\xfb\xe5\xfb\xe5\xfb\x81\x1fj~\xa8\xf9\xa1\x06\xe8U\xf6\
*{\x95\xc0\xc5\xda\x8bu\x17k\x81\xe1\xd2\xe1\xd2a\
\xab\x03\xd4\x10\x14\x80<K\x9e-\xcf\x9a\x5c\x1f\xddA\
w\xd0\x1d\x00\xcb\x85\xe5\xc2r\x018rN/G\x0e\
\xf0\xcd|3\xdf\x0c8lu\xd8\xea\xb0\x15XP\xbc\
\xa0xA1\xb0 }A\xfa\x82t\xc0\xc9\xc5\xc9\xc5\
\xc9\x05X\xb6q\xd9\xc6e\x1b\x81\xfb\xdd\xeew\xbb\xdf\
\x0d`\xe7\xb1\xf3\xd8yL\xed7n\xe7ruW\xb8\
GW`\xc6\xd1\x80EZ\x09=\x00GOGOG\
O@\x92\x22I\x91\xa4\x00\x0e\xf9\x0e\xf9\x0e\xf9v\xd1\
\x96M\xb2I6\x09\xb0H\x16\xc9\x22\x01\xd6\x10k\x80\
5\x04\x10\x11D\x04\x11\x01 \x16\xb1\x98F\xa4w/\
p/p/\x00\xdc\xf7\xb8\xefq\xdf\x03,j]\xd4\
\xbah:\x91O\x8eK\x90\xcf\xecnn\x07\x81\xab\xc0\
U\xe0j\xd7\xc6\x0b\xca\x05\x15\x82\xf2\xc9\xd7\xdd\x97\x7f\
_\xfe}\xf9\x00\xaf\x85\xd7\xcck\x01\xdc\xfb\xdc\xfb\xdc\
\xfb\x00\xdd\x0e]\xa6n\x07\xb0\xbczy\xf5\xf2\xea\xc9\
\xff\x9b\xb0\x17\xdb2\x0a1\x224\x91K\xe4\x12\xb9\x00\
[\xc5V\xb1U\x80\xb0DX\x22,\x01\x1c\x97;.\
w\x5c\x0eh\xba5\xdd\x9a\xee[k\x9b\x8a\x88\xc4\x0e\
2\x84\x0c!\xef\x82G\xe0V\x18\xb3\x8cY\xc6,\xa0\
o\xb8o\xb8o\x18X\xeb\xbf\xd6\x7f\xad?@H\x09\
)!\x05\xf8\x95\xfcJ~%\xc0\x91q\x5c92\xfb\
Q`*xm\xf7\xda\xee\xb5\x1dX\x1c\xbc8xq\
0\xb0d\xd5\x92UKV\x01\x1eb\x0f\x91\xc74\xa2\
6YL\x16\x93\xc5\x00\xf6`\x0f\xf6\xd8\xb3<\xcf\x0e\
\x16\xb3@\x22\x90\x08$\xc02\xc52\xc52\x05\xe0\xed\
\xe2\xed\xe2\xed\x02x\xa5z\xa5z\xa5\x02\xcb\x0e.;\
\xb8\xec \xb0\xa8jQ\xe5\xa2J\x80\xa5g\x19Yz\
\xe0\x81\xed\x0fl\x7f\xe06v|\x8b\xde\xa2\xb7\xe8\x01\
\xd2\x83\xf4 =\x00\xb2\x94,#K\x01RG\xeaH\
\x1d@V\x90\x15d\x05\xc0\x8b\xe1\xc5\xf0b\x80\xc5+\
\x16\xafX\xbc\x02\xb8\x91\x7f#\xffF>p\xbf\xcf\xfd\
>\xf7\xfb\x00\xbaa\xdd\xb0n\x18pW\xb8+\xdc'\
$\xe3\x05N\xb3\xbd\xc3\xa9p\x8fgA\xc6\xac\xe6}\
\x7f{m{m{\xad\xa3x^\xd2\xbc\xa4yI\xa3\
\x9a\xc5\x1b\x16oX\xbc\x01\x10F\x0b\xa3\x85\xd1\xc0H\
\xdcH\xdcH\x1c@\xf5P=T\x0f0\xde;\xde;\
\xde\x0b\xb0:Y\x9d\xac.\x80\xd8O\x1c \xf6\x03\x1c\
\x8aCq\xa6\x11\xdc\xd6\xe4\xaf\xd9\xbd&\x1f\xe8\xd8\xd7\
\xb1\xafc\x1f\xc0\xd7\xf0\xd5|\xcd\xbd\xdd\xc5t\x10\x1c\
\x16\x1c\x16\x1c\x06\x88\x15\xc4\x0ab\x050\xe68\xe60\
\xe68\xf9:^$/\x92\x17\x09<Q\xf5D\xe5\x13\
U\xc0\x8f\xfa\x1f\xf5?\xea\x01\xbfK~\x97\xfc.M\
]\xbf[\xb4[\xb4[4\xc0~\x93\xfd&\xfbM@\
\xd4/\xea\x13\xf5\x03B\x17\xa1L\xe8\x028\xc49\xc4\
9\xc4\x01\xc2@a\xa00\x10\xf8\xe9\xccOg~:\
\x03T\xbfT\xfdR\xf5KL\xc6\x99_\xdb\xe8\xb9\x19\
I`jB\x13:\x92\x8e\xa4#\x01\xd2\x9b\xf4&\xbd\
\xa7\xba\xeaNX\xe8\xac\xaeVW\xab\xab\x01\x8fZ\x8f\
Z\x8fZ` u e \x15\xa0W\xd2+\xe9\x95\
\x80(F\x14+\x8a\x01\xc6S\xc7S\xc7S\x81\xf1\xbc\
\xf1\xbc\xf1\xbc\xa9k\x0c\xa8\x0f\xa8\x0f\xa8\x07.\xb4^\
h\xbd\xd0\x8a\x09\xde}\x9f\x1e\x9f^\x9f)b\xfd\x00\
\x80\x93\xc6I\xe3\xa4\x01\xac0V\x18+\x0c\x18\xad\x1c\
\xad\x1c\xad\x04\xac\xda\xef\x99\xdf\x91\x13\xe9D:\x91\xc0\
J\xf5J\xf5J\xb5\xfd\xfb\xc5X\x8c\xc5?\xbbN\xec\
'\xf6\x13\xfb\x01\xcb|\x97\xf9.\xf3\x05xGyG\
yG'\xd7'\xbe.\xbe.\xbe\x0e\x10~\x84\x1f\xe1\
gO)F\xb9S\xee\x94;@\xf1)>\xc5\x07\xe8\
N\xba\x93\xee\x04\xc6\x12\xc6\x12\xc6\x12\x00\xbfe~\xcb\
\xfc\x96\x01\xc7\xdf;\xfe\xee\xf1\xf7\x80\xe5\x17\x96\xff\xb8\
\xfc\x02P\xd6Q\xd6Q\xd6\xf1\xdb(\xdb\xf3\x97\xcd\xf8\
\xc6\xee\x10\xfc5G\x9e\x80\xcf'\xf6{\xf6{\xf6{\
:9\xfd\x15\x7f\xc5_\xf1\xf1'o\x05\xbc\x15\xf0V\
\xc0\xe1\xc3\xfd\x1d\xfd\x1d\xfd\x1d\x16s\xf0\x1b\xc1o\x04\
\xbf\x01\x5c^zy\xe9\xe5\xa5\x80v\xbb6M\xbb\x1d\
\xd0zj=\xb5\x1e\xf6\xdcj,/\x96\x17k\x06\x22\
{\xc0\xf6\x80\xed\x013\xf1\xa0\xfa\x05f\xef\x08d\xaa\
3\xd5\x99\xea\x80\xd1\xf5\xa3\xebG\xd7\x03\xb2\x7f\xc9\xfe\
%\xfb\xd7\xd4\xd7\xf3\xcax\x07ye\x13\xccgw\x84\
\x80-`\x0b\xd8\xc0\x82\x9e\x05=\x0bz\x00n(7\
\x94\x1bj\xd7\xfa+6(6(6\x00\xb5!\xb5!\
\xb5!\x8e\xe2\x01\xdd\x80n@w+\xb9f\xe0$\x17\
\x98\xa9`\xa9\xb7\xd4[\xea9l\xbc\x8d\xb7\xf1\xf6D\
\xafy3\xfd\xbf\x15\xaf\xa6/\xbc\xb0\xf0\xc2\xc2\x0bN\
N\xb8\x0f\xf7\xe1\xbe\xc2\xff\xf8\xf3;\x7f~\xe7\xcf\xef\
tv\x0e\xd6\x0f6\x0c\xd6\x03\xdc\xad\xdc\xad\xdc\xad\x80\
S\x85S\x85S\x05`\xec5\xf6\x1a\xa7;\xaa\xd9\xf0\
@\xf0\x03\xc1\x0f\x04\x03\x08F0fp\xe6e\xec\xee\
<\x1f\x9e\x0f\xcf\x07\xd0\x0a\xb5B\xed\x84\xb7\xc7L%\
Y\x16\xdb\x92hI\xb4$\x02\x18\xc1\x08F\xa6\xbe\xd2\
\xa7\xcb\xa7\xcbg\x06a\xbeK\xf2\x96\xe4-\xc9\x03\x04\
;\x05;\x05;\x01Q\xa4(B\x14\x09\xd0\xb5t\x1d\
]\x8b\x89\xf8~\xe7X\xe7X\xe7X\xc0\x5ca\xae0\
W\x00\xa7.\x9d\xbat\xea\x12\xf0\xb1\xecc\xd7\x8fe\
\xcbl\xe1rLT+\xc3\x904\x8b#\xba\x0c2\xc8\
f\x1d\x0e|\xb7\xe1\xa2L\xd8\xed\x93\x91\xef\xee}w\
\xef\xbb{\x1dl\xafb\xff~\xa5\x93\xd2I\xe9\x04\xc4\
\x7f\x1b\xffm\xfc\xb7@\xcf\xe6\x9e\x84\x9e\xcd\x80O\xad\
O\xadO- w\x92;\xc9\x9d\x00}\x85\xbeB_\
\x01\xe0!<\x84\x87\xee\xae\x17s\x89Q\xfe(\x7f\x94\
\x0f<\xb8\xe1\xc1\x0d\x0fn\x00,\x07,\x07,\x07`\
\xa7\xe8\xbaG8T:T:T\x02\xc6\xb5\xc6\xb5\xc6\
\xb5\x80\xa9\xcb\xd4e\xea\x02\xe6\xeb\xe6\xeb\xe6\xeb8\xdc\
\x9a\x8e\x9a\x8e\x9a\x8egl\x87\xa2gly\x16\xa2\xa3\
\xef\xba\xc1\x16\xb4\xa0\xe5V\x87\xa8\x99r\xcc\xdd\x0a\x86\
$u\xa5\xffKo\xbf\xf4\xf6Ko\xb7\xb4\xb0N\xb3\
N\xb3N\xbf\xfc\xf2\xaf\xf6\xfdj\xdf\xaf\xf6\x01K\xfc\
\x96\xf8-\xf1\x03\xb8M\xdc&n\x13\x80\xa7\xf14\x9e\
\xbe\xeb\xdeO\x02\xcd\xa6\xd94\x1b0\x99Mf\x93\x19\
\xd0\xa5\xe9\xd2ti\xb3\xad\x85Er#\xb8\x11\xdci\
\xac;\xb3\x05\xa33\xd2\x1d\xd7\x1d\xd7\x1d\x07\x04e\x82\
2A\x19\xe0%\xf3\x92y\xc9\xecAA\xed\x05\xed\x05\
\xed\x05@oPoPo\xd0<\xc9\xc5\x90\x8b!\x17\
C\x18j:F\xc2\xbb\x87\xf7-\x85\x14\xd2\xa9\xe7\xf3\
\x14\xc9A\x93\x92\xac\x9f\x18G\x8a\xbb\xa5\xbffV\x9e\
\xab\xb6\xd3\xcbW\x8d\xce\xdd\xce\xdd\xce\xdd\xe9\xaf\x0d/\
\x1f^>\xbc\x5c\xa5\xaa>X}\xb0\xfa \xb0\xa0i\
A\xd3\x82&@tRtRt\x12\x18\xec\x1d\xec\x1d\
\xec\x05\x94nJ7\xa5\x1b`\x90\x19d\x06\x19\xa0\xcb\
\xd5\xe5\xear\x01}\x98>L\x1f\x06\xd0\xd9t6\x9d\
\x0d\x84)\xc3\x86\xc3\x94\xc0\xf2\xb4\xe5\xdb\x97\xa7\x01\x0e\
\x81\x0e\x81\x0e?\xdb\x17\xef.\xe9\xe9\xc6\x8d_\xbc\xf8\
\xc5\x8b_\xbcXU\xb5\x86ZC\xad\xa1\x80vE\xbb\
\xa2]a\xcf-\xd7\xb4\xb3ig\xd3N\x80\xfc\x92\xfc\
\x92\xfc\x12\xd0\xffV\xff[\xfdo\x81y\x83\xf3\x06\xe7\
\x0d\x02\xc4%\xe2\x12q\x09\xf0,\xf6,\xf6,\x06F\
\xb6\x8fl\x1f\xd9\x0e,\x14-\x14-\x14\x01n\xf1n\
qn\xf1\xc0%\xee%\xfe%.\xb0\xf1\xe1\x8d\x0fo\
|\x98I\x80\x92dc\xd1e(\xbf\xe6\x0a\x8f<b\
}\xefmm\xd6\xe7\xc2Pn1q\xf4w\x0b\x86s\
\xae\xb3\xd3Z\x1e?\xfe\xf7u\x7f_\xf7\xf7u\x05\x05\
\xce\xbd\xce\xbd\xce\xbd\xc0\x8d\x9e\x1b=7z\x00C\xb2\
!\xd9\x90\x0c\x88\xcaDe\xa22\xe0\xd4K\xa7^:\
\xf5\x12\xb0\xe0\x9d\x05\xef,x\x07 \xf9$\x9f\xe4\xdb\
\x95{\xbagt\xcf\xe8\x9e\x01\x14\x94\x82RP@\xd8\
\xd3aO\x87=\x0d8\xa5;\xa5;\xa5\x03\xaa!\xd5\
\x90j\x08\xe8N\xeaN\xeaN\x02\xfe\xf0\x9b?\xfc\xe6\
\x0f\xbfah\xdcw\xde\xc1{\xbe\xb33\xd0=\xd0=\
\xd0}\xe5\xca(A\x94 J\x00\xf0Jy\xa5\xbcR\
{\x9ay\x86\xb1\xe8\xa7\xe7~z\xee\xa7\xe7\x81\x85\x82\
\x85\x82\x85<\xbb\xb5K\xc0\x17\xf0\x05|\x80\x93\xcf\xc9\
\xe7\xe4\x03\xa2\x0eQ\x87\xa8\x03\x10\xb6\x0a[\x85\xad\x80\
0E\x98\x22L\x01\x18\xfa\xef5G\xd7\x1c]s\x94\
\x19\x97L\xe6(f\x81\xbfWr\xd2[\xf9\x0d\x1e|\
\xc8\xfa\xbe'\x13\xa7L\xb1\x000\x9f\x18r\xc6\xb9\xa2\
Gf\xd0\xdcl-\x8f\x1c\xb1\xb6\xcfd\x8b\xb5c\xed\
\xebk__\xfb:0\xea2\xea2\xea\x02P1T\
\x0c\x15\xc3\xd8\xb1\x01\x03\xdf\xc05\xf0\x01\xda\x8dv\xa7\
\xdd\x00\xffX\xffX\xffX\x80\x9b\xc4M\xe2&\x01\x9a\
m\x9am\x9am\xc0\xfcm\xf3\x93\xe7o\x03\x0e\xcb\x0f\
_:,g\x1e4\x93\xab\xefN\xf8\xcdo\xac\xfdc\
\xd8]\xed\x88\xfc)\xf2\xa7\xc8\x9f\x80\xf38\x8f\xf3\xb0\
+\xeb\x98p{~1\xbf\x98_\x0c\x90Ud\x15Y\
\x05\x08B\x04!\x82\x10\x80\xa5d)YJ@\x19\xa6\
\x0cS\x86\x01\xac\x15\xac\x15\xac\x15\xf3$\x17\xa2/D\
_\x88\xce\xb7\x11Z0\x92\x94\xd7\x0c\x0eC3\x01C\
e\xf5I\xd5\x86\xf4\x0d\xe9\x1b\xd2\xdf~\xfb\x9dM\xef\
lzg\x93^\xff\xe8#\x8f>\xf2\xe8#\xbf\xde`\
\xfd}\xe7\x9b\xd6\x92\xf9<W`\xe8\xbf?\xfe\xe4\x91\
\xa0G\x82\x1e\x09:\xdb1&\x1e\x13\x8f\x89u:V\
2+\x99\x95\x0c\xcc\xeb\x9f\xd7?\xaf\x1f\xb8>t}\
\xe8\xfa\x10\x80nt\xa3\x1b0d\x182\x0c\x19\x80\xa1\
\xc3\xd0a\xe8\x00(\x0f\xca\x83\xf2\x00\x5c\xd7\xbb\xaew\
]\x0f\xb4\x8d\xb4\x8d\xb4\xddFd\xb7\xb2\x0d\xcft\x01\
\xf8\xb6\xf51\x97\xc7\x5c\x1es\x09~l\xe8\xd2\x90|\
\xe8\x12@\xaaI\x0d\xa9\x068\x22\x8e\x88#\x02Xz\
\x96\x9e\xa5\x07t\x87u\x87u\x87\x01\xce6\xce6\xce\
6\x80M\xb1)6\x05\x88\xab\xc4U\xe2*\xc0\xd0g\
\xe83\xf4\x01\xef\xae{w\xdd\xbb\xeb\x80\xdf\x84\xfe&\
\xf47\xa1\xf6\x96\x08\x16\xc1\x22X\xcb<\xad1\x19\xaf\
\xda2*\xcd\xf5\x02\xff\xb1M+\x11\xf7\xec\xaa\x98U\
1\xabb\x80o?\xf9\xf6\x93o?\x99|\xe5\xa43\
\xf1\x13\x8a'\x14O(\x80\x98\xaa\x98\xaa\x98\xaaW^\
e*\xb2\x96\xff5\x8d%w6`x\xdc?\xfc\xd0\
\xba\xe0\x14\xfd\xa7\xb5d\xbe\x07H%\xa9$\x95\x00'\
\x92\x13\xc9\x89\x04D|\x11_\xc4\x07\x16\x97/._\
\x5c\x0e\x08V\x0bB\x04\xab\x81\xc5\xe7\x16\x9f[|\x0e\
\x98\xdf?\xbf\x7f~?\xb04xi\xf0\xd2``\xcd\
\xda5k\xd7\xac\x05\x5c\xb9\xae|\xd7)Ubw\x0f\
F\xb99\xff\xd8\xfcc\xf3\x8f\x01\x22O\x91\xa7\xc8\x13\
\x90\xf9\xc9\xfcd~\xc0\xf2\xaa\xe5U\xcb\xab\x00\xe9A\
\xe9A\xe9!`\xc1\xbe\x05\xfb\x16\xec\x03\x8c\x22\xa3\xc8\
(\x12\x0a\xe5\xb9\xf2\x5cy\xee\x8e\x1d\xd6\x89\xff\xb9-\
\xc5T\x9aMx\x9d\xab\x89\xcfL\xbc\xa8\xa7r#s\
#s#\xdfx#\xee\xd5\xb8W\xe3^\xd5\xeb5\x5c\
\x0d[\xc3\x05>|\xf8\xc3\x87?|\xf8\xcb\x86G\xfb\
\x1f\xed\x7f\xb4\x9f\xc9\xed\xc8$\xa1\x9c\xabd\xaf\xcc\x00\
o\xf9\xfaT\xdb\xa9\xb6Sm\x1f|\xd0\xd5\xd0\xd5\xd0\
\xd5\xe0\xe77\xa6\x1d\xd3\x8ei\x01i\x9e4O\x9a\x07\
\xb8\xb0]\xd8.l`I\xdf\x92\xbe%}v\xb3\x98\
\xa8_\xd4/\xea\xb7;\x94\xcd\xdf=\x7f\xf7\xfcY(\
\xf9\xee\x04A\x8d\xa0FP\x03\xb8\x84\xbbD\xb8\x84\x03\
\xd2Ni\xa7\xb4\x13\x98\xd71\xafc^\x070\x7f\xc3\
\xfc\x0d\xf37\x00\x0e\x12\x07\x89\x83\xc4\x1e\xf5\xba(f\
Q\xcc\xa2\x18\xc0\xa1\xc2\xa1\xdc\xa1\x02p\xa1\x5c(\x17\
\xca\xce\x04\xf5\xda\xdb\xaf\xbd\xfd\xda\xdb\xcc\xc6z\xe0\xcf\
\xd6\x89\xdf|\xe2\x97\xcf\xe5^\xc1,\xf0ee\x9cp\
N8'\xfc\xe5W\x82\x03\x83\x03\x83\x03\x01G\x99\xa3\
\xccq\x1a\x95\xe1$\x1d\x80k\xb1k\xb1k1\xe0}\
\xc3\xfb\x86\xf7\x0d\x93Q\xef\xa3\xf7\xd1\xfb||\xb4\xd7\
\xbf\xd7\xbf\xd7\xff\xf3c\xf2\x0ay\x85\xbcb\xe8\xaa\xf5\
\xea'm\x84\x0bAAw\xd7q\xe6\x88\xc0<\x88\xf8\
x\xeb\x83b$\x84\xfcw#<\x22\xdc#<:;\
\x1d\xdb\x1c\xdb\x1d\xdb\x00\xf3\x80y\xc0<\x00,\x88\x5c\
\x10\xb9 \x12P\xe9Uz\x95\x1e\x88\xbb\x12w%\xee\
\x0a\xd0\x9b\xd5\x9b\xd9\x9b\x05\xb8\xd5\xb9\xd5\xb9\xd5\x01\xd7\
\x9f\xb8\xfe\xc4\xf5'`\xdbQ\x8c3\xf7\xa0\xba\x03\xe6\
\xef\x9b\xbfo\xfe>\x80\x17\xc0\x0b\xe0\x05\x00\xec(v\
\x14;\x0ap\xde\xed\xbc\xdby7\xa0.Q\x97\xa8K\
\x00W\x8d\xab\xc6U\x0d\x94\xbb\x97\xbb\x97\xbb3;{\
\xd8\xe3\xd6\x92!1\x9dm\xf0\xd5T`\x16\xe8\xcf\x8f\
\xaf\xce_\x9d\xbf:\xff\x8bz\x1f\xb5\x8f\xdaG\xad\xd7\
\xcb\xd9r\xb6\x9c\x0dxK\xbc%\xde\x12\xe0B\xd1\x85\
\xa2\x0bE\xc0h\xcbh\xcbh\x0b\xf0\xe8c\x8f>\xf6\
\xe8cz\xbd{\xa4{\xa4{d^\xde\x91\xba#u\
G\xea\xfev\xc8\xcaD\xc3\x9cI\x19\xd1\xd4\xd1f\xd1\
\xbf[\xfat\xe6\x88\x19\x14$O\x96'\xcb\x93\xbfl\
\xb8\x1ax5\xf0j`\xde;\xbfN\xfdu\xea\xafS\
U*\xb6;\xdb\x9d\xed\x0e\xf0by\xb1\xbcX\x80\xcc\
#\xf3\xc8<\xc0\x14a\x8a0E\xd8c\x90\xa6\xc7\xcc\
\x99s\x5c\xf6\xba\xecu\xd9k\x8f\xded{\xb0=\xd8\
\x1e\xb6l\xc12\x80\xec&\xbb\xc9n@\x1a,\x0d\x96\
\x06\xdb\xad\x14N\x94\x13\xe5D\x01\x86\xc3\x86\x0a\xc3a\
\xe0R\xe0\xa5\xc0K\x81BaT\x7fT\x7fT?#\
9o\xb4i=\xa6\xa2\xb3\xbf[0\xef{\xff\x9f\x9f\
\xdc\xfb\xe4\xde'\xf7vv\xceS\xccS\xccS\x00\xa6\
VS\xab\xa9\x15\xb0\xa8,*\xcb4^\x03\x93\x16\x00\
\x22\x9c\x08#\xc2\x01U\xbfj@\xd5\x0f\x84\xb3\xc3\xd9\
\xe1l\xe0W\x7f\xfb\xd5\xdf~\xf57\x9d\xeeB\xec\x85\
\xd8\x0b\xb1yyGk\x8e\xd6\x1c\xad\xf9\xdb!\xab\xa7\
\xd1\x9e\xf7\xac\xfffR|I$\xd6\xf2N\x03\xe4V\
m&c\xdex&\xceZ.\xf7\xad\xcd\xab\xcd\xaf\xcd\
kj\xb2\x06\x11\xe5\xbc\xbd(oQ\xde\xa2\xbc\x11\xb5\
o\x8bo\x8bo\x8b=\x88\xc6\xf8\x8a\xf1\x15\xe3+\xc0\
\xcb\x81/\x07\xbd\x1c\x08\x9c\x10\x9e\x10\x9e\x10\x02N\x9d\
N\x9dN\x9d\x00\xfe\x13\xff\x89\xff\x9c\xadrs\xea\xeb\
\xa9\x06\xaa\x81j\x00\xccY\xe6,s\x16\xe0\xdf\xe0\xdf\
\xe0\xdf\x00\xc8\x0f\xcb\x0f\xcb\x0f\x03M\xc9M\xc9M\xc9\
\xccN\xce\x88\xa2O\xda\xb4\xb8s\xa5\x84c\xd2\x83\xd7\
\x1e\xa7?\xa2?\xa2\xff\x9a\x9f\xff\x8d\xf9\x1b\xf37F\
\xa0\xf0x\xe1\xf1\xc2\xe3\x80\xe2\xa4\xe2\xa4\xe2$\xe0\xa2\
u\xd1\xbah\x81\x9e\xf2\x9e\xf2\x9er{T\x9d\xe1+\
\xc3W\x86\xaf\x80\xf1\xf5\xe3\xeb\xc7\xd7\x03l7\xb6\x1b\
\xdb\x0dX\x13\xb0&`M\xc0\x95\xbe\xa6\xe7\x9a\x9ek\
z\xee\xc5\x17\xad\x225C\xba\xfa\xc1\x07\xd62m\xd6\
\xea\xb6_\x82I\x19\xe6\xe7g\xe5\xc3_\xe9_\xe3Y\
\xe3Y\xe3\xf9\xf7\xbf'I\x92$I\x92\xbf\x1f6d\
\x1b\xb2\x0d\xd9&\xe3X\xc5X\xc5X\x050\x96?\x96\
?\x96\x0fHvKvKv\x03x\x07\xef\xe0\x9d\xa9\
\xea7\x99f\xdc\x13\x81\x9f\xc0O\x00\x10\xd9D6\x91\
\x0d\x90|\x92K\xf2\x01b\x1f\xb1\x8f\xd8\x07h\x83\xb5\
\xc1\xda`@\x1c-\x8e\x16G\x03\xae\xd9\xae\xd9\xae\xd9\
\xc0i\xc5i\xc5i\x05\xf0\x85\xcb\x17._L\x84\xff\
24\xeb\xb3M,\xc3\x80I\x12z\xab\xb9\x8f9*\
7\x9dX\xe7\xbb\xcew\x9d\xefg5\xeezw\xbd\xbb\
^\xaf\xf7\x7f\xc1\xff\x05\xff\x17\x80\xe1G\x87\x1f\x1d~\
\x14\x18V\x0f\xab\x87\xd5\x00\xb9\x9b\xdcMN#)M\
Z\x00\x8cA\xc6U\xc6 \x80\x9b\xc8\xf5\xe1&\x02\xdf\
w}\xdf\xf5}\x17`\xba\xcft\x9f\xe9>`^\xec\
\xbc\xd8y\xb1\xc0\x93\x07\x9f<\xf8\xe4\xc1+}\xd6\xb3\
\xd9\xa6M\x0d!\x0d!\x0d\x13\x02<c\xb6`V\xc0\
\xd9\x86\xe12\xb0\x0f\x90\xcb\xea\xcb\xea\xcbj?\xbf\xcb\
\x99\x973/g\xfe\xe3\x1fA\x85A\x85A\x85\x7f=\
8\x1e3\x1e3\x1ec1?\xf9\xc5\x93_<\xf9\x85\
\xfd\x9fkukuku\xb7\xd67{\xb2S\xaa\x97\
\xea\xa5nc\xbe\xf2x\xc5\xe3\x15\x8fW\x80\xde\x98\xde\
\x98\xde\x18\xa0\xa9\xaa\xa9\xaa\xa9j\x9e\xc4\xba\xa31f\
:&Y\xe8\xddJH\xb7b`\xc0Z67\xf3\x8c\
<#\xcf\x98\xfe\x9a\xdeY\xbf@\xef|}\x18\xa5(\
A\x09@\xb9Rn\x94+`\xf23\xf9\x99\xfc\x00~\
8?\x9c\x1f\x0e(\xb2\x15\xd9\x8al\x80\xb5\x99\xb5\x99\
\xb5\x19\xe0\xa5\xf2Ry\xa9\xc0\xb8p\x5c8.\x044\
y\x9a<M\x1e0\x12=\x12=\x12\x0d\x08\xdb\x84m\
\xc26\x00\xa3\x18\xc5(\x93\xc0\x83\xe9\xc7+\xafX\x17\
\x84\xf63\xd6\xcf[\xb7X\xcb{\xcd\xe8\xc3\xfc?4\
\xb4L]\xa6.S?\xfc02\x91\x89\xcc\x8f?^\
\xd7\xb8\xaeq]cs3C\x143\xbfe~\xcb\xfc\
\x96;\xd57S\xc9\x8a\xa2\xdc\xc3\xdc\xc3\xdc\xc3\x80\x91\
\x0b#\x17F.\x00t\x16\x9dEg\x01\xe6\xfd\xe6\xfd\
\xe6\xfd@\xf0\xa3\xc1\x8f\x04?\x0a\x9cw9\xefr\xde\
\x05\xd8-\xdf-\xdf-\x7f\xc0\xc7\xfa\xffwl\x13\x9e\
\xb1\xd3\xcf\xc2W\xff\xb6`&>s\x04\xfb\xe4\x93<\
\x87<\x87<\x87\xff\xd8\xfb\xc5\x95/.\x7fq\xc5b\
\xfe\xd5\xde_\x15\xfdj/ ~^\xfc\xbc\xf8y\xe0\
\xbb\xdf\x7f\xf7\xfb\xef~o\x9f\x9f\x94\x0b\xe5B\xb9\x00\
\xe6\x03\xe6\xfd\xe6\x03\x00\xd6`\x0d\xd6Lni\xd2\x02\
\xa0\xcaRe\xa9\xb2\x80Q\xc9\xa8dT\x02\x88\x9aE\
\xcd\xa2f@\x13\xa7\x89\xd3\xc4\x01\x16w\x8b\xbb\xc5\x1d\
\xd0\xb6h[\xb4-\x80d\x97d\x97d\x97}\x80\x90\
]d\x17\xd9\x95\xf1:\xb1\x91\xd8Hld\x06\x08\xa3\
\xcd\xbeW\xe5\x92}\x80\x14\xed(\xdaQ\xb4\xc3\xd7F\
\xba\xf4\xc9\xa7\x9b\x94\x9b\x94\x9b\x94\xdf\xb4\xac\x95\xae\x95\
\xae\x95\xde[+vLm?]\x86eX\x06\xa0y\
E\xf3\x8a\xe6\x15\x8c9,\xc6&\xea\xdd\x83\xd9\xe6\x17\
`\x06\x12\xb3\xf2\x1f\xf9\x98\xbaA\xdd\xa0n|\xdb\x0a\
\x0b,\xb8M\x14\xff\xb5\xd0k\xa1\xd7B\x81\x81\xd3\x03\
\xa7\x07N\x03\xe2(q\x948\x0a\xa0VP+\xa8\x15\
\x00;\x82\x1d\xc1\x8e\x00H!\xc9'\x85\x80!\xdd\x90\
aH\x07\xcc\x85\xe6Bs!\xa0\xd9\xaf\xd9\xaf\xd9\x0f\
\xe87\xe87\xe87\x00\xf8\x14\x9f\xe2\xd3\xc9\xedX\xdf\
\xf7\xdf\x0e\xc6=\x1b\xf7l\xdc\xb3\xe5\xe5\x9f\x9c\xfb\xe4\
\xdc'\xe7\xfedc5d\xde\xf3\xbdf\xcfe$\x8c\
\xa4\xa4\xaf\xd6\x7f\xb5\xfe\xab\xf5L.\xc5\x9c\xb7}|\
}|}|\x99\xb3\xefT\x98\xa9\xc4\xc7\xe3\xfbF\xf9\
F\xf9F\x01]\x86.C\x97\x01X\xfc\xfa\xe2\xd7\x17\
\xbf\x0e|w\xe2\xbb\x13\xdf\x9d\x00\x0a\x13\x0a\x13\x0a\x13\
\x84By\xb6<[\x9e\xcd\x1c\x89\x98#\xdd\xadIm\
\xefV\xa2c\x16\xac\xaa*\xd7:\xd7:\xd7\xba\x94\x97\
\x06\x9f\x18|b\xf0\x89Q\xcdY\xc9Y\xc9Y\x09p\
f\xe0\xcc\xd0\x99\x01\xa0\xab\xac\xab\xac\xab\x0c@\x1a\xd2\
\x90\x06,\xacZX\xb9\xb0\x0a\xb8\x1c{9\xeer\xac\
\x9d\x19\xcb\xc2\xb7\xf0-\xd3\xf4f\xd2\x020\xe29\xe2\
9\xe2\x09\xa0\x1f\xfd\xe8\x07nv\xdd\xec\xba\xd9\x05X\
H\x0bi!\x01\x8b\xbf\xc5\xdf\xe2o\xa7rRf*\
3\x95\x99?\xab\xa0\x0eu\xa8\x03\xe8/\xe9/\xe9/\
\xcb\xcb?\x14}(\xfaPT^\x9e\xf6H\xda#i\
\x8f\xfc\xd16@\x18\x07\x96{\x1d \xcc\x19:))\
\xd49\xd49\xd4\xb9\xbaz\xa9q\xa9q\xa9\xf1\xd5\xd7\
\xfa8}\x9c>\xce\xad\xbe\xf1\xf7N\x87\xcdZ\xceZ\
\xceZ\x0e\x1b\xb3\xceG\x1f1\xed\xdfk\xbd\xbf\x04#\
\xda\x97~d\x9dhL\xca\xa9\x9fA\x07\x1dt\x00\xad\
\xa0\x87i\x05@\xc8\x08\x17B\x06\xf0=\xf9\x9e|O\
\xe6\xf9\x03c\xe5c\xe5c\xe5\x00\x91J\xa4\x12\xa9\x80\
2V\x19\xab\x8c\x05H5\xa9&\xd5\x80\xe9\x98\xa9\xd6\
t\x0c0'\x9b\x93\xcd\xc9\x80In\x92\x9b\xe4v\xdf\
\xf5;\xe1\xe8\x91\xa3G\x8e\x1ea\x16\xaa\xf4\xd7X\x0f\
\xb3\x1ef=\xbc\xd4\xc3\xda?fgd$\xa1Yx\
\xb0\xfd\x02\x8c\x04\xb9y\xb3\xf5\xb9/u?\xd4u\xa8\
\xebPW\xf9\xff\xb5:\x9eM\xb6\x22Y1S\x89\xef\
\x9aBc\xd6\x985fL\xa4l\xebz\xac\xeb\xb1\xae\
\xc7X\xec\xbf\xfc\xf9/\x7f\xfe\xcb\x9fcb\xacT\x5c\
Lj\xba\xb9\xca!\xc8\xa0\xd0\x16`\xceX\xc5\xda\xdb\
o\xbd\x82\x89\x92e\xd2\xa0#\x1f\xf9\xc8\x07\xd8\x8d\xec\
Fv#0\x1a:\xba~4\x14`\x9dc\x9dc\x9d\
\xb3\xa7\x8e#\xfa\x89~\xa2\x7f\xea\x96'Y\x01F\x15\
\xa3\x8aQ\x050\xa6\x1f\xd3\x8f\xe9\xed\xae\x95\xba\x12]\
\x89\xae\x04\x18/\x1d/\x1d/\x05\xf4\xfez\x7f\xbd?\
\xa0\xcf\xd1\xe7\xe8s~V\x01C\xd1d3\xe3\xbcl\
|\xd9\xf8\xb2\x11\xa0\xc7\xe81z\xec\xcd7Q\x82\x12\
\x94l\xb0)\xc1**\xac\xe5\xf5\xe1\xbbylv0\
>\xf0[\xb6^\xe1^\xe1^\xe16|aU&\xee\
\xd81$\x1b\x92\x0dM\x0c\xbb\xd9r\x02\xda\x13nX\
E\xde?\xfe\xd1:\x00\xcf\x9f\xb7\xb57k\xafs+\
n\x15M\x99\x9d\xac\xb8xK\xe8\x96\xd0-\xa1k\xd7\
M9\xf1'\xaa\x80\x0ez\x00*(\xa1\x02\xe8Kt\
\x1f}\x09\xd0_\xd2\xcb\xf5\x97\x00\x9dF\xa7\xd1i\x00\
]\xad\xaeVW\x0b\x8cz\x8cz\x8cz\x02#\xae#\
\xae#\xae\xc0\x88\xcb\x88\xcb\x88\x8b]\xf4\x1f\x1b\x18\x1b\
\x18\x1b\x00\xc6j\xc6j\xc6j\x00}\xb8>B\x7f\x17\
AC\x96\xb3\x96\xb3\x96\xb3W\xfa\xac\xfdg\xb2>3\
%\x93`\xe3^aO\x19f}/\x9f~j-o\
\xf5\x88\x9c\xe9\x82\xcf\xe7\xaf\x95\xac\x95\xac\x95\x00{\xe2\
\xf7\xc4\xef\x89_\xb1\xa2$\xa1$\xa1$\x81\xd1m\x1d\
=b-g:\xf1G\xef\xe0\x9c\xfe\x8d\xed\xf0\x92\xb8\
\xc5:\xe1\xdfxc\xaa\x89\xcf\xe0l\xcf\xd9\x9e\xb3=\
\x801\xd1\x98hL\x04\xf4\x03\xfa\x01\xfd\x000\x1a2\
\x1a2\x1a\x02\x8c6\x8f6\x8f6\x03#C#C#\
C\xc0h\xebh\xebh+\xa0\xf1\xd0xh<\xa6\xee\
\xc9$\x09@\x0d5\xd4\x000\x8ca\x0c\x03\xf4\x1ez\
\x0f\xbd\x07`\xa5\xb1\xd2Xi\xf6`\x0b6\x9b\xcdf\
\xb3\x01n\x0e7\x87\x9b\x03{\xbe\xf9\x1et\xa3\x07\x80\
\x1cr\xc81)5\x12\xfd\x22\xfd\x22\xfd\xe25\x05^\
\xc4\x8bxq\xd3\xa6_\x9a\xff\xa2\x9f\xb2\x96\xf7\x9a\xe2\
\x8b\x19\x08\xbe\xbe\x8b\xaf-\xbe\xb6\xf8\x9a\xd7}\xd6\xcf\
\x0c\xff\xfbL\x11\xfd\x94u`\xfd?6\xb3\x18s\x96\
\x9f*\x15\x15\x13\x1c5S\x9d\xc7{6\xf5L\xc5\x11\
\xeb\x84a\x1ch\xa6\x81=\x05\x97u\x01\xd0A\x0f\x9d\
\xbd\x1cT\x0e\xaa\x06\x95\xc0h\xe7h\xe7h'@\xc4\
\x13\xf1D<\xc0\x12\xb1D,!@6\x93\xcdd3\
@\xcaI9)\x07\xa8C\xd4A\xea\x10`i\xb3\xb4\
[\xda\x00s\x9e9\xcf\x9c\x07P\xf5T=U?\xb3\
\xbb\x98\x0e\xd6\xfb\xaa\xb7\xd5T_o}\x9e\xd7l9\
\x14\x1f\xb7m\x04v\xf3\xef\xdd\x81\x910\xa2\xa3\xad\xf5\
3\xf9 \x96\xd8\xdc\xf8\xef\xc4\x95\xe8(\xb6\x8eCF\
\xb9\xc90G\xdd\xad(\xcf\x8c\x0fF2\xbab\xdb\x83\
??\xf6\xc7\xc1?\x0e\xfeq0\xfd\xb5L\xd7L\xd7\
\xcci\xa2^o\x05\xaf\x97\xd7\xc3\xeb\x05\xb4q\xda8\
m\x1c`1Z\x8c\x16#\x80\xbd\xd8\x8b\xbd\xf6\xe0,\
&\xf6\x80\x88%b\x89X\xd8IY\xa7\xc0$G\xa0\
\x9d\xa7v\x9e\xday\x0a\xb0H-R\x8b\x14\xa0\xea\xa9\
:\xaa\x1e\xa0#\xe9(:\x12 \xce\x11\xe7\x88s\xc0\
\x92\xaf\x96|\xb5\xe4+@\x97\xa7\xcb\xd3\xe5\xdb\x82X\
\xfa\x80y\xe2y\x92yb`a\xce\xc2\x9c\x859\x00\
{\x88=\xc4\x1e\x02\x5cK\x5cK\x5cK\x00\x95F\xa5\
Vi\x80\x95\x92\x95N+%\x80\xb0@X ,\x00\
\xdeo|\xbf\xf1\xfdF \xe3\x87\x8c\x1f2~`\x1c\
7\x9e\xfc\x8d\xb5\x9ck\xf3\xc9\xff\x16\x98\x1d\xbd\xee_\
\x15OU<U\xf1\xd4\xc7G\xaf\xe0\x0a\xae\x00pQ\
\xb8(\x5c\x14\x80,Y\x96,K\x06\x94\x19\xca\x0ce\
\x06\xe0\xd6\xef\xd6\xef\xd6\x0f|\xbb\xfe\xdb\xf5\xdf\xae\x07\
\x16\xc9\x16\xc9\x16\xc9\x003e\xa6\xcc\x14p\xe3\xf0\x8d\
\xc37\x0e\x03\xe6bs\xb1\xb9\x18P\x8f\xab\xc7\xd5\xe3\
\x00\x9dJ\xa7\xd2\xa9vOD\xc2\x95p%\x5c\x01\xa2\
\x83\xe8 :\x00V\x07\xab\x83\xd5\x01\xd0\x0dt\x03\xdd\
\x00P\x01\x94?\x15\x00\xa0\x1c\x15(\xb73\xdap\xc4\
\x1c1G\x0c\xc8\x1ce\x8e2G@\xef\xad\xf7\xd6{\
\xdb9\x0d\x97\x94.)]R\x0a\x18*\x0c\x15\x86\x0a\
`~\xed\xfc\xda\xf9\xb5v\xc7\xadu\x0d\xeb\x1a\xd65\
\x00'\x86O(N\x0c\x03g\xae\x9e\xb9v\xe6*\xb0\
;xw\xf0\xee`g\x17\xcbz\xcbz\xcbzf\xa7\
e&\xb2\x9b\xdb\xff\xc6\xdb\x99{0\x0b|\xf6[%\
\xe7K\xce\x97\x9c\x076\x097\x097\x09\x81\xce\xfd\x9d\
\xfb;\xf7\x037\x0f\xde<x\xf3\x10 \xab\x91\xd5\xc8\
\xaa\x81\x9b97\xb3o\xe6\x007\xa2nD\xdd\x88\x02\
n*n\x0e\xdfT\x00\xac\x1eV\x0f\xab\xc7\xce}\xa8\
\xfe^\xfd\xbd\xfa{@/\xd5K\xf5R\x00\x03\x18\xc0\
\x80}~\xb2\x0aY\x85\xacB\x80\x10\x12BB\x08\xec\
\xbe\xba\xfb\xea\xee\xab\x93{8i\x01\xb8[,[\xbc\
l\xf1\xb2\xc5\x00QMT\x13\xd5\x80p\xabp\xabp\
+\xc0\xeebw\xb1\xbb\x00^+\xaf\x95\xd7\x0a8I\
\x9d\xa4NR;\x7f\xba\xd7^\xaf\xbd^{\x81\x0b\xbd\
\x17z/\xf4\x02*\x95J\xa5R\x01\x1e\xc3\x1e\xc3\x1e\
\xc3|\xfe\xb1\xd6c\xad\xc7Z\x8b\xfe\xd3\xda\x0ac\x1e\
\xbc[\xd7\xe4\xffi0\xa2^\xfd\x17\xdd\xdft\x7f\xdd\
\xfdM^\xde\xf2\xe0\xe5\xab\x97\xff,\xc8\xa55\xb75\
\xb75\x17H\xfa6\xe9\xdb\xa4o\x01a\x960K\x98\
\x05\x98\xd4&\xb5I\x0d\xf0Bx!\xbc\x10\xfb\x84b\
\xd2E[R-\xa9\x96T@\xef\xa9\xf7\xd4{\xda\xed\
\xbe[\xc8-\xd8B\x02\x85\xcb\x0a\xef+\x5cv\xefw\
\xe0\xea\xec\xea\xec\xea\x0cX\xca-\xe5\x96r\x80\x17\xc8\
\x0b\xe4\x05\x02\x5c)W\xca\x95\x02|o\xbe7\xdf\x1b\
`\xc7\xb1\xe3\xd8qv\xc9\xc24`\x1a0\x0d\x00\xc4\
\x0eb\x07\xb1\x03@%*Q\x09\x9c\x7f\xeb\xfc[\xe7\
\xdf\xb2'\x8aa`\xdd\x81\x19e\xda\xf3\xb6\xe4\x9f\xff\
\xd3\xc9^g\x8a\xa9$\x0aF\x17\xf1\xd9g'\x06O\
\x0c\x9e\x18\xac\xabK\x7f?\xfd\xfd\xf4\xf7\x01\x87x\x87\
x\x87x@\x98/\xcc\x17\xe6\x03\xc6\x16c\x8b\xb1\x05\
\xa0\x0a\xa8\x02\xaa\x00\xd0\x14i\x8a4E\xf6Tz\x0c\
\xeb\xb16D\x1b\xa2\x0d\x01\xd2~H\xfb!\xed\x07\xe0\
\xad\x98\xb7b\xde\x9aC\x0d\xc4\x1cE\x03\x02\xfa\x02}\
\x81\xbe\x00\xe0\xc4pb81\x80\xa5\xc7\xd2c\xe9\xf9\
\x99\x8bl.\x99K\xe6\x02\x96\xc3\x96\xc3\x96\xc3\x80\xb6\
G\xdb\xa3\xed\x01\xd45\xea\x1au\x0d\xa0\xd7\xe9uz\
\x1d\xc0>\xc0>\xc0>\x00|\xf6\xc8g\x8f|\xf6\x08\
sVNy\xc9:@\x8am>\xeb[lgJ\xc6\
\xcez\xab\xb6~\xee\x12\x80\xcc\x0e\x8c\xfd\xf6\xcbF+\
kl\xc6\xebgMg\x0dgM\xd7\x14\xb7N|\x06\
6]\xebD\x0a4\xd6V\xd6V\xd6V\x80%c\xc9\
X2\x80\xadek\xd9Z\x00\xc9HF2\xc0)\xe0\
\x14p\x0a0\x91(\x82KrI.\x09P2JF\
\xc9l\xbc\x0a\x91\x00N\xe0\x04\xbe\xba\xf7;\x226\x13\
\x9b\x89\xcd\x00G\xc5QqT\x00w;w;w;\
\xc0\xde\xc5\xde\xc5\xdee\x8f\xfbg\x97\xb2K\xd9\xa5\x80\
\xa5\xdb\xd2m\xe9\x06L%\xa6\x12S\x09`\xae1\xd7\
\x98k\x00s\x8b\xb9\xc5\xdc\x02\x10=D\x0f\xd1\x03\xc0\
\x1b\xde\xf8\xd9\x02`\xdd\x88\xcevX?\x9d\xed\xb0\xbe\
o\xc6\x8a\xc4(\xdf\x183\xdb\xff6\x98\xf1\xc5(k\
?\xfb\xdc\xda\x7ff\xc7\x07ZRZRZR\x00\xcb\
\xcb\x96\x97-/\x03\xc2\x06a\x83\xb0\x010\xf8\x19\xfc\
\x0c~\xf6\x85\x91\x9b\xc5\xcd\xe2f\x01\xecnv7\xbb\
\x1b0\xbb\x98]\xcc.\x00\x9a\xd0\x88&\x80\x92P\x12\
J\x02\xa8\xcdj\xb3z\x86\xb1\x8d\xb3\xc1$\xa5\x18\xc3\
>|\xba\xeft\xdf\xe9>\xa0#\xab#\xab#k\x06\
\x15\xd5\x93\xf5d=@^\x22/\x91\x97\x00\xd6~\xd6\
~\xd6~;\xcf;\xa7\x81\xd3\xc0i\x008\xc5\x9c}\
\x9cb@\xd6\x22k\x91\xb5\x00\xdfU}W\xf5]\x15\
`\xf40z\x18=\x80\xf1\xb8\xf1\xb8\xf1\xb8\xc9\xf5[\
\x1fpW\x17\xa34\xb1~\xcb\xb8(\x1f\xb1\xf9>\xff\
oM|F\x8b\xbb\xf1\x19k\xff\x9e{\xee\xfc\xf9\xf3\
g\xcf\x9f\xbf\xa6X\xa1[\xa1_1\xc9\x1f\xc1\x8e\xab\
\xc9W\x93\xaf&\x03\x96\xbd\x96\xbd\x96\xbd\x00\xb5\x81\xda\
@m\xb0S\x85\xb1\xab\xd9\xd5\xecj\x80\xeb\xc9\xf5\xe4\
z\x02b\xadX+\xd6\x02\xdc:n\x1d\xb7\x0e\xe0&\
p\x13\xb8\x09\x00\xbb\x80]\xc0.\x00\xe0\x0b_\xf8L\
\xdd\x1e\xc3Qx>\xf7|\xee\xf9\xdc;\xdf\x19\x93\xf0\
\x84+\xe7\xca\xb9r\x80\xb7\x81\xb7\x81\xb7\x01\xe0\xc7\xf3\
\xe3\xf9\xf1\x80\xb0RX)\xac\xb4\x7ff\xa2\xfe\x18f\
#\xc6*dn27\x99\x9b\x00D!\x0a3\x98\xc6\
\x9f\x8d}6\xf6\xd9Xy\xf9\xef\xf6\xfen\xef\xef\xf6\
>m\xcb\xed\xc4L\xb0\xb9rQ\x9e-\x86\x86\xace\
y9\x8aP\x84\xa2\xd8gn\x9d\xf8\x0c\xe4G\xe5G\
\xe5G\x01\x07\xa9\x83\xd4A\x0a\xf4\xa5\xf7\xa5\xf7\xa5\x03\
f_\xb3\xaf\xd9\x17 \xab\xc9j\xb2\x1a\xe0\x8a\xb9b\
\xae\x18`\xb5\xb2ZY\xad\x00QAT\x10\x15\x00\xd2\
\x91\x81t\x80\x95\xc3\xcaa\xe5\x00\xf41\xfa\x18}l\
\xea\x9ei\x824A\x9a \xa0\xc3\xd8a\xec0\x02\x1d\
\x85\x1d\x85\x1d\x85@\x87w\x87w\xc74\xbc\x0f\x93\x16\
\x00\xba\x8f\xee\xa3\xfb\x98\x04\x04\x00%\xa5\xa4\x94\x14\xf8\
\xa6\xf0\x9b\xc2o\x0a\xa7\xa9\xc8F\xe5\xc5u\xe1\xbap\
]\xec\x14F\xdc=\xdc=\xdc=\x80\x83\xa7\x83\xa7\x83\
'\xe0\x10\xe6\x10\xee\x10\x06h\x1a5\x8d\x9aF`a\
\xda\xc2\xb4\x85i\x80\x83\xb7\x83\xb7\x837\xc0\xcee\xe7\
\xb2g00/\xbcy\xe1\xcd\x0bo~|4!)\
akB\xd2V\x9b\x9fA~\xbe\xb5\xfc\xef\x1e L\
z\xf0\x17_\xfc\xa5\x16\x97\x11\xf9\x01?\x0f?O?\
\x8f;\xd74\xee3\xee3\xee\x03\x109D\x0e\x91c\
_(y\x97x\x97x\x97\x00N9\xa7\x9cS\x0e\x88\
JD%\xa2\x12{X\xa9`\xb3`\xb3`3\xc0n\
e\xb7\xb2[\xed\x19m\x08O\xc2\x93\xf0\x9c\xdc\xce\xd8\
\xbe\xb1}c\xc5@STSTS\x14\xa0P)T\
\x0a\x15pj\xdf\xa9}\xa7\xf6M\xdd?\xa2\x86\xa8!\
j\x00v\x1d\xbb\x8e]\x07\xb0k\xd9\xb5\xecZ;\xd7\
\xa3\x80\x14\x90\x02\xd2\xeep\xc4I\xe6$s\x92\x01\x92\
KrI.@\x07\xd1At\x10@ES\xd1T\xf4\
\xcc\x9f\xf0\xe3\xfb\x1e\xdf\xf7\xf8>\xa0\xec\xb5\xb2\xd7\xca\
^\xb3\x98\xad\xcf7\xfb-\xeb\xc4{\xda\xe6o\xc1X\
\x91\xee\xa4u\xbfW0\xd6\x8b\xb8g\xd5\x1f\xa8\xdfW\
\x7f\xf0\xdcs\xf4\xab\xf4\xab\xf4\xab\xcc\x820\x19l\x09\
[\xc2\x96\x00\xda\x0cm\x866\x03\xe0\xf8s\xfc9\xfe\
\x00\xad\xa4\x95\xb4\x12`\x0f\xb0\x07\xd8\x03\x80\xc0M\xe0\
&p\x03\xb8\xfe\x5c\x7f\xae\xbf=\xbf\x00w/w/\
w/\xc0\xf2g\xf9\xb3\xfc\x01\xfa }\x90>8\xb9\
\x1d&\x0bu{k{k{+`\xce5\xe7\x9as\
\x01\xb3\xd2\xac4+\xed\xd9\xa8\xa7\xc2\xa4\x05\xe0r\xfa\
\xe5\xf4\xcb\xe9?+\xd9\x97\xd9\x97\xd9\xc0H\xc0H\xc0\
H\xc0\xe4\x0a&** \x0b\xc8\x02\x80\xe5\xc4rb\
9a\x22\xe1\x03C\xf4\xe1\x18\xed\x18\xed\x18\x0d\x90\x87\
\xc9\xc3\xe4a\x80\xec$;\xc9N@\xcf\xd6\xb3\xf5l\
`ththt\xc8\x1e&\x8as8\x87sS\xb7\
\xe7\xbd\xc7{\x8f\xf7\x1e \xfa\xfe\xe8\x07\xa2\xef7\x19\
O\x9d8u\xe2\xd4\x89\xb7\xdfF5\xaaQ\x1de\xb3\
&\xfc\xfd\x90\xb5\xbc[3#s\xb4\xb0\x07[\xb8\xf5\
\xba\xf5\xba\xf52;=\x93\x9f~2\x0c!\x86\x10C\
\x08`\xdam\xdam\x9a\xc6\x15\x93\xac$\x8f\x92\x95v\
RKK\x9e%\xcf\x92\x07p\xfa8}\x9c>\x80\xdf\
\xc8o\xe47\xda\xe9\xd5\xf9N|'\xbe\x13\xc0M\xe4\
&r\x13\x012\x93\xcc$3\x01\xd2\x9dt'\xdd\xed\
\xf4\xe2\xb7\xe2\x22y\x91\xbc\x08\x80\x1d\xcd\x8efG\x03\
\x03\x89\x03\x89\x03\x89\x80\xc2\xa80*\xa6\xf1[#\x8a\
\x89}D1\xc0\xe2\xb2\xb8,.\xc0\xeabu\xb1\xba\
\xecg~G\x8d\xa3\xc6QcOu\xc5\xd2\xb1t,\
\x9d\xfdz\x93\xd4$5I\x01S\xbe)\xdf\x94\x7f\xc7\
\x07\x8es\xa2s\xa2s\x22\xc0\x90c\xc86\xe4L\xfe\
\x9d\x99x\xd6\xe7\xbfi\x93\xf5\xdb\xe7\x9e\xb7\x96\x8c\x92\
\xf5^\x17\x04f\x81\x7f\xe1\x05k;\xaf\xbc2\xb6v\
l\xed\xd8\xdaoZ\xe6\xa5\xcd\xdb>o\x06\x0e\xd0F\
\xa9Qj\x94\x02\xe6Xs\xac9\x16 \x02\x88\x00\x22\
\xc0\xeej\xccY\xc5Y\xc5Y\x05\x08\x07\x84\x03\xc2\x01\
\xc0q\x9b\xe36\xc7m\x00[\xcdV\xb3\xd5v\x92X\
\xd2\x97\xf4%}\x01N '\x90\x138\xb9\x9d\x8b^\
\x17=/z\x01\xa2\x1cQ\x8e(\x07\xb8\xbc\xf7\xf2\xde\
\xcb{'\x97Sa\xe6v\xf1b\x14c:+n4\
\xa2\x11\x0d\xc0\x03\x1e\xf0\x80\x8dx\x02@\x0fz\xd0\x03\
\xa0\x0aU\xa8\x02\xe8\x08:\x82\x8e\xb0\x9fY\xc7\xb7\x8e\
o\x1d\xdf\x0a\xe8w\xe8w\xe8w\x00\xfa$}\x92>\
\x09@\x19\xca0\xb5\x15\x1c\xa7*NU\x9c\xaa\xb0\xc7\
]\x07\x85\x04\x85\x04\x85\x00\xf4S\xf4S\xf4S\xd7\x14\
\xd6\x17\xc7\xd8\x9f\x9f\xb2\xed\x18\xb3\x8dfdV~\xcf\
\xfb<\xba=\xba=\xba_xa\xb7\xf3n\xe7\xdd\xce\
\x93\xc97\x7f\xd0\xfe\xa0\xf9A\x0b\x9cl?\xd9~\xb2\
\x1d8q\xf0\xc4\xc1\x13\x07\x81o\x0e|s\xe0\x9bi\
Z\x1d\xbe1|c\xf8\x06@x\x11^\x84\x17&r\
\xeaQ\xf1T<\x15\x8fIfT\x06\xd4\x005@\x0d\
\x00hC\x1b\xda\x00:\x8dN\xa3\xd30u\x16\xd9,\
d\xe1vG\xb9\xa38\x8a\xdbPZM \x03;\x90\
\x01\xd0\x95t%]iO\xe5e\xcd\xb58\xf9r\x86\
\x0d\x97\x0a\xa0\x02\xa8\x00\x80P\x10\x0aBaO\x86z\
'\x5cr\xbd$\xbb\xe4\x0a\x9c\xd3\x9c\xd3\x9e\x9b\xc14\
\xf6\xcd\xf2\xcd\xf2\xcd\xfa\xac\xc6?\xcb?\xcb?\xeb\x85\
\x17\xac\xdf\xe6\xd9\xa2\x03\x98\x89|'tuY\xcb\xe2\
\xe2\xcdA\x9b\x836\x07\xfd\xe6I\xeb\xf8\xb1\xfba0\
y/\xd0\x8b\x1e\xcc\x80\xd9H\xd5\xa8jT5\x02\x86\
\xcd\x86\xcd\x86\xcd\x80\xa5\xcd\xd2fi\x03\x0c\x8d\x86F\
C\xa3=c\x12\x93\x02\x8d\xe6\xd3|\x9a\x8f\x09\xdd\x0e\
\xddF\xb7\xd1m\x98H\x0bN\x94\x10%D\xc9\xe4v\
\xe8mt\x0a\xbdmfwy;\xccx\x01\xa0\x8b\xe9\
bz\x9a\x05\x80.\xa3\xcb\xe82\xd8'>\xe3\xa9v\
\x80>@\x1f\x80=Y\xa4m\xe0L\xd8\x99m\xca \
\x8b\x93\xc5\xc9\xe2\x04\x98\xa5f\xa9Y\x8a\x89\x81=\x15\
\xe4\xf1\xf2xy<`\xa84T\x1a*\xa7\xe9\x17M\
\xd34\xfdm\xabw\xafw\xafw/c\x1ff\x16\x82\
[\x1dr>\xab\xb1\x96\xcf=\xb7\xb1ec\xf3\xc6\x96\
7\xde\x0cS\x87\xa9\xc3\xd4\x80x\x8fx\x8fx\x0f@\
\x0c\x11C\xc4m\x04\xbf3\xaa3\xea3*\xc0\xbc\xda\
\xbc\xda\xbc\x1a\x18\xdc6\xb8mp\x1b\xf0S\xc8O!\
?\x85\x00\xe3\xbe\xe3\xbe\xe3\xbe\xb7\xe9\xdf~\xfa\x00\xbd\
\x1f\xc0!\x1c\xc2!\x00\xab\xb0\x0a\xab\xec\xbe\xe8\x13\xcf\
\x93\x81\xed3\x93\xacr\x22-w\x01\x0aP\x80\x89\xa4\
\x9a\x93\xdaaRt\xdd\xfa\xfd\x14\xd9\x89'~/\xa2\
\x8b\xe8\x22L8v\xd1rZN\xcb\x01\xba\x87\xee\xa1\
'\xd1K\x00t\x1d]G\xd7\x01T\x1b\xd5F\xb5\x01\
\xc4*b\x15\xb1\x0aw\x94\xe8\xda\xc9v\xb2\x9d\x04F\
\xb8#\xfc\x11.p\xb1\xe8b\xd1\xc5\xa2\xa9\xafg\xa0\
\xd1it\x1a\x1d k\x95\xb5\xcaZ\x81M\xfb7\xed\
\xdf\xb4\xbf\xb0\xd0j\x0f\xbfU2\xb8U\x12d\xb4\xf6\
/\xbc\xf0\x1f\x1f\xfd\xc7G\xff\xf1\xd1+\xaf\xfc\x83\xf3\
\x0f\xce?8\xb7\xf1\xe5\xb7\xf5\xff\xab\xcc\xaf\xb2\xbe\xca\
\x04\x149\x8al\xc5m$\x14\x06\xca\x87\x94\x0f)\x1f\
\x02\x0cA\x86 C\x10\x80\x04$ \x01`r*2\
\xda\x7f*\x8a\x8a\xa2\xa2\x00\xda\x95v\xa5]\x7f\x96,\
\x96\xc9\xe1h\xf3\xa7\x99 \xcd\xbd\x15\x19\xc8\xc0=\xd8\
Jf\xbe\x00\xd8\xec\xc5S\xa2\x11\x8dh\x04\xe82\xba\
\x94.\x83\xbd\xe3\xb6\x01@\x9bi3m\xfe\xd9\x80c\
$\x02\xdb\xc0$\xe4\x84\x9c\x90c\xc2\xb1aB=~\
\x0b\x06\xd9\x83\xecA6\xc0K\xe7\xa5\xf3\xd2\x81q\xdd\
\xb8n|\x1a%\x1b\xd3\xaf\x05\xc6\x05\xc6\x05F\x9dn\
\xad\xe7Z\xcf\xb5\x9e)/Y\x7f|\xcefn\xca\xcf\
_A\xad\xa0VP\xf1\x9b\xb6\xd4l\xa9\xd9RS^\
\xbe\xc8\xbc\x88Zd6\x19\xc7\xe3\xc7\xe3\xc7\xe3\x01q\
\x888D\x1c\x02(k\x945\xca\x9a\xc9\xcd$\xb8'\
\xb8'\xb8\x03r\xa3\xdc(7\x02\xbcx^</\x1e\
\x10\xb4\x09\xda\x04m\x80\x9c+\xe7\xcao\x17\x1b\x19\x83\
\x18\xc4\xd8\x95~\x04\x9f\xe0\x13|\x80\x0a\xa4\x02\xa9@\
\x80\xbeD_\xa2\x7f\xe6\xf1\xce|fr/\x12ZB\
Kha\x9f`\x13\x9e\x5c\xbf\x04}\x98>L\x1f\x06\
\xc8T2\x95\xfc9\xefO\x12\x920\x9d#s3\x9a\
\xd1\x8c\x89\xdc}\xcc\x02\xc3HpL\xae;f\xc0R\
l\x8aM\xb11\x91\xcc\x95h$\x1a\x89F\x80XO\
\xac'\xd6O\xddL\xb7\xb6[\xdb\xad\x05,\xe9\x96t\
K:\xc0K\xe1\xa5\xf0R\x80\xb3\xab\xcf\xae>{;\
/\x10\x9bY\xd1E\xe8\x22t\x11\x02\x83^\x83^\x83\
^\x80*G\x95\xa3\xca\x01~\xb7\xfdw\xdb\x7f\xb7\xfd\
\x9a\xe2\xcd\xbdo\xee}s/#\x19<a\xf3+\xc9\
x}\x83y\x83y\x83\xf9\xf5\xd7\x03W\x05\xae\x0a\x5c\
\xd5\xd6\xb6\xa8}Q\xfb\xa2vL$\x03E+Z\xd1\
\x0a\xa0\x09Mh\x02\x8e\x1f>~\xf8\xf8a\xa0\xd3\xbf\
\xd3\xbf\xd3\x1f8]\x7f\xba\xe1t=\xa0\xcd\xd2fi\
\xb30\xa1\xecd\xc6\xb5>Q\x9f\xa8O\x04\x10\x860\
\x84ab<3J>\xe6}0Q\xa5LND\x94\
\xe0\x00J0\xe1\xea;\xb1\x11N\x91l\xd4\x5cb.\
1\x97\x00\xec\xcd\xec\xcd\xec\xcd\xd3\xbc\xc7)0g~\
\x00\xff\xc6\xbf\xf1o\xfc\x7f\x0f\xb3\xf4\x8d\xff7\xfe\x8d\
\x7f\xe3\xffO\xf8\x7f\x01f\xf7e\x15G\xc0EX\x00\
\x00\x00\x00IEND\xaeB`\x82\
\x00\x00\x05w\
\x89\
PNG\x0d\x0a\x1a\x0a\x00\x00\x00\x0dIHDR\x00\
\x00\x00\x80\x00\x00\x00\x80\x08\x06\x00\x00\x00\xc3>a\xcb\
\x00\x00\x05>IDATx\x9c\xed\x9d?o\x1cE\
\x18\xc6\x1f'`\x0aDq-Iu|\x04C\x81h\
M\x9f\x80\xcf\x1f!\xa9I\x13>B,*\x04\x8d\xf9\
\x08\x97\x22P;\x1f!\x11\x12\x05Mt\xae\x88\xe8\xec\
\x22\x14\xc4\x14F+\xcdX\xab\xd3\xee\xcd\xfb\xce\xcez\
\xff<\xcfO\x9a\xc6\xbe\xdb\xd9\x99\xf9\xdd\xcc;3{\
s\x10B\x08!\x04%{;\x0a\xbd\x0f\xe0AH_\
\x02\xf84\xfcM\x8c\x9b\x7f\x00\xfc\x05\xe0w\x00/\x00\
\xfc\x06\xe0\xca{\xc7\x0f\x01\xbc\x01p\xad4\xf9T\xb5\
\xe37\xd6\x86\xbf\x0b\xe0D\x8d>\xcbt\x12\xdaw'\
j\xfc\xf9K\xd0\xca\x91*\x88\x22\x1d\xd5\x05\x88A`\
\x15\xdcm\x00\xdcW\x807{\xde\x02X\xc6\xc0\xf0N\
(\xedJ\x8dO\xc3=\x00\xc7\xb1\xb0Q\x80\x07\xec\xb5\
B\xc6M{G\x01\xbe`\xaf\x112>\x8f\xc5\x8d1\
\xc0\xbf\x00>b\xaf\x15\x22\xaeb{G\x01\xae\x8de\
\xdf\xb5r(\xc6\x81\xab-\xef\xa4_'\xe6\x8c\x04 \
G\x02\x90#\x01\xc8\x91\x00\xe4H\x00r$\x009\x12\
\x80\x1c\x09@\x8e\x04 G\x02\x90#\x01\xc8\x91\x00\xe4\
H\x00r$\x009\x12\x80\x1c\x09@\x8e\x04 G\x02\
\x90#\x01\xc8\x91\x00\xe4H\x00r$\x009\x12\x80\x1c\
\x09@\x8e\x04 G\x02\x90#\x01\xc8\x91\x00\xe4H\x00\
rnC\x80e\x8f\x87/\x9d\x01x\x1a\xd2a\xc6\xbd\
\x1df\xe4\xf9*#\x9f\x8d\xe3\xfa\xa7\x19\xd7\xef\x8c\xf5\
\xe6\xba\xb2\x00\xf0\xac\xe7\xd3\xb8\x9e\x85|<T\x22\xac\
\x9dy\xe4\xd0\x96\xcf:H<X[\xde\x96\x00\x91G\
\x86\xbc\x1e5\xbco\x11*\xeaU\xe2\xbd\x17\xe1\xe0+\
/\xa7\x8e\xba\xe8\xd2`\xf5\x0f\xc1\xba\xc3u\x9a\x98\x84\
\x00\x96a\xa1I\x80:\xab\x02\xd7h\xe2\xccQ\x1f\x07\
\x05\xca\x9f{\x8d6&!\x80%OK\xe3Y$\xf0\
V\xf0\x22\xf4 \x96\xfa\xd8d\x0c7\x91\x98G\xee\xfb\
\xdb\xa0\x12\x00\x86O\xec&\xe3\xde<A[NPX\
\xcf\xa34\xae\xb6\x9c\xc34\xf0y\xe2\xff\xcb\xccx\xc0\
\xcaA\x87\xa0pp\x18\x04@\xa6\x00\xe7\x00~1\xbe\
\xf6i\xcf\x92\xf5\xc6\x1c\x04\xb8\x0ci\x17\xcb\xcck?\
\x06\xf0\xda\xf8\xdau\x0f\x01]\xef\xcce%0%@\
\x97@\xeb8\xf4\x06\x16\xd6=\x04u\xbd\xa2\xa5\xe04\
\xe7\xf5\xc3\x95\x13,\x87Z\xc9\xcbe.\x02\xa4>u\
\xa9\x1e\x22E5\x0c|o|\xedjJA\xe1\x1c\x04\
X\x18\x04xY \x9f\x93\xd4/n\xd4\x98LP8\
\x07\x01,\x9b@%\x04@\xe8\x05\xacA\xe1i\x87\xe0\
\xf3\xd6\x98\x83\x00\xa9\x05\xa3\x97\x05\x05\xa8\xf8\xda\x18\x14\
.\xc2\x22\xd5\xa8\x83\xc2\xa9\x0b\xb0J\xf4\x00\x97a*\
W\x92\xcb9\x06\x85S\x5c\x0aN\xed\x03\x5ct\x98\x97\
o\x0cK\xc8\x96\x1d\xcd\x98\x9av\x0eG\xb1\x14\xdc\xe9\
M=\xdfh\x93\x00\x07\xc6\xed\xe0\xae\xf3q\x8b\x00p\
>\xdb\xb0\x1d\x14J\x80\xc2\xe9\x22\xc8Q\x22\xf0\xb2\x0a\
\x00\xc7\xf6\xf1\xc5\xd6\xbdI\x80\x82i\xbbr\xbb\xe2\x11\
`\xe1\xd8=\xac\xef\x1cJ\x00\xe3\x10`\xad\xe0\xdcm\
\xd9&<\x02 \x0cM\xd6:\x8cO\x00i;\xd8\x88\
5\xea\x1er[\xf6\xb5cf\xb0*\xf8\xfc_1\xc6\
\xdc\x03D\xac\x01W\xce\xd3\xc1\xdbx{\x00\xef=^\
\xd7\x9e\x08*\xcd\xec\x86\x80:\xa9\xe8\xff\xba\xe3cZ\
\x91\x5c\x01\xe0|\xbaXC\x80\x93c\xe3\xde\xff\x90\x8b\
/\x8f\x1d\xdb\xc7\x8335\x01\xce\x8d\xbbrC\x8e\xb3\
\x97FQG\xc5T\x86\x80\x88\xb5\x9b\xcd\x9d\x1av\x19\
\x02\x22\x96'\x965\x04db\xedfK\x7f\xe9\xc2\xc3\
s\xc73\x04\x833\xb5\x1e\x00\x8e\xb9w\xce\xd4\xb0D\
\x0f\x10I\xf5V\xa5\xc9j\xcb)\x0a\x800\xce[\xee\
\xdb\xfbpFI\x01R\x0bY\xa5\xa1\x12\x00=M\x0d\
K\x0a\x80\x10\x8b\xb4}\xdb\xa84t\x02\xec\xaa\xdcz\
\xf2\xc4\x03}\x94\xb7-(,\xcd$\x04\xb0|9\xd4\
3\x8d\xb3F\xdc\x96k\xd6\xcf\x0c(\xb1\xaaX\xa7i\
\xc8*\xcd$\x04\xb0\x8c\xddg\xcekZ\xa7\x86\xa9\x9e\
\xa5>\xa4\x94\xdc`j\xbb\xcf\xd2\x8cZ\x00\xef\x01\x11\
g\x8eO\xa1g[\xb6\xe9\x10\x89\xb6\x07M6\x85\x17\
\x95\x16[\xf9\x94ft\x02\x94<\x22&\xd5\x10\x9em\
\xd9*\x9dd\xdcC\xce\x99\x03MuB\xbf\x19\xc4\xce\
\xe1\x18\x04\xd8\xab\xbd\xc9\xc2\x9e\xf1ub8\x5cm\xa9\
\xef\x06\x92#\x01\xc8\x91\x00\xe4H\x00r$\x009\x12\
\x80\x1c\x09@\x8e\x04 G\x02\x90#\x01\xc8\x91\x00\xe4\
H\x00r$\x009\x12\x80\x1c\x09@\x8e\x04 G\x02\
\x90#\x01\xc8\x91\x00\xe4H\x00r$\x009\x12\x80\x1c\
\x09@\x8e\x04 G\x02\x90#\x01\xc8\x91\x00\xe4H\x00\
r$\x009\x12\x80\x1c\x09@\xce\x07\xa1\xf8\xef\x00|\
b\xa8\x0a\x1d\x121\x0f\xaeb)b\x0f\xf07{\x8d\
\x90q\xd3\xdeQ\x80?\xd8k\x84\x8c\x9b\xd3\xcf\xa2\x00\
\xbf\xb2\xd7\x08\x197\xed\x1d\xcf\xfc\xd9\x0f\xc7\xa1\xddg\
\xaf\x19\x02\xde\x02\xf8\x0c\xc0{\xd4z\x80*(x\xc2\
^3$|\x17\x1b\xbf\xe2n\xad\xcc\x7f\x02\xf8\x18\xc0\
W\xec54c~\x00\xf0\xe3\xae\xe2UB\xfcT\xf0\
`G\xa5\xf1\xa4\x9f\xb7>\xf0;\xf9\x16\xc0\x1b5\xde\
,R\xd5\x8eGm\x8d\xbd\xeb\xe0\xc7\xfdp\x0a\xf7\xc3\
p\x04\xeb=\x00\x1f\xb2\xf7\xa1\x13\xe0\xbf\x10\xe8U?\
f\xf9\x22\xfct\xcd\xd5\xe4K%\x84\x10B\x88r\x00\
\xf8\x1f\xc0l\x8f\x8e\x8cl=\xf7\x00\x00\x00\x00IE\
ND\xaeB`\x82\
\x00\x00\x05\x06\
\x89\
PNG\x0d\x0a\x1a\x0a\x00\x00\x00\x0dIHDR\x00\
\x00\x00\x80\x00\x00\x00\x80\x08\x06\x00\x00\x00\xc3>a\xcb\
\x00\x00\x04\xcdIDATx\x9c\xed\x9d=\x8cUE\
\x18\x86\x1f\x04\xd1\xa8\x89\x89\x89\x8d\x90\x98`aC\x83\
\x82\x89\x91\x86\x8a\x8e\x80,\x14\x94\xdb\xd1\xa1\x8d\xb6T\
BH$\xab\x16\x14&Tja\x08\x1a\xa2\xa1\xa4\xb0\
\x13cb\xa2\x0d!\xb1\x00\xb7\xd0\x10\x8d\x1aeQ\x97\
L2\xc5zw\xce\xff\xec\xf9{\xdf'9\xcd\xee\xdd\
3\xf7\xfb\xbeg\xe7\xce\xce\x99\x99\xc5\x18c\x8c1\x92\
l\xab\x19\xf4N\xe0h\xbc^\x05\x9e\x8b_3\xe3\xe1\
\x0f\xe0\x0e\xf0-p\x15\xf8\x1cX\xcb\xf1\xee\x8e\x01\xb7\
\x80u_\x93\xbaB\xcd^\xefR\xf8\xed\xc0y\x17}\
\xf2\xd7\xf9X\xcb\xc6\xb8\xf8\xf3\x92\xa0\x11KN\xda\xec\
\xae\xa5\x94\x00\xa9A`\x18\xdc\xdd\x06vw\xf9\xfc0\
\xa3\xe3.\xb0gq`\xf8H\xe2]\x9ep\xf1g\xc9\
.\xe0\xe4b`)\x01\x8e\xaagj\xc6l\xaamJ\
\x80\x03\xeaY\x9a1\xfb\x17CK\x8d\x01\xfe\x06\x1eS\
\xcf\xd4LY[\xacmJ\x80u\xf5,\xcd\x9c\xff\xd5\
<\xf5\x11`\x84\xd8\x91!\xd4\xba\xcf\x13\xcc\xd6\xd0\xa9\
\xc7v\x0f \x8e\x05\x10\xc7\x02\x88c\x01\xc4\xb1\x00\xe2\
X\x00q,\x808\x16@\x1c\x0b\xd0\x9d'\x80e\xe0\
\x8b\xb8(3\xcc\xb7\xff\x04|\x04\xec\x9bb@MW\
\xc2(s2\x16\xbb(7\x0f\xa2\x1c\x93\xaaW\xdf\x02\
\x0c\xb5\xf4\xaa\x0ba\xfa\xfb\xdd\x9a\xed\xfc\xb7\xc5k,\
,\xc0\x00\x02\xbc\xd7\xb0\xad\xbf\x80\xbd\x19r\x95\xc2\x02\
\xf4,\xc0\xf1\x96\xed\xfd\xbcEc\x02\x0b\xd0\xa3\x00\x8f\
\x03?vh\xf3\x1e\xf0J\x86\x9cu\xc9_\xff7\xcc\
\x1c\xc0\x90\x02,gh\xf77\xe0`\x86\xbc\xb5\xcd_\
\xff7\xcc\x1c\xc0\x90\x02|\x99\xa9\xed\xb0\x8f\xefP\x86\
\xdc\xb5\xc9_\xff7\xcc\x1c\xc0\x90\x02\xfc\x92\xb1\xfd?\
\x81\xc3\x03\xe4\xaf\xff\x1bf\x0e`H\x01\xfem\xd1N\
\xd8\x90q\xb3\xe0{\xf7\x81#=\xe7\xaf\xff\x1bf\x0e\
`H\x01V[\xb4\x136\xda<\x0d|U\x22Ar\
\xdb\xd6\x16\xe5\xaf\xff\x1bf\x0e`H\x01>i\xd8\xc6\
\xca\x86\x9f}\x0a\xb8Q\xf0\xba\x7f\x80S=\xe5\xaf\xff\
\x1b\xce\x88\x97b\xb1\xea\xe4\xe5\x9d\xc4\x82\xd9\xf0\xdc\xe0\
z\x89\x04m\xa6\x8d-@\xcf,\xc7\xe9\xdd\xa2|\xfc\
Zq0C\xd8\x98q\xad\xe0g\xc3}O7\x0c\xc7\
\x02\x0c\xc0\xfe\xb8\x83\xba('g+\xdeR\xd8\x81}\
\xa5D\x823\x0dB\xb2\x00\x03\x11\xba\xf7K%y9\
W\xf1\xb6vT\x8c)\xde\xae\x19\x96\x05\x18\x90 \xc1\
\xc5\x92\xdc\xacTl\x9c\x09G\xb7\x5c\xee\xd0\x93`\x01\
\xc6\xc1\xb9\x92\xfc\x5c\xaa\x90\xa0kOb\x01F\xc2\xd9\
\x92\x1c]\xae8\xa8i[\xc5#\xe6\x8b%\x12Y\x80\
\x11\xf1VI\x9e>\xae\xb1\x17\xb3\xec`\xae\xa2\x9e\xc4\
\x02\x8c\x8c3%\x7f&^\xa9q\xc0f\xd9\xc7\xc9\x87\
\x89\xd7[\x80\x11r\xbaD\x82k%\x07p\xb4\x992\
\xb6\x00#e\xb9d\xd6\xf0z\x9c\x15\xdc\xc83\xc0\xd7\
%\xc5/zhd\x01F\xcc\xa9\x12\x09n\xc4\xe7\x03\
\x81g\xe3\x19\xbf\xa9\xd7U=6\xb6\x00#g)\xfe\
\x06\xa7r\x17\xba\xfb\x17\x81\xef\x0b\xbe_g\xe1\x88\x05\
\x98\x00G\xe2\xe1[\xa9\xfc\x15\xf5\x10u\x97\x8eY\x80\
\x89p8v\xe7urz\xaf\xc1q}\x16`B\x1c\
\x8a\xddzY>\x9b.\x1f\xb7\x00\x13\xe3`\xec\xdeS\
\xb9\x5cm\xb1\x81\xc4\x02L\x90\x03\xb1\x9b\xdf\x98\xc7;\
q@\xd8\x14\x0b0Q\xf6\xc5\xee~=n6\xd9\xd3\
2\x0c\x0b0a\xf6\xc6?\x05\x9f\xef\x10B\xa7z\xe5\
8*\xd6\x07E\x0eK\xa7z\xf9\x80\x08qr\x1c\x15\
\x9b\x0b\xb5\x8f\x93Q\xf4\x9c\xee\x01\xc4\xb1\x00\xe2X\x00\
q,\x808\x16@\x1c\x0b \x8e\x05\x10\xc7\x02\x88c\
\x01\xc4\x19\xd3L\xa0\x9f)\x0c\x80{\x00q,\x808\
\x16@\x1c\x0b \x8e\x05\x10\xc7\x02\x88c\x01\xc4\xb1\x00\
\xe2X\x00q,\x808\x16@\x1c\x0b \x8e\x05\x10\xc7\
\x02\x88c\x01\xc4\xb1\x00\xe2X\x00q,\x808\x16@\
\x1c\x0b \x8e\x05\x10\xc7\xe7\x03\x0c\x87\xcf\x070\xc3c\
\x01\xc4\xb1\x00\xe2X\x00q,\x808\x16@\x1c\x0b \
\x8e\x05\x10\xc7\x02\x88\xe3\xf3\x01\xc4q\x0f \x8e\x05\x10\
\xc7\x02\x88c\x01\xc4\xb1\x00\xe2X\x00q,\x808\x16\
@\x1c\x0b \x8e\x05\x10'\xc7T\xb0\xffw\xe0\x84q\
\x0f NJ\x80\xdf\xd5\x932c\xd6\x16CK\x09\xb0\
\xaa\x9e\xa5\x19\xb3\xa9\xb6)\x01\xbeS\xcf\xd2\x8c\xb9\xb9\
\x18ZJ\x80\xcf\xd4\xb34c6\xd56\xb5\x08c'\
p\x1b\xd8\xad\x9e\xad\x99q\x17x\x01\xb8\xbf1\xacT\
\x0f\x10\x06\x0ao\xaagk\x86\xbc\xb1X\xfc\xc0\xf6\x82\
8\x7f\x00\x9e\x04^S\xcf\xdaL\xb8\x00\xac4\x0d%\
\xc8\xf1~\x9c\xe8\xf15\xdd\xeb\x83\x92_\xf4Z\x1c\x07\
nY\x80\xc9]\xa1fKU\x05\xae\xbb\x127\x0c\x0c\
O\x00\xc7\x80\x97\x81]\xc0\xa3]\xac2\xd9y\x10\x07\
z\xdf\x00W\x81OS\x13?\xc6\x18c\x8c1\x00\x0f\
\x01\xfa\xad\x86\xe1\xf0)M\xaa\x00\x00\x00\x00IEN\
D\xaeB`\x82\
\x00\x00\x10\xba\
\x89\
PNG\x0d\x0a\x1a\x0a\x00\x00\x00\x0dIHDR\x00\
\x00\x00\x80\x00\x00\x00\x80\x10\x06\x00\x00\x00\x93\xae\xbd\x88\
\x00\x00\x00\x09pHYs\x00\x00.#\x00\x00.#\
\x01x\xa5?v\x00\x00\x06\xa9iTXtXML\
:com.adobe.xmp\x00\x00\
\x00\x00\x00<?xpacket beg\
in=\x22\xef\xbb\xbf\x22 id=\x22W5M\
0MpCehiHzreSzNTc\
zkc9d\x22?> <x:xmpm\
eta xmlns:x=\x22ado\
be:ns:meta/\x22 x:x\
mptk=\x22Adobe XMP \
Core 6.0-c002 79\
.164460, 2020/05\
/12-16:04:17    \
    \x22> <rdf:RDF \
xmlns:rdf=\x22http:\
//www.w3.org/199\
9/02/22-rdf-synt\
ax-ns#\x22> <rdf:De\
scription rdf:ab\
out=\x22\x22 xmlns:xmp\
=\x22http://ns.adob\
e.com/xap/1.0/\x22 \
xmlns:xmpMM=\x22htt\
p://ns.adobe.com\
/xap/1.0/mm/\x22 xm\
lns:stEvt=\x22http:\
//ns.adobe.com/x\
ap/1.0/sType/Res\
ourceEvent#\x22 xml\
ns:photoshop=\x22ht\
tp://ns.adobe.co\
m/photoshop/1.0/\
\x22 xmlns:dc=\x22http\
://purl.org/dc/e\
lements/1.1/\x22 xm\
p:CreatorTool=\x22A\
dobe Photoshop 2\
1.2 (Windows)\x22 x\
mp:CreateDate=\x222\
023-11-07T15:49:\
10+08:00\x22 xmp:Me\
tadataDate=\x222023\
-11-07T15:49:10+\
08:00\x22 xmp:Modif\
yDate=\x222023-11-0\
7T15:49:10+08:00\
\x22 xmpMM:Instance\
ID=\x22xmp.iid:090a\
937d-4be2-284a-b\
863-4087df31df1d\
\x22 xmpMM:Document\
ID=\x22adobe:docid:\
photoshop:b05c20\
1a-b1e3-e24d-b0c\
9-253c0933e4d0\x22 \
xmpMM:OriginalDo\
cumentID=\x22xmp.di\
d:136b1406-a556-\
8043-88a9-bd47ba\
f9e950\x22 photosho\
p:ColorMode=\x223\x22 \
photoshop:ICCPro\
file=\x22sRGB IEC61\
966-2.1\x22 dc:form\
at=\x22image/png\x22> \
<xmpMM:History> \
<rdf:Seq> <rdf:l\
i stEvt:action=\x22\
created\x22 stEvt:i\
nstanceID=\x22xmp.i\
id:136b1406-a556\
-8043-88a9-bd47b\
af9e950\x22 stEvt:w\
hen=\x222023-11-07T\
15:49:10+08:00\x22 \
stEvt:softwareAg\
ent=\x22Adobe Photo\
shop 21.2 (Windo\
ws)\x22/> <rdf:li s\
tEvt:action=\x22sav\
ed\x22 stEvt:instan\
ceID=\x22xmp.iid:09\
0a937d-4be2-284a\
-b863-4087df31df\
1d\x22 stEvt:when=\x22\
2023-11-07T15:49\
:10+08:00\x22 stEvt\
:softwareAgent=\x22\
Adobe Photoshop \
21.2 (Windows)\x22 \
stEvt:changed=\x22/\
\x22/> </rdf:Seq> <\
/xmpMM:History> \
<photoshop:TextL\
ayers> <rdf:Bag>\
 <rdf:li photosh\
op:LayerName=\x22X\x22\
 photoshop:Layer\
Text=\x22X\x22/> <rdf:\
li photoshop:Lay\
erName=\x22Y\x22 photo\
shop:LayerText=\x22\
Y\x22/> </rdf:Bag> \
</photoshop:Text\
Layers> </rdf:De\
scription> </rdf\
:RDF> </x:xmpmet\
a> <?xpacket end\
=\x22r\x22?>rp\x8d\xb5\x00\x00\x09\xb7ID\
ATx\x9c\xed\x9d]N\x1cG\x10\xc7\xbd\x91\x0f\x10\
;'\x08\x1c\xc1\xf85\xc1\x92Q\x0e\x10\xd9\xb9\xc1\xa2\
\x1c \x02?9o\x80r\x80h\xf1\x09\x02\xb9@\xb4\
\x96\xc0\xcf\xc6G\xc07Hr\x04\xf2P\xae\xa0nf\
w\xbe\xaa\xbb\xbag~\xbf\x97\xd2,0[3L\xfd\
\xbb\xaa\xbffqwwwww\xf7\x08\x00\x0cY,\
\x16\x8b\xc5\xe2\xfb}=\x968\xfbp\xed\xe7Q3\x0b\
\x04\x00\xc0\x1e\x11\x80\xab+=\x968{\xf1\xc2\xd3\xa7\
&\xbe\xf2v\x00`J\x84-\xff\xfe\xffV>\xd7\xe3\
r@\x00\x0aE\x1e\x98\xa3c\xb1wwe\xd8\xdb\xdb\
:\xaf\xf3\xe5Kk\xbf\xb7\xf3\xeb\xdb\xe6\xcf\xdfn\xf8\
\xdc\x11-\x01\xb0e[a\xb9\x14\xab\x81\xa8?\xb1\xb6\
\xeb\xb5\xd8\x9d\x1d\x9f\xeb\xd4\x80==\xe9\xe7\xf7?\x7f\
\x8b=:\xf6\xf1[[\xfe6?\xf7\xf7s\xfb\xb7\xd1\
oo\x07\xb0\xfd\xac\x06fZ!\xc8\x1f\xf8\xdb\xaf\xf7\
\xe8x\xbb\xbfz\x1f\x9e<\xf5\xf5Sk\xfe\xb6\xfb{\
u\xe5}_\xd5R\x02T\x86\xfc\xe3>\x7f\x96\xa3\xc3\
\xc34\xdf\xf2\xe4i\x9a\xf3\x0e\xe5\xd3M\xf3\xe7\xff\xfe\
#\xf6\xe0@\xee\x8b\x1e\xe7CJ\x8c\xb8\xe6o\xa3\x9c\
>\x01\x04\xa0R\xe4\x81\x7f\xff^\x8e\xce\xcfm\xcf\xfe\
\xeaG\xdb\xf3\x8d\xe5\xd9^\xf3\xe7g\xbf\x85\x82\xe8\xc5\
\xa6\x9a\xbf\x8d\x02\xfa\x04\xbcS\x10\xec8+hI\xa0\
5\xf0\xd8\x12@\xcf\xe3\x97R\x87\xd7w\xf31\xf4o\
\xbd.\xc3\xaf\xae5\x7f\x9b\xf5\xeb\x13 \x03\xa8\x1c\xf9\
Gj\x0bx\xf6\x9b\xcdY\xb5\x04\xd0N\xc7\xfc\x84\xbd\
\xf7q\x06p\xfc&\xbfGM\x0cm\xf9c\x1c3\x01\
o%\xc5\xdaXA\x03\xd7\xaas\xf0\xf6\xd6\xf7zt\
4B?9=)\xe3>[\xb5\xfc\xfe\x99\x80\xfb\x83\
\x8b\xb5\xb5\x82\xb6\xdcV\x0ff\xbea5A[~\xfd\
\xa4\xb4\x92\xa4ko\x7f_\x9b\x7ft\xc0\xfd\x81\xc5\xa6\
\xb1\x82U&\x90/\x00\x85\xb8\xe6\xcf?\xae\xdf\xecW\
\xaa\x96?\xb6\xf92\x01\xfa\x00&\xcd\xd9\x99\xcdy\xd2\
\xf7\x09\xe8\x8c@9\xd2\x9a\xff\xf3gyP\xcfNS\
}o?\xacj\xfe62\xf6\x09x++6\xad\x15\
\xe2Zz\xac\xb5\x9b($\xa8\xc0\xc4\xa3\x18/_\x96\
q\xffr\xb5\xfc\xf93\x012\x80Y`\x95\x09(G\
G\xb6\xe7\xd3)\xbf*\x04\x97\x17\xf2\x80\xea<\x07o\
r\xb5\xfc1\x192\x01o\x85\xc5\xe6\xb1\x82u&\xf0\
lo\x9c?qg\x9fZ\xff\xa9\xc8\x82W\xcb\x9f/\
\x13p\x7f0\xb1y\xac\x06\xac\xed\x839|B\x8eP\
^g_\xe8_\xaa\xde\xfe\xbe6\xdd\xe8\x80\xfb\x8d\xc6\
\xe6\xb5\xc2je\xfb\x80v\xaf\xd5\x85x\x98\xd2\x7f1\
O\xe8_)-\x7fl\xed3\x01\xf7\x07\x12\x9b\xd7\x0a\
:u\xd8\xea\xc1l\x9f0$l\xea\xec[.\xbd\xef\
K\xe8g)-\x7fl\xed3\x01\xf7\x1b\x8e\xf5\xb1\x82\
u&\xb09\x90\x9b\xbf\xef\xe6\xa3\xf7}\x08\xfd+\xb5\
\xe5\x8f\xad]&\xe0~\xe3\xb1>V\xd8\xd4\x22\x0f\xb5\
\x0fSyaS\xdf\x83\xff0_\xe8g\xa9-\x7fl\
\xed2\x01\x86\x01g\x8a<\x00\xba~\xdej\x11\x91\x96\
\x16\xf1\x84\xa1\xd5\xef\xe1\xf1\xf9\xb9|\xbf\xff0\xdf\xb0\
\xf5\xfc\xde\x18\xee'\xe0\xad\xbcX_+Xg\x02\xf7\
[s5\x7f\xee?\xcc\x17^\x7f--\xbf}&\xe0\
\xfe\x0f\xc0\x96a\x9b\x03\xd6\xda\x966\xccWK\xcd\xdf\
f\x87\xf7\x09\xf0^\x00\x08\x08w\xff\xd5\x94~,:\
\xa7\x7fw\xd7\xe6|\xe3\x91\xeb\xd4\x96\xbf\x96\xd4\x7f\x13\
\xd7\xd7r\x7f\xfb\xbfw\x80>\x00h\xc0z\xea\xf0\xf9\
;\xdb\xf3\x0d\xa7\xce\x9a\xbf\x8d\xe1}\x02\x08\x00\x04H\
K\xa2{\x0cz\xef\xb5\x97\x0a\xaf\xb9\xfd\xa9\xe9\xbfv\
\x00\x01\x80-LG\x00\xa6\xd9\xf2\xc7\xf4\xcf\x04\x10\x00\
\x98\x11Sm\xf9c\xbag\x02\x08\x00L\x9ay\xb4\xfc\
1\xdd3\x01\x04\x00f\xc0\x5cZ\xfe\x98\xf6L\x00\x01\
\x80I2\xcf\x96?\xa6=\x13@\x00`\xc2\xcc\xb5\xe5\
\x8f\xd9\x9c\x09 \x000)h\xf9\x9b\xd8\x9c\x09 \x00\
0Ah\xf9\x9by\x98\x09 \x000\x09h\xf9\xbb\xf0\
0\x13@\x00`\x0bO\xbe\xb69\xcf\xce\xb76\xe7i\
\x83\x96\xbf\x1b\xf7\x99\x00\x02\x00[\xb0Z\x0cd%$\
\x0f\xa1\xe5\x1f\xc2}&\xc0j@\x08\x90\x07C7\xf4\
\xd0-\xbc\xac\xd8\xdd\x95\xe7\xcdn\x8a\xf1\xb4V\xf5\xe5\
\xe6\xfa\x1a\x01\x80G\x8f\x1e\xc5\xaf\xe6\xd2\x17uX\xa3\
;\x10\x1d\xbf\x09\x17\x1d\xd5\x8b\xdc\xb7\xe1\x11$\xf7a\
\xb1\xb0\xf4\xa9\x0f\x08\xc0LH\xb3\xce?\x15\xbae\xd8\
\xe1\xa1\xb7'm \x00\x003\xa6v\x01\xa0\x13\x10`\
\xc6 \x00\x003\x06\x01\x00\x981\x08\x00\xc0\x8c\xe9,\
\x00\xd2\xd9\xb1^k\xa7GY6~\x11E\xdbu\xdc\
\xde\xe6\xf5O_\x83\x0dP\x16\x9d\x05@z+\x0f\x0e\
\xe4\xe8\xf5Obs\xbd\xd9E\xc7\x8f_\xff\xa4\xbd\xa6\
\xa1\xed>\x9e\xac\xdbS\x87\xbd\xafz=\x9fn\xc6\xf9\
w\xfcF\xec\xd3oB\xff\xfc\xdf\x80\x03\xd0\xc8\xd0\x17\
\x0a\x84\xc3\x87\x17\x7f\xe8\xd9\xd2\xd8\xd3\x93\xb1~v\xbb\
\x8e\xbeo\xc8Y\xaf\xf5\xefR\xfb\x87-\xd3\x8e}\xbe\
\xbd\xfd\x1f\xdd\x07 '\xd2\x16\xb4\xde]d\xe5:\xb4\
%\xbf\xfcs\xfbo\x7f\xba\x91\xdf?8\x08\xff\x0e\xa0\
.\x8c;\x01U\x08\xacY.\xa5\x96\xd6\x16:5\x9b\
\x16\xaf\xa8\xc0\x1d\xfc\x90\xc7\x0f\x80\xb4\x98\x09\x80\xb4\x84\
ZC\x9f\x9dZ\x9dW\xd0\xc0O5G];\x07u\
\x8a\xec\xab\xd7\xe1O\xb5\x85\xa7\xc5\x87i\x91l*\xb0\
\xf6\xb6\xcb\x91\xf5\xdcs\xed\x0c\xbc\xbc\xb0:\xa3\xf8\xab\
}\x19\xb1\x00\xd8\x7f\x1fL\x03\x1d\xed\x19\xfa\xf7\xf2\x5c\
Mv*p\xaa\x92\xe0\xf4\xc4\xaa$\x90\xf3h\xc0\xc7\
\x81\xaf\xab\xd6\x08|\x98&\xc9\x04 mI\xa0\x19\xc5\
\xf0\x92 L\xf9W\xbf\x87?\xbd\xbc\x10\xff\xad\xfd\x06\
(\x8bl\xab\x01%\xe0n>\xca\xd1\xb3=\xdb\xb3\xf7\
O\xd1\x9b\xfd\xd1\xde\xfd\xbd\xe7\xb6\xfe\xc1T\xa1\x04\xe8\
\xc5\xe1\xcfi\xce\xdb\xbd$\x08k}\x0d\xfc\xfb\x89F\
i\xfc\x03(\x93l\x02\x10\x96\x04:c\xce\x8a\xf6\x92\
@\x02_w\xbc\x89k\xfd\x83\x1f\xc4\xbfz\xe71\x00\
\x0c\x22\xd7\x8c\xa3\xd8\x0a\x9a\x82\x0f\x9fI\xd5l_\xbd\
\x0e\xbfG\x03>\xfe\xbd\xa3c\xaf\xeb\xc7N\xc3\x8e}\
^\xbd\xfdw\xdb\x11HZdM\xc1U\x08\xac\xd0\x96\
\x5cS\xfa\xf5_b\xb5D8;\x95\xeb\xb6\xceD`\
n\xd4\xde\x07\xe0\xbe%X\x98\x9a\xa7\x9b\xe8#\xd0\xc9\
\x07\xb6 \x00V\x8e$\x1d%\xd0\x8c`\xef\xb9\x5c/\
3\xf9\xc0\x86\xda\x05\xa0\xb0\x0dAR\x8d\x12\x00@\x13\
\xc5\x08\x80(a\xeaQ\x82\xa3_l\xcf\x0bP7\xc5\
\x94\x001iK\x02]\xd4\xc3F\x1d0\x8e\xdaK\x80\
\xc2\x05 \xf5(\x01}\x020\x8e\xda\x05\xa0\x98\x12 \
\x86\x92\x00 =\xc5f\x001i\x97\x17S\x12\xc00\
\xc8\x00\x12\x13\xce\x13H\xf5N\xbb\xd5*\xef\x8eC\x00\
eP\xac\x00\x84}\x00\xf1\x04\xa1\xa1\xbb\xf7n\x82\x92\
\x00\xe6Iq\x02\x10\xae\xd3\xd7)\xbc\x8a\xae\xd3\xd7\x99\
|\xd6Bpt\xcc>\xfe0'\x8a\xeb\x03\xe8\xbaN\
?\xf5(\x81|\xdf\xee\xae\xedyaj\xd0\x07`D\
\xf3:\xfdxQ\xcf=\xa9G\x09\xc4\x9f\xd4k\x13\x00\
|q\xcf\x00\xb6/\x06\xd2q\xfa\xf6T?\xed\xc4\xa1\
\xee~\xc0\xbc \x03\x18\x88\xdc8]\xa7\x1f\x07\xfe\xe1\
\xe1\xb0\x80K\xb5\x96@3\x13\x80i\x91]\x00\xc2\xda\
=\xde\x8cS\xd7\xe9w\x7f\xd7\x9fBI\x00\xd0\x9f\xcc\
\x9b\x82\xea8\xbb\xa6\xea\xda\xdb\xff\xfe\xbd\xf8\xa1/\x1f\
\xb5\xfa>J\x02HK\xed%@f\x01\xd0\x97i\xea\
0[\xba9\xf9\xe1p\xa2\xce \xb4\x82Q\x02\x10j\
\x17\x80\xe4%@\x98:\xc7\xe3\xeb\xfa\xe2\x0d\xfb\xc58\
r^\x15\x98T%\x81v^\x02T\x8af\x00\xd6V\
\xd0\x00\x897C\x5c\xadR}\xefv\x7fRmB\xfa\
l/\xf7\xf5`\xcb\xb0c\x9f\x1fo\xff\xcd3\x00i\
\x19\x97K9\xda\xd4iv\xfe\xce\xfa{\xbb\x91j\x13\
PF\x09\xa0N\xcc\x04 \x0c\xfc\xd5j\xfbo\xe7\xdf\
\x7f_\x14OW\xfb\xd9\xaf%\x90\xebo\xbbn\x80\xb2\
\x18-\x00a-\xdc5\x00T(\xa6\xc6rI\xdf\x00\
TE\xbfZG\x87\xd3\xf4\x01\xd7\xde\xf5\xa15\x90\x0a\
F\xba\x1aZ\xd0\xceGM\xd5\xad\xfb\x006\xd9\xfb\xa9\
\xcd^5\x1e6\xad\x1d\xfb\x9c\xb8\xfb\xdf\xed\x025P\
s\x05\x8e\xda\x9d\x9da\xff\x10\x0d\xf8\xdc\xfe\xb6\xd9\xfc\
\x9d\x9f\xd8\xb4v\xecs\xe1\xed\xbf\xfbZ\x00\x80\x9aa\
\x1e\x00\x00T\x0b\x02\xd0\x13Q\xfc\xef\xbe\x13{u\xe5\
\xed\x0f\xc0\x18\x1e{;P:\x12\xe8\xdf\xef\xcb\xd1\xaf\
o\xc5\xee\xef{\xf9\x03`\x09\x02\x10A\xc0\xc3\x9c\x98\
\xbd\x00\x10\xf00gf'\x00\x04<\xc0=\x93\x17\x00\
\x02\x1e`3\x93\x13\x00\x02\x1e\xa0;\xd5\x0b\x00\x01\x0f\
0\x9c\xea\x04\x80\x80\x07\xb0\xa3x\x01 \xe0\x01\xd2Q\
\x9c\x00\x10\xf0\x00\xf9p\x17\x00\x02\x1e\xc0\x8f\xec\x02@\
\xc0\x03\x94Cr\x01 \xe0\x01\xca\xc5\x5c\x00\x08x\x80\
z\x18-\x00\x04<@\xbd\xf4\x16\x00\x02>d\xec\x8e\
0\x00\x9e\xb4\x0a\x00\x01\x0f0]\x1e\x08\x00\x01\x0f0\
\x1f\x1e\x13\xf0\x00\xf3\xe5\xcb\x9e\x80\xba)\xa9\xdb\xe6\xa4\
\x00\xe0\xc0W\xb2-\xf1\xf5\xb5\xd8\xfd\x17\xf2\xf1\x8b/\
\xf6\xc3\xb5\x9bg\x00\x90\x9c\xd6\xf7\x02H\x89\xa0%\x81\
\x96\x08Z2\x00@\x1f\xbc\xdf\x03\x10\xd3\xba-8\x19\
\x02\xc0t\x19\xfdf\xa0\xb9g\x08\xa5):@\x1fF\
\xbf\x18\x84\x0c\x01\xa0^\xcc\xdf\x0c\x84 \x00\xd4C\xf2\
W\x83!\x08\x00\xe5\x92\xfd\xdd\x80\x08\x02@9\xb8\xbf\
\x1c\x14A\x00\xf0\xc3]\x00b\x10\x04\x80|\x14'\x00\
1\x08\x02@:\x8a\x17\x80\x18\x04\x01\xc0\x8e\xea\x04 \
\x06A\x00\x18N\xf5\x02\x10\x83 \x00tgr\x02\x10\
\x83 \x00lf\xf2\x02\x10\x83 \x00\xdc3;\x01\x88\
A\x10`\xce\xcc^\x00b\x10\x04\x98\x13\x08@\x0b\x08\
\x02L\x99\xff\x00\x07u\xf2\x1c\xed\xc6\x01\x9c\x00\x00\x00\
\x00IEND\xaeB`\x82\
\x00\x00\x01\xb0\
\x89\
PNG\x0d\x0a\x1a\x0a\x00\x00\x00\x0dIHDR\x00\
\x00\x00\x80\x00\x00\x00\x80\x08\x06\x00\x00\x00\xc3>a\xcb\
\x00\x00\x01wIDATx\x9c\xed\xddAj\xc30\
\x14@A\xb9\x04\x94\x03\x94^6\xa7\x0ed\x11\xad\xda\
#$\xb8\x9bVofo\xe3/=\x84w\x1a\x00\x00\
\x00\x004\x1c\xefL9\xe7\xfc\xd6\xc3\xff\xb3\xd6z\xb9\
\xbf\x1f\xf5E\xaa\x13@\x9c\x00\xe2\x04\x10w9;\xfe\
s\xad-V\xee\x18{\xfc\xdf\xcey=\xf5\x9c\x13 \
N\x00q\x02\x88\x13@\x9c\x00\xe2\x04\x10'\x808\x01\
\xc4\x09 N\x00q\x02\x88\x13@\x9c\x00\xe2\x04\x10'\
\x808\x01\xc4\x09 N\x00q\x02\x88\x13@\x9c\x00\xe2\
\x04\x10'\x808\x01\xc4\x09 N\x00q\x02\x88\x13@\
\x9c\x00\xe2\x04\x10'\x808\x01\xc4\x09 N\x00q\x02\
\x88\x13@\x9c\x00\xe2\x04\x10'\x808\x01\xc4\x09 N\
\x00q\x02\x88\x13@\x9c\x00\xe2\x04\x10'\x808\x01\xc4\
\x09 \xee\xf4\x8d!\x9b\x5c\xb41\xbe\x1e\xb7?\xf0\x15\
\xbfw\xff<\xf7\x0a'@\x9c\x00\xe2\x04\x10'\x808\
\x01\xc4\x09 N\x00q\x02\x88\x13@\x9c\x00\xe2\x04\x10\
'\x808\x01\xc4\x09 N\x00q\x02\x88\x13@\x9c\x00\
\xe2\x04\x10'\x808\x01\xc4\x09 N\x00q\x02\x88\x13\
@\x9c\x00\xe2\x04\x10'\x808\x01\xc4\x09 N\x00q\
\x02\x88\x13@\x9c\x00\xe2\x04\x10'\x808\x01\xc4\x09 \
N\x00q\x02\x88\x13@\x9c\x00\xe2\x04\x10'\x808\x01\
\xc4\x09 N\x00q\x02\x88\x13@\xdc\xf1\xce\xf8s\xce\
M\xee\x07iYk\xbd\xdc_'@\x9c\x00\xe2\x04\x10\
'\x00\x00\x00\x00\x00\xd8\xde\x18\xe3\x07\xfeu\x10h\x87\
[\x0f\x91\x00\x00\x00\x00IEND\xaeB`\x82\
\x00\x00\x05\xdf\
\x89\
PNG\x0d\x0a\x1a\x0a\x00\x00\x00\x0dIHDR\x00\
\x00\x00\x80\x00\x00\x00\x80\x08\x06\x00\x00\x00\xc3>a\xcb\
\x00\x00\x05\xa6IDATx\x9c\xed\x9d\xbdn$E\
\x14\x85\x8fw\xc1\x04\x88`Rv\xa3\xe1\x11\x06\x02D\
j\xf2]\xb0y\x04o\x0c\xc9\xf0\x08XD\x08\x12\xef\
#\x8c\x83\x85x\xfd\x08c!\x11\x90\xac\xc6\x11+2\
;\x80\x00L`\xd4R\xb5UjM\xd7\xad\xbf\xe9\x99\
\xe9s>\xa9d\xc9\xee\xee\xe9\xaa\xfbu\xf5\xed\x9a\xea\
2\x84\x10\xc4\x1c\x18U?\x04\xf0\xcc\x95O\x01|\xe8\
~'v\x97\xbf\x01\xfc\x01\xe0W\x00\xaf\x00\xfc\x02\xe0\
.\xe7l\x9f\x03x\x03\xe0^e\xafK\x13\xc3/R\
\x02\xff\x18\xc0\x99\x82>\xbar\xe6bk\xa2\xe0\x8f[\
\x82 \xc7j\xa4\xd1\x97c_\x00?\x09l\x92\xbb\x15\
\x80\xa7J\xf0F\xcd[\x00\xd361|\xe4\xd5\xf4D\
\xc1\xa7\xe0\x09\x80\xaf\xda\x8a\xfa\x02<co\x19\x22\x1e\
b\xed\x0b\xf0\x09{\xab\x10\xf1q[U?\x07\xf8\x07\
\xc0{\xec-C\xc2]\x1bk_\x80\xfb\xc8\xba[\xa3\
\x87b\xbb$\xc5\xf1\x91\xbd\x9d\x183\x12\x80\x1c\x09@\
\x8e\x04 G\x02\x90#\x01\xc8\x91\x00\xe4H\x00r$\
\x009\x12\x80\x1c\x09@\x8e\x04 G\x02\x90#\x01\xc8\
\x91\x00\xe4H\x00r$\x009\x12\x80\x1c\x09@\x8e\x04\
 G\x02\x90#\x01\xc8\x91\x00\xe4H\x00r$\x009\
\x12\x80\x1c\x09@\x8e\x04 G\x02\x90#\x01\xc8\x91\x00\
\xe4H\x00r\xde\x19\xb0\xfa'nu\xaa\xe6\xe7,\xb0\
\xdd\xa5+\xd7\x00.\x06<?zb\xd7\xc7Ka\x02\
`^\xb8\xf6\xdewN\x9cX^WZ\xebo\xe5\xce\
}\x9e\xf0\xf9\xd3-\xad38\xf7\xce!;\x8e\xb5\x05\
8\x0d\x1cc\xe1z\x02\x9f\x99\x0bvL%c\x98\x18\
\xc7\xcb\x11\xe2T\x02\xd8L\x8c\xab\xb0\x1b\xf8u\x8d\xb8\
\xec\xd9w\x99\xd8\x1b \xa2\x07\xf2\x83:u\xdb\xdf\x04\
\xb6\x0f\x9d\xc3:\x01\x16=\xe2\x84.\x90\xa6\x9c\xf7\x1c\
\x7f\x9d\xd4;#\xc0$\x10\xbc\xa6\x1c\x19\xfb\xfb\xc7Y\
\x05\xae\xc4\x14\x09\x8e\x12\x04\xf0??$q\xdf9t\
\x05\x08\xd57G\x80\x96Y\xa7}vB\x00+\xf8\xa9\
]x(p)\x12X\xddr_\xb7>1z\x82\xd7\
\xc6gY\xf5-\x11\x00N\x82\x9d\x12`a\x04,\x87\
\xd0U\xb8\x8c<^\xae\x00H\xbc}\xf8\x9f\xb5N\x8e\
.\xa5\x02\xc0mS$@\xadq\x80\xb9qo\x7f\x99\
y\xdc\xd0\xf2\xe6\xb3\x8c^%\x95Kc\xfb\xbe.>\
\xb7\xbe\xa9\x98\xcb\xbf[\xd4\x10`\x12\x11\x88\xdc\xe7\xf9\
&\x00\xb7\x81\xbf\xa7>\x22\xa6rml\xdf'\x80%\
N\xcd\xf3\xbb*9@\x0d\x01N\x9d\x04}\x5cE4\
d\x08\xab17\xd9\x0b\x84\xe4CO\xbd\xaf\x22\xf6\xab\
I5\xd9rr\x00+Q\xbawWi\x091\x03I\
!\x01Kr\x80\x98v\xc9\xa5F\x0eP\x1c\xc7\xd2\x1e\
\xe0\xc8h|T\xb8\x1abz\x0fkl!\x97M\xd7\
m\xeb\x94\x0a\x10\x1a\xd3o)\xbaGE\x0a\x10;\xbe\
\x90\x8a\x95_\xec\xfdw\x155z\x00\x8b\x92\xfb?\x22\
\xf7\x8f\x111\x07\xabg\xa1\x17 \xa6\xe1K\xbb\xc9\x98\
\xfd\xa7\x11\xddu*\x13#?\xb8\x180\xdb\xdf\x18%\
\x02\xc4>~\x0du\x9f\xac)@;\x14\xdcw\xcc\xe6\
\xb6\xf6\xa2\xe2\xe7m\x8d}\x99\x10\x12\xdb\x0b\xd4`\xee\
F.\xfbz\xb7\xe6\xca\xff|\x0c\x09 \x06\x9e\x10R\
\xc2\xed\x06\xba\xf8\x96\xf3\xc8G\xae+7\xf26\xaaI\
*\xfb\x22@\x0c\xb5\xaf\xc8K\xef\x1e\xffr,W|\
\x97\x12\x01\x86l\x90\x98\xee=\xf7|^\x0c8v\xbf\
s\x94\xe4\x00\xb7\x91\x8d\xbe\xa9\xae\xbb{.\xa5\x8f\x9b\
\x94\x94&\x811\x83<\xa5\x02\xc4\xec\xaf\xe0gR*\
@\xccspiv\x1e\xb3\xff\xde?\x8fo\x8b!\x04\
(\x1d\xa5\x8b\x11@\xd3\xc73\xa9q\x0b\xb0n\x03\xa5\
\xb7\x00K\x80\x98s\x10=\xd4\x18\x08\xb22\xe8\xd2/\
j\xac\x1e\x846\x83\xafA-\x01BI\xd8\xac \x0f\
\x98\x18\x02]K\x802j\x0d\x05[\xe3\xe2\xb9\xdf\xd7\
\x9f\x18\xb7\x90Q\x8c\xc7o\x93Z\x02\x5c\x1a\x13\x14\xad\
Y7}\x84\xc49S\xf6_\x97\xd2i\xe10\xa6\x86\
\xa7\xce\xdd;\x09\x1ck\x91p\x1ckJ\xd8\xa6g\x16\
\xf7aM\x09\x8b\x99Z\xbe\x8e\xec8\xd6\x10\x00\xc6\x5c\
\xfe\xd8G\xc2i`\xaeaj\xc3Xo\x06\x95\xceY\
\xcc\xc5\x9a\xeb\xb8\xb7\x02 \xf0R\xe6M\x84\x04\xdd\xd7\
\x9eJ\x83\xb5\xa9\x86.\xc5z\x8b\xf9&3y\xde\x09\
\x01\xe0\xba\xf0\xbe@\x9e\xaf\xc9\xeeCo\x07\xaf2\x12\
\xc9\x94\xb7\x83\x17\x1b\x9cV\xd6e\xea\xbd\xd1c\x95e\
\xc6c\xf4\xce\x08\xd027\xde\x19\x0c\x95U\xc6=\xba\
\xc6\xfa\x00\x9b\xa0\xf4\x9c\xee#\x93\xe9\xa4:\x1etv\
\x8c\xe1 r\xbb.\xfe\x1c\xbby\xe0\xf1\xee[\xf7\xf3\
B_\xf2d\x91\x14\xc7!\x05\x10\xc3\x90\x14G-\x12\
E\x8e\x04 G\x02\x90#\x01\xc8\x91\x00\xe4H\x00r\
$\x009\x12\x80\x1c\x09@\x8e\x04 G\x02\x90#\x01\
\xc8\x91\x00\xe4H\x00r$\x009\x12\x80\x1c\x09@\x8e\
\x04 G\x02\x90#\x01\xc8\x91\x00\xe4H\x00r$\x00\
9\x12\x80\x1c\x09@\x8e\x04 G\x02\x90#\x01\xc8\x91\
\x00\xe4H\x00r$\x009\x12\x80\x1c\x09@\x8e\x04 \
G\x02\x90\xe3\xff\xcf\xa0\xbf\x00|\x10\xd1\x1c\x9bZE\
K\x0c\xc7]\xfbI~\x0f\xf0\xa7\x02@\xc3C\xac}\
\x01~co\x15\x22\x96mU}\x01~fo\x15\x22\
\x1eb\xed\xaf\xf9w\xe8V\xe6|\xca\xde:#\xe7-\
\x80\x8f\x00\xfc\x8bN\x0f\xd0$\x06\xdf\xb0\xb7\x0e\x01_\
\xb7\xc1ox\xdc\xa9\xef\xef\x00\xde\x07\xf0\x19{+\x8d\
\x94\xef\x01\xfc`U\xad\x91\xe2\xc7J\x8b\x1b\xab\xecN\
\xf9i\xcd\x05\x1f\xe4K\x00o\x14\xc0\xbd/M\x0c\x8f\
\xfb\x02m-\xfc|\xe8\xd6\xe9\x7f\xee\xd6\xd3\x7f\x02\xe0\
]\xce\xdeso\xf8\xcf%z\xcd\xffR|\xe5V]\
\xbf\x1bI\xdd\x84\x10\xf5\x00\xf0?\x07\xc4/<\xfd\x8c\
\x99'\x00\x00\x00\x00IEND\xaeB`\x82\
\x00\x00\x0a\xa7\
\x89\
PNG\x0d\x0a\x1a\x0a\x00\x00\x00\x0dIHDR\x00\
\x00\x00\x80\x00\x00\x00\x80\x08\x06\x00\x00\x00\xc3>a\xcb\
\x00\x00\x0anIDATx\x9c\xed\x9dk\xac]E\
\x15\xc7\x7f\xa7\xd7\x16(X@\xac\xafV\x10\x85P#\
\x02\x02\x8a\xd1D\xda\x02*B\xab\x08\xa5\xb51P\x1f\
\x88\xc4\xb4\x16?\x18cH\xfc\xe0#\x01L\xda\x80\x1a\
ABj\x94\xa7\xb4&\x90\x0aj\xd2\x96h\x10\x0b\xb6\
\x85*\xa5\xe1\xaa\xa4* \xd7\xcaC\xc0b\xa9\xdb\xcc\
=\xff\xe2\xe5\xf6\xbe\xf6\xcc\xec5\xb3\xf7\xd9\xbf\xe4\xa6\
|`f\xcd\x9e\xb5\xce<\xd7ZCKKK\x0f\xd3\
\xf1\xfd\xf4\xa2\xc8\xbe\xd3\xa6\x00o\x07\x8e\x05\x8e\x06\x8e\
\x04\x8e\x00\x0e\xd3\xdf\xfe\xc0A\xc0d`7\xf0\x1c\xb0\
\x0b\xd8\xa9\xbf\x1d\xc0\x9f\x80~`+\xb0\x0d\xf8O\x06\
\xdf5*\x1d\x0fm6\xc9\x00\x9c2\xe7\x02\xb3\x81\xf7\
\x01'J\xb9\xb1pF\xb2\x09\xb8\x07\xd8\x00\xac\x93\xd1\
dC/\x1a\x80\xfb%\x7f\x1c8\x178U\xbfj+\
^\x94!\xac\x06\xd6h\xd4HJ\xaf\x18@\x1f\xf0!\
\xe0\x22\xe0\xac\xc8\xbfr_\xdc\xe8\xb0\x16\xf8\x01\xf0s\
`O\x8aF4\xdd\x00\x0e\x04>\x0d,\x07\xdej.\
}\xe2\xb8u\xc3J\xe0z\xe0yK\xc1M5\x80\x03\
\x80K\x80\xaf\x00\xd3\xcd\xa4\x863\x00\x5c\x0e|\x0f\xf8\
\xb7\x85\xc0\xa6\x19\x80k\xdb'\xd5\x89o\xac\x5cZu\
<.\xe3\xfd\x91\xeb\xb6*\x055\xc9\x00\x8e\x03\xae\x01\
\xde[\xa9\x14[\xee\x05.\x06\x1e\xacJ\xaa\x8f\x01L\
\xaa\xa2!\x01\xb8\xbd\xfb7\x81\xfb\x1b\xa6|\xf4=\xbf\
\xd3\xf7M\xc9\xa0=\x83\xe44\x02\xcc\x02n\xd0\xfe\xbd\
\xe9l\xd2\xf4\xb6-\xe6w\xd6y\x04X\x04\xdc\xd7#\
\xcaG\xdf\xe9\xbe\xf7\x13\xa9\x1b\x92\xda\x00\xdc\x9e\xfe\xdb\
\xc0M:\xc9\xeb%\xdc\xb6\xf6F}\x7f_\xaa\xefN\
9\x05\x1c\xa8!\xff\xa3\xc15\xd5\x9f\xdb\x81\xc5\xa1\xe7\
\x06u\xda\x05\x1c\x0a\xfc\xac\x81\x0b\xbd\x10~\x0b\x9c\x09\
<\xe5[G]\x0c\xc0\x1d\xe6\xfc\x028\xc1\xbb\x86\xe6\
\xf2\x00p\x86\x0e\x91JS\x07\x038D\x17(\xc7\xfb\
\xca\xed\x01\x1e\xd4\x8df\xe9\x91 \xf7]\xc0T\xe0\xae\
V\xf9\xe3\xe2\x0e\xc1\xeeT\x7fU\x8e\x95\x01\xf4i\xa5\
\x7f\x8a\x91\xbc\xbas\x8a\xfa\xab\xf2\xdd\x81\x95\x01\x5c\x09\
\xcc7\x92\xd5\x14\xe6k\x8bX)\x16k\x80E\xb2\xe6\
\x16?\x16O\xb4\xffr\x5c\x04\xce\xd2\xf9\xb7\xc9|\xd6\
P^\x00N\x02\x1e\x1e\xef\xf3r[\x04N\xd1AO\
\xab\xfc0\xa6\xea\xc4\xb0\x92\x0b\xa4*\x0d\xe0k=t\
\xb6_5\xefR\x7fF\xa7\xaa)\xe0x]v\xe4\xe0\
\xaf\xd7\x14\x9c\xdf\xe1{\x80-\xa3}O.S@G\
\xce\x1c\xad\xf2\xe3\xe2\xfa\xf3\xda\x90\x1f\xedHTa\x00\
\x17\xb4\xfb\xfd\xcax\xb7\xfa7\x1a\xb1\xa7\x00\xe7\xc0\xf9\
\x080#\xa3Nk\x1a\x8f\x01G\x8d\xe4h\x9a\xc3\x14\
\xf0\x85V\xf9\x95\xf3&\xf5s\x14b\x8e\x00\x07\xc9'\
\xbeN\xae\xdbue@\xb1\x11\xaf\x08M\xf3\x19\x01^\
\x15\xb1\x03>\x95\xaf\xf2'\xe9\xf6y\xb6\xfe=\x06\x98\
)\x9f\x94\x83\x81g\xe4\x8b\xf1W`\xbbne\xd7k\
\xc1\xfd\xdf\x0c\xda\xbf\x0f\xd3\xd5\xdfW\x87V\x14k\x04\
\x98\xa4\x9e;*\xb4Aqq\xc7\x10K\x80\x85\xc0\xeb\
<j~\x12\xb8\x05X%?\xce\xac\xe8\x97%\xbfl\
\xa1>#\x807\xce\x00\x86\xfc}\xa4((\xf2\xf9\x9b\
S\x14\xc5\xba\x22.\xebToN\xdf9\xd8\xef/\xeb\
\xc1\x87X\x8b\xc0\x8b\x0cmo\x0c\x8e\x90{\x9d\x8b\xdc\
\x9e\x13\xb9\xee9\xaa\xf7\x0e\xc9\xc9\x82\xcf\x866\x22\xc6\
\x14\xf0ZmM\x12\x1f\xfc,\x00\xae\x03\xa6\x19\xc8z\
V6\x7f\xab\x81\xac1\xd9\xad\xb0\xb9\xc1\xd0\xf4T\xdb\
\xc0s\xd2*\xdf\xf9L\x5c%eX(\x1f\xc9\xb9E\
r\x93yt\xa3~?'\xa4\x82\x18\x06p^\x84:\
<q\x17d7\x03K\x13\xc9_*\xf9I#\xbd\x16\
\x84\x14\x0e\x9d\x02\xdc\xde\xff\x1f\xc0~!\x8d\xf0\xa3O\
\xb7\xcd\x0b\xedE\xef\xc3O\x14\xe4\x93$/\xc4\x8b\x9a\
\x86\x9fK1\x05\xccI\xa3|\xc7\x8aL\x94\x8f~\x84\
+R\x09\xdfO\x07\x1c^\x84\x1a\x80\xb7\xe00\xceO\
8\xec\x8f\xc6\xd2\x94\x06\xe9\xbd\xe5\x095\x80\xf7\x07\x96\
\xf7`\xa6R\xf1\xe4\x88\xbb\xad}s\x8avy\xeb!\
\xc4\x00&\xcbS\xc5\x98\x95\x86\xab\xfd\xb2LK5\x15\
\x9c\xe8;\x15\x87\x18\xc0;\xec\x97\xbf\xb3\x95\x11.g\
\xceM13NVR\xcc\xd2\x84\x18\xc0\xb1q\xda^\
\x86\xcb\xecE\xd6\xa7\x9d^\xfa\x081\x80\xa3\x03\xcaz\
p2p\x9a\xadHoN\x93'\xb7)^\xfa\x081\
\x80\xb7\xd8~_TO(\x03.\xb4\x16\xe8\xa5\x8f\x10\
\x030\x5c\xeeNR\x80Q\x9dXd\x9d\x80\xc5\xeb\x86\
*\xa4\x85\x86\xb9\xfbN\xa8\xa1\xa3\xd1t\xeb\x14\x08o\
\xf0)\x14b\x00\x87\x06\x94-I\xec\xab]+L\xdb\
}\x88O\xa1\x10\x030\xcc\xcc]\xd7\x00\xa3\x93-\x85\
y\xe9#\xc4\x00\x0e\x08([\x92Yv\xa2\xa2r\x8c\
\xa50\xaf\x18\xcc\x10\x030<\x04\xaa\xab\xa7\xf9\xeb-\
\x85y\xf9d\x84\x18\x80\xe1\xf3)\xaf\xb1\x13\x15\x95W\
[\x0a\xdb\xedS(\xc4\x00LR\xa0w\xa9k\x98\xa1\
\xa9\x01\xbc\xe0S(\xc4\x00v\x05\x94-\x89\x97qg\
\xc0\xbf,\x9b\xe0\xa5\x8f\x10\x03\xf0NhX\x9e\x7f\xda\
\x89\x8a\x8a\xa9\x01<\xedS(\xc4\x00\x9e\x08([\x92\
\xbf\xd9\x89\x8a\xca\xdf-\x85y\xe9#\xc4\x00v\x04\x94\
-\xc9v;QQ1m\xb7\x97>B\x0c\xe0\xd1\x80\
\xb2%\xd9l'**\xa6\xed\xfe\xb3O\xa1\x10\x03x\
$\xa0lI~m'**\xa6\xed\xf6\xd2G\x88\x01\
\xfc>\xa0lI6\xca\xfb\xbcN\x0c(\x01\xb8\x19^\
\xfa\x081\x80\x87\xec\x0e\x83\xf6(\x00\xa3N\xdcl\x19\
'\xb0\xdb\xf7\xf9\x99\xd0\x93\xc0Q3V\xc5\xe7\x87v\
\xa2\xa2`\xda\xde\xcd\x0a\x10)M\xa8\xc7\x82\xe1$w\
\xbf\xa2s\xeb\xc0:%H5\xc3[\x0f\xa1\x06\xb0\xc1\
V\x1b_\xb7\x15\xe7\xcd7\xac\x05\xae\xf7-X\xc3\xd8\
\xc0\xd5z0<W\xd6X\xbb\xae'\x8d\x0dtI\x8a\
\xee\x0e\xac\xa3$\xcb\x15\x9f\x9f#\xae]\x97Z\xb7\xeb\
\xee\xe1\xc9\xa2\xca\x10\xc3k\xf1\xb6\x08u\x94\xe0/\xc0\
\xe7lEN\x98\x8bm\x0fH\xbb\x04\xf5\x7f\x8d3\x84\
\x5c\x95Y\x80\xe8wR\xb4g\xb7\xf2\x06\x0e\x1e\x92\xa4\
\xca\x10\xe2\x84\xaf\x8dPOI.U\x5c~\x0e\xac\xd6\
\xd4d\xce\xda\xd0\x13\xb2X\x8e\xeb\xd7\xd9\x7f\xfb\x1e=\
\xbfk<\x03\xed\xc3mz\xd4#Ir\x88\xe00\xe9\
Xy\x02\xfb\xf4\xa2E\x82<\x81}\x8a\xc8M1\x1d\
\x5c\xad\x91(\x89\xf2\xa3\xe4\x09\x8c5\x02\xec\xd1\xa4\x9c\
\x00'z\x99R\xb4X\xed\x0e\x9e\xd5\xaf~Y*\xe5\
\xa3\xfe\x0eNc\xda\xb0\x5c\xc1G\xeaWyV\x852\
\xd6j\xb4\xf1\xba}\x8dE\xb4\x5c\xc11\x83\xd7\x5cc\
\xae\x88X\x9f\x07N)g+:\xd7\xfbpl\x14\xd6\
\xab\xde\xb3S+\x1f\xf5\xb3\xf7\xde\x7f(U\xbc\x17\xd0\
\xaf\xadI\x06\x9c\xa4\x5c\xc1nz8\xcc\xa39;\xf5\
b\xdb*\xeb\xb3\xfd\xb1x\x1cx[\xac\xf7\x02\xaax\
3\xe8B\xf5XF\xf4)P\xf3T\xfd;kH\xb6\
\xf0i\x9a\xd3\xf7f\x0b\x7fX\xd9\xc27\xe8\xb23\xd9\
\x1c?\x1aKF\xbbj\xcc\xc5\x00\x5c\x9d\xf7\xea\x81\xa3\
\x96\xb8\xdc\xa7'\xf7G\x5c\xfc\xe5\xf4pd\xfbjX\
|^\xd2\x9bA\xd9\xbf\x1a\x86\xc6\xd0++\xaa\xbbW\
\xb9\xa2\x0a\x07\x9c*\x9f\x8e\x9d\xa2\xa9 A*\xb9\xc6\
\xb1E/\xb1\x8d\xe9\x82\xd7\xbe\x1d\xdcL\xdc\x85\xcfq\
u|;\x185:\xf8Q\x83\x1eg\xc9D\x94\xef\x8b\
E\x16\xa3\x9b\x94\xde\xb3\xa5<+\xf5pteT=\
\x05\xec\xa5O\xbeR\xf3[#\x980\xb7\xcb\xf7m\xc2\
\x07\x119\xae\x01\x862U\xee\xb2\xed\xb3\xb2\xe3\xe3\x22\
J\xe6\x96\x8d\xf9\xcf\xdd\x00Pf\xb1\x0dZ\xd4\xb4\x8c\
\xccV%\x1b.\x1d\x13\x9f\xe3\x22p8.\xa7\xc0\xe9\
:'h\xd9\x97\x07t\xe3d\x96\x10\xc1\xda\x00\xd0U\
\xe6\x1c\x9d\x14\xb6\xfc\x9f\x8d\x1a\xf6\x07,\xfb$\x85\x01\
\xa0\x91\xc0\x19\xc1/\x13\xc9\xcf\x8d;\xa4|\xf3T(\
\xa9\x0c\x00]\xbf\x9d\xa9mb/\xb3RO\xbf=\x9f\
\xa2\x0fR\x1a\x00\xda\xe2,N\xe7N\x96\x94]\xfa\xf6\
dN\x85D~=<\x84/\xaa\xec\xb2L\xdaS5\
\xfd:\x13\xf1\x0a\xe9\x8eI\xea\x11`(\xcb{d:\
\xb8Q\xaf{$W>\x09\xce\x01\xc6c\x7f\x9d\x134\
\xf1\xb0h\x8fb\xda\xae\xafJ@\x1d\x0e\x82&\xc2t\
%\x038\xbc2\x09\xf68\xff\xbd\x0fV\x9dO\xa1\x0e\
\x07A\x13a@\xae\xb7\xcfd\xd86\x1f\x9e\x963b\
\x96\x99\xaer4\x00t\x1czA\x8e\x1e\x99%\xd9\xa9\
\x93\xbdl\x0f\xbdr5\x00t\x1b\xf6\xe5\x0c\xda\xe1\xcb\
\x80\x0ew6\xe5\xdc\xc8\x1c\xd7\x00\xc3\xf9\xbe\x02\xef\xeb\
\xc4\x13\xfa\xe5?d\xd9\xe6\xa6,\x02\x87\xe3|\x0b\xef\
\xd4\xaf\xa9\x0e<\xa6\xb6\x9a\xe7\xb7m\xaa\x01\xa0k\xe4\
\x8di\xa2\x8fK\xb1C\xbf\xfc\xfe\x14\xc2\x9b\xb2\x0b\x18\
\x89\xa7to\xe0\x95\x12\xdd\x88Gu\x8f\x9fD\xf9\xbe\
\x04\x8c\x00\xb6C@\x97\xce\x5cM\x07\xc6\x8fV\x8f\xcb\
\x1f\xbb\xc3~a\x9e h(\x1d\x8f!\xa0.#\x80\
(\xd6ex_\xb0\xbd\xbb\xcfO\xab|_jf\x00\
\x8e\xe2\x9aT\x8f\xf4\x8f\xc0\xb6\xae_CQ\xd7\x17-\
\xea6\x05\xec\xa5\xe3\xbc\x8c\x7f\x0a\xccK\xd8\x88\xad]\
\xf7\xb6\xe2\xc9\x84mx\x05>S@M\x0d\xc0\xd19\
\x18\xf8\x15\xf0\xce\x04\xc27w\xcf\xf6\x8b\xacr\xd8\xf7\
\x98\x018:\x87\xeb\xe2\xc82-\x8d\x0bu;\x03\x0a\
\xc3G\xb3&F\x0f,\x02\x873\xb8\xf0\x9a\xe7\x9b*\
\xdd\x83\xdft\xf7\xf9\xf9)\xdf\x97\x9a\x1b\x80\xa3pA\
\x14\x9fq\xffQ\xb1 w\x9b\xf7a(\x9arK9\
H\x03\x0c\xc0Q\xdc\x00|\xabB\x01\x1b\xa4\xfc\x5c\xb3\
T{S\xf35\xc0P\x06'@\xf7N\xcb\xf9\x91+\
v\xae\xeb\x1f\x83\xc2\xebiVKzp\x118\x9cN\
\xec\xf8\xc3\xbb\xba.\xdb\x85\xe13\xb9\xfe\xb4\x060H\
g\x862\x93\xcc\x0c\xac\xc8\x05k\x9c\x07\x85\xe1+\xe9\
a\xf4\xe0.`$\x06O\xe5\xe6\xf9\xbe\xa6-\xd6\xd4\
M\xf9\xbe4\xd0\x00\x1c\xc5\x16e\x87\xf4\x19\xa6n\x05\
\x16\xf6\x82\xf2i\xae\x018\x0a\xe7R\xf6\xd5\x92\x85~\
\xdc\x8d\xd6)^\xaa\xa8Q\xd9\xd1\xc05\xc0p:\xab\
\x94\xbdt<Vu\xf3\x19\x15\xb5uDm\x17\x81#\
\xd2\x99\xa2\xad\xdc\x07\xc6\xf8\x9f\xae\x05>o\xee\xe7\x14\
\x99\xd6\x00F\xa5\xe3\xee\x0a\xee\x19\xc5\xa5\xec\xbb\xdd\xfc\
\xef\xf5V>\xed.`,\x8a\x81\xeea\xce>\xc1&\
+\x9a\xa2|_z\xc4\x00\x1c\xc5\x1f\x80\x05C\x82M\
.\x87\xe2K\xbd\xac|zg\x0a\x18J\xe7\x12`\x06\
\x14\x97\xe5\xd3\xa68\xf8L\x01-----\xbd\x09\
\xf0?kWs\xdc\x8a\xaf\xe0M\x00\x00\x00\x00IE\
ND\xaeB`\x82\
\x00\x00\x07\x99\
\x89\
PNG\x0d\x0a\x1a\x0a\x00\x00\x00\x0dIHDR\x00\
\x00\x00\x80\x00\x00\x00\x80\x08\x06\x00\x00\x00\xc3>a\xcb\
\x00\x00\x07`IDATx\x9c\xed\x9d[\x88\x1dE\
\x10\x86\xff1\xba\xea\xae1\x10\x88\x08.\xa2\x10\xf1\xc5\
\x15_D|\x10\xbc h$+^X\xdd\x84DV\
\xc5(\x1a/Q\xc4\x18\x08xe\xc1\x0b\xc6\x88\x91(\
\x06\x8d\xb7DT\x8c`PD\x04_\xbc\xbc\x88\xfa$\
A\xbcA\x1e\x14\xe3j\x8c\x1a/%}\xe8\xe8\xb2\xec\
\x9e\xe9\x99\xe9\xea\xae\x9a\xa9\x0fB`\xcf\x9c\xee:\xe7\
\xfc\xd3]\xd5U\xdd\x03\xc30\x0c\xc30\x0c\xa3{\x14\
\xfd>1\xf1\x7f\x1d\xc3\x00\x1e\x01\xb0\x02\xc0o\xac=\
Q\x82O#\x8c\xa2\xe8\xfb\xf3\xf688\xa3\xc9\x83\x00\
\xde\x040\x02`\x1f\x80\x95\x19m\x89NQ\xe0h\x00\
\xbbK\xda\xdd\x0f\xe0\xd7>\xaf?M\x84\xdb8\xed\xcc\
%\x80y\x00^\xf4?>\xfc\x08\xf0)\x80\x073\xd9\
\xc3\xc1@@\x9b\x03%\xd7\x1d\xcam\xe4A\xdc\x1d\xcc\
\x81\xfb\xa1Gg\xbc4\x09\xe0\xbcL\xf6He/\xb7\
]9\x04p\x1d\x80\x9bg\xf9\xbb\x1b\x15^\x02pB\
\x06\x9b:Kj\x01\x9c\x0b`c\x9f\xd7\x17\x00x\xc3\
\xff\xaf\x9d\x90) ;)\x05\xe0\xe6\xfb\x97\xfd\x9d\xde\
\x8f\x13\x01\xbc\x10p\x9dt\x0e\xd7`d*\x01,\x02\
\xb0\xa3\xc2\x9d\xbd\x04\xc0\xfd\xcc6i`\x8a\xdb\xc8\x14\
\x02\x18\xf4\xc3\xfaq\x15\xdfw;\x80eL6\x19\x1e\
n\x01\xb8\x95\x88\xa7\x00\x9cV\xf3\xfdO\x0285\xb2\
M\xa9P1\x85q\x0b\xc0\x0d\xe3\xe3\x0d\xde\xefF\x8f\
W\x81\xde\xa2\x8a6\x8e\xd0`/\xa7\x00\x96\x03\xb8#\
B;\xc3^\x04*\xbc\xea\xc8\xfc\xc2\xdd\x01\x97\x00\xce\
r\xcb\x98\x11\xdb;\x1d\xc0\x13\x11\xdb\xd3\xc2?\xdcv\
r\x08`1\x80m\x0cw\xec\x04\x80\x9b\x22\xb7\xc9I\
y&F\x00\xb1\x05\xb0\x10\xc0N\x1f\xf6q\xf0\x10\x80\
s4|\xb1\x00\x8e\x14`C)1\x050\xe0\x17z\
\x163\xd9\x0a\xefYog\xeeC\x12\xfb\xb8m\x89)\
\x80\xcd\x00\xce\x8e\xd8\xde\x5c\xb8Q\xe6\xb5\x96,\x17\x97\
\xf1'w\x07\xb1\x04\xe0\xbc\xfd+\x22\xb5\x15\xc2I\x00\
\x9e\xd52\xcfJ&\x86\x00.\xcd\xb4l\xeb\xd2\xc9w\
g\xe87\x94\xf9\x82m\xfb\x8f\xa6\x02p+|\xcfd\
\xbc\x13\xd7\x01\x18\xcb\xd4w\x191n\xae?xMl\
f\xe4\xb0O\xf0\x0cF\xb4\xa7*Nx[\x00\x9c\x92\
\xd1\x06N~\xe7\xee\xa0\xae\x00\x16\xf8z\xbe\xa3\x22\xdb\
S\x07'\xc0\xd7\x19C\xcfVSG\x00\xf3|\xbe~\
$\xe0\xdaT\x1c\x0b\xe0\x15a\xcb\xc59G\xc6`\xea\
\x08`\xa3\xcf\xd7K\xe3\x8c\x92j\xa3\xd4\x1c\x12\xa1\xbf\
\xbf\xb8m\xae*\x80\x1b|M\x9fT\xae\x01p\xbd`\
\xfb\xaa\xd2\xafd<\x0aU\x040\xea7qH\xe7a\
\x00g*\xb0S\x04\xa1\x02p\xf3\xfdV%E\x0e\x03\
~\xb9\xf8\xf8\xccv\xb0\xd7\xf4\xc7 D\x00\xc7x\x8f\
_Er\xc3\xb3\xc8G\x069\x1d\xb1\xc3\x22\xb4\xc1\xbe\
\x9f\xadL\x00\x83\xde\xbb\x1e\xe66\x84\x81\x91\x16,\x17\
\xff\xcc\xddA\xd9\xd6\xb0{\xfd\xdd\xf4\xe5\x8c\xbf\xcf\x0f\
\xdcV\xe6\x86\xe3\xa1\x06\xf65\xe5\x12\x00\xeb\x01\xdc\x95\
\xd1\x06\xd1\x94\xfd\x88k\xfc\xbf\xba\xb8\xaa\xde\xe7\x1b~\
\x01\x13~8\xaf\xc2t\x81\xe6\xda\x16\x9cs\xe3m0\
\x1a\x8c\xfc\x1e\xc0\x9e\x8a\xef\xa9z=\x079G\xbe`\
rm\x0e5\xc2P[\x14z\x00\x15\xa1\x90`T\x16\
\x85NGE(\xc4D'\x8bB9`\x0f\x85\x98\xe8\
\x5cQ\xa8\x11\x1fUE\xa1\xb3\xa1\x22\x14\x12\x8c\x9a\xa2\
\xd0\xb9P\x11\x0au\x19\x0dS\x00{(\xc4D'\x8a\
BS\xc0\x1e\x0a1\xd1\xfa\xa2P\x83\x19\x22\xb9E\xa1\
\xa1ta\xf7\x8ej4\x8c\x00\xbcG\xc8\xf2\xd1\xda\xa2\
\xd0\xd4\xecW`\xe3l4-\x0ae/\x08\x85\xf9\x00\
\xa2a/\x08E\x02\x01\xa88'\xa7\xcbp\x0b F\
\x11\xa9\xd6)\xa05E\xa1\xb9\xd1\xea\x046\xcd\x84&\
\xc9\x82\x9a\x0f \x97$YPn\x01\xa88/\xb7\xcb\
p\x0b \xc6fM\xadK\xc1*2\xa1\x96\x0c\xe2\xc3\
\x8aB\x8dF\xb4\xc2\x07\x88\xb1E\xba\xab\xb4\x22\x0aP\
\xb1\x1e\xce\x84\x8a\xd1U\xba\x91Z\x0bBa\x05!q\
\xe8\xde\xd3\x1e\xff\xa7\x15\xb9\x00s2\xeb\xd3\x8al\xa0\
\x8aa\xb0\xcbH\xbfC\x93\x0c\x83L\xd8\xc6\x90\x08$\
\x19\x06\x99h\xba5\x8c\xbd\x1e\x106G\x8b\x86\xbd\x22\
\x18\xe6\x03\x18\xd2\xa3\x80$w\x01\x13\x96\x0b\x88@\x92\
y\x90\x89\xa6\xd9@\xf6}\x810\x1f@4\xec;\x83\
a\xb9\x00Cz6Pe\x18X\x14QNFI\x82\
-\x04\xf1\x10\xa3\x228I%\x94\xf9\x00rIR\x09\
\xa5\xa1&\xd0`\xc4\xaa\x82yPS\x09%}\x0a\x98\
\x12`C\x1d\xd4D?\xe6\x03\xc8\xa5\x15E\xa1\x1a\x1e\
0!\x95V\x14\x85vuw\xb0\x9a\x91U\xba\xa1{\
\x05\xd8P\x075YP\xe9\x02\xf8[\x80\x0d\xb9hE\
Q\xa8Q\x1f\xf5E\xa1vB\x98\x02\xa4\x8f\x00Z\x0f\
\x87P\xf3\x845\xe9\x02\xd0z<L\x8cg\x05XQ\
h\xc7Q_\x14j'\x85+\x80S\x001N\xc8H\
R\x17\xc7\x80\x1a\xf1K\x9f\x02\x92\xd4\xc51\xa0F\xfc\
\xe6\x03\xc8E}Q\xa8\x9a\xba\xb8.\xc3y\x92\x95\x9a\
\xba\xb8\x99\x14E\xef\xd1\xf3\x85\xcf\xc8\xfdT\xa3\x095\
I0\xe9G\x99\xe5:!l\x85\x80\x07No.\x0a\
<VrM?\x81\xee\x00pKY'\xf6T\xaf\xd9\
\xb9\x07\xc0\xc9\xfe\xe9\xe3\xb9\x18\x0a\x8c&\x16\xce\xf2\xb7\
\x8f\x00\xac\x0b\xb1[z\x18\x98\x05\xa2\xde\x9d\xb5\x12\xc0\
g\x0a\xcd\xff\xce\x09\x97(\xcc\x89\xb4\x85\xa09\xf0_\
\xe0\xa8\x7fz\xb9\x16\x5c\xfd\xc4\x12\xa2\x9e\x08\x82\x90\x1e\
\x06f=%\x94\x08_\x01\x18S\x92\x93p\xb5\x13\xcb\
\x89\xaa\x8dZ\xd2\x05\x90\xfd\x9c`\x22\xbc\x17\xe2L\x09\
`\x0dQ\xcf\xf1\xab\x04\xa7\x00T<=;\x04\x22<\
\xee\xbcr\xc1&n\x22\xc2\xa3u\xde\xc8)\x0059\
\xf1@V\x03x_\xa0]oy\xdbja\xb9\x80@\
\x88z~\x80\x0b\x0b\xbf\x91b\x93\x8fR.#\xaa_\
;)]\x00\xa2\xb2\x81D\xbd\x88\xe0B!\xc2t\xb6\
\x5c@\xd4l\xf7\x94%\x83*B\x84O\x00Ld>\
\xc6\xd6\x09p)\x11\xbem\xda\x10\xa7\x00Z{B\x18\
\x11\xb6\x03\xb8/W\xf7N\x80D\xf80Fc\x9c\x02\
\x88\xd1\xb6\xe4\xf8{\xbd_oO\xcd\x9d^\x80Q\xb0\
\xaa\xe0\x9aL[.\xfe<a\xb7[\x890\x19\xb3A\
\xf3\x01\x1a\xe0\x1d\xb0\x8b\x00\xfc\x98\xa0\xbbw\x01\x5c\x1d\
\xbbQN\x01t\xe2p\x08\x22\xecr\xa1\x18\xf36\xb6\
]>\xdc\x8b>%r\x0a \xc6\xf10*\xf6\x06\x12\
\xe1\x1d\x00\xb725\xef\xc2\xbd\xf3\x89\xf0\x03G\xe3\xb6\
;8\x12D\xd8\x00`K\xe4f\xdd\x1d\x7f\xb9\x1fe\
X0\x1f .\xd7\x02\xf8 b\x8bW\x11\xf5\xe6~\
6\xa4O\x01\xaa\xf0s\xf4\xc5\xbe(\xa3)\x93Dx\
\x8e\xfb\xf3\x9b\x13\x18\x19\x22\xec\xf6\x22h\xb2\x5c\xbc\xcd\
\xc5\xfb)\xec\xb5S\xc2\x18 \xc2\xc7\x00V\xd5l\xd9\
\xad\xf0]\xe9\xd7\x19\xd81\x1f\x80\x09?|?P\xb1\
\xf5\xaf\xfd\x1a\x7f\xb2d\x93\xf4\xa5`\xed\xac\x05\xb03\
\xf03L\xf9\x1f?i\x0d\xa2%\x83\x18\xf1y\xfaq\
\x00_\x94\xf4\xe2\xae\x1b\xabZ\xcf\x17\x03;-\x9c\x19\
\xbf\x5c\xbc\xb4\xc4\x9fYM\x84\xb7s\xd8g\x8f\x8dK\
\x00Qo\x04\x18\x9fces\x03\x116\xe5\xb2\xcd\xe6\
\xe9D\x10\xf5|\x81\xb53z\xdb\xc1\xb8\x84\x1c\x84\x15\
\x85&\x84\xa8\x17\x15\x1cX\xdcq\xf3\xfd\xb2&\xf5|\
1\xe0\xdc\xbe\xe5r\xf9{\xfa\xbc>\x14\xb0Z\xa8\xf9\
\xa9as\xb1\xca\x7f\xf6\x1b\x89\xf4\xfb8\x86a\x18\x86\
N\x00\xfc\x0b\x1a\xec^'\xa9\x1fp\xaf\x00\x00\x00\x00\
IEND\xaeB`\x82\
\x00\x00(\xae\
\x89\
PNG\x0d\x0a\x1a\x0a\x00\x00\x00\x0dIHDR\x00\
\x00\x00\x80\x00\x00\x00\x80\x10\x06\x00\x00\x00\x93\xae\xbd\x88\
\x00\x00\x00\x09pHYs\x00\x00.#\x00\x00.#\
\x01x\xa5?v\x00\x00\x05\xf1iTXtXML\
:com.adobe.xmp\x00\x00\
\x00\x00\x00<?xpacket beg\
in=\x22\xef\xbb\xbf\x22 id=\x22W5M\
0MpCehiHzreSzNTc\
zkc9d\x22?> <x:xmpm\
eta xmlns:x=\x22ado\
be:ns:meta/\x22 x:x\
mptk=\x22Adobe XMP \
Core 6.0-c002 79\
.164460, 2020/05\
/12-16:04:17    \
    \x22> <rdf:RDF \
xmlns:rdf=\x22http:\
//www.w3.org/199\
9/02/22-rdf-synt\
ax-ns#\x22> <rdf:De\
scription rdf:ab\
out=\x22\x22 xmlns:xmp\
=\x22http://ns.adob\
e.com/xap/1.0/\x22 \
xmlns:xmpMM=\x22htt\
p://ns.adobe.com\
/xap/1.0/mm/\x22 xm\
lns:stEvt=\x22http:\
//ns.adobe.com/x\
ap/1.0/sType/Res\
ourceEvent#\x22 xml\
ns:dc=\x22http://pu\
rl.org/dc/elemen\
ts/1.1/\x22 xmlns:p\
hotoshop=\x22http:/\
/ns.adobe.com/ph\
otoshop/1.0/\x22 xm\
p:CreatorTool=\x22A\
dobe Photoshop 2\
1.2 (Windows)\x22 x\
mp:CreateDate=\x222\
023-11-07T17:02:\
41+08:00\x22 xmp:Me\
tadataDate=\x222023\
-11-07T17:02:41+\
08:00\x22 xmp:Modif\
yDate=\x222023-11-0\
7T17:02:41+08:00\
\x22 xmpMM:Instance\
ID=\x22xmp.iid:8827\
57f0-e6d5-1b46-9\
cfb-c2fad3cba9b7\
\x22 xmpMM:Document\
ID=\x22adobe:docid:\
photoshop:85d892\
f3-fa5a-1f42-a4d\
c-a8d16f16002f\x22 \
xmpMM:OriginalDo\
cumentID=\x22xmp.di\
d:48d4d0db-1e19-\
6043-a342-b9ffaf\
88c3b2\x22 dc:forma\
t=\x22image/png\x22 ph\
otoshop:ColorMod\
e=\x223\x22 photoshop:\
ICCProfile=\x22sRGB\
 IEC61966-2.1\x22> \
<xmpMM:History> \
<rdf:Seq> <rdf:l\
i stEvt:action=\x22\
created\x22 stEvt:i\
nstanceID=\x22xmp.i\
id:48d4d0db-1e19\
-6043-a342-b9ffa\
f88c3b2\x22 stEvt:w\
hen=\x222023-11-07T\
17:02:41+08:00\x22 \
stEvt:softwareAg\
ent=\x22Adobe Photo\
shop 21.2 (Windo\
ws)\x22/> <rdf:li s\
tEvt:action=\x22sav\
ed\x22 stEvt:instan\
ceID=\x22xmp.iid:88\
2757f0-e6d5-1b46\
-9cfb-c2fad3cba9\
b7\x22 stEvt:when=\x22\
2023-11-07T17:02\
:41+08:00\x22 stEvt\
:softwareAgent=\x22\
Adobe Photoshop \
21.2 (Windows)\x22 \
stEvt:changed=\x22/\
\x22/> </rdf:Seq> <\
/xmpMM:History> \
</rdf:Descriptio\
n> </rdf:RDF> </\
x:xmpmeta> <?xpa\
cket end=\x22r\x22?>\xe7\xe5\
\xb7V\x00\x00\x22cIDATx\x9c\xed\x9dw\x5c\
\x14G\x1b\xc7\x7f\x07\xc7\x01GSDP\x94\x22b}\
\x8d1\x04\x8d\xb1W\xa2\xc4\x82%F\x8d1\xa2F\xd1\
\x88\xbd\x17$F\x11\x89\x85 \x22**\x1a\x0b\x1aD\
EEl\x88%D\xd1\x18c\x8c\x15\x85\xa0  \xd2\
\x9b\x08\xcc\xfb\xc7rI\x8c\xb7ws\xc8\xb1\xbb\xb2\xdf\
\x7f\x9e\x8f\xee33\xbf\xfb0\xcf3\xb3\xbb3\xb3\x12\
B\x08!\x04\x22\x22\x22\xb5\x10\x1d\xae\x05\x88\x88\x88p\
\x87\x98\x00DDj1b\x02\x10\x11\xa9\xc5\x88\x09@\
D\xa4\x16#&\x00\x11\x91Z\x8c\x98\x00DDj1\
b\x02\x10\x11\xa9\xc5\x88\x09@D\xa4\x16#&\x00\x11\
\x91Z\x8c\x98\x00DDj1\xd2\x9anP\x22\x91H\
$\x92\x9an\x95/|\xe8\xcc\xd85\xab\x19\xdb\xbb\x0f\
wZD\x84\x00\xb3T_{\x11S\xe3\x09\xa0v\xd2\
\xae\x1dcO\x9fb\xac\xb99gRDD\xfe\x85x\
\x0b\xa0U\xdek\xcbX1\xf0E\xf8\x89\x98\x00\xb4B\
\xeb\xd6\x8c=w\x86\xb1\xf5-\xb9\xd3\x22\x22\xc2\x8e\x98\
\x00\xaa\x95\x16-\x19{\xee\x1cc\xc5\xc0\x17\xe17\xe2\
3\x80j\xa1Ys\xc6*F\xfc\x06\x0d\xd4\x95\x98\xb0\
x\xc1b\xef\x139\x97\xbf\xea;\xdbsI\x9f:]\
\xb4\xa9\x0e\x00\x9e\xc6<6M\x98\x09Lo:\xe4\xf7\
\xde}\x81\xccqi\x9dR\x87\xaa/g\x15\xd1x\xa6\
\xedn`\xe3\xae#61\xa7\x80\x063mF\xdb\xed\
\xd0\xb6\xda7\x11\x9a\xfeP\xc9\xbac+\xaf\x15\xf8\xee\
\xe8\xe17\xe9\xdb.\xc6\x0b\xb5\xdfb\xd5\x90\xd4\xf4\x81\
 \xef\xd6[\x80\xa6\x8e\x8c\x8d=\xcf\xd8\xc6\x8d\xd5\x95\
\x18}\xdb\xd3v^^n\x17\x8f\xaeK\xf5V\xd75\
\xbb\xacMu\x00\x902&\x09\x8f<\x80\xe9O\xdc\x16\
\xf4\xea\x09<?\xf2lR\xcap\xf5\xe5\xea\xbb5\xdc\
\xda(\x1c\xd8\xf8\xd7\xd19\xe7\xcf\x01\xd6Iv\x96\x0e\
[\xb5\xad\xf6M\x84\xa2\x9f< \xb7\xc8\x0d\xb4\xdb\xfa\
\xf9\xaaCK\x8e\x16\x8d\xd8\x1b\xb3q\xac\x9f\x97|\xf1\
[\xd7\xab\xe5\xb7\x00b\x02\xa8\x12\xf6\xf6\x8c\xbdp\x81\
\xb1\xb6\xb6\xeaJ\x0c\x1b>\xd1aZD\xce\xbd\xe9\x7f\
\xac|\xb5\xa1k\x1dW4\x86\xbd\xc4\x11\x8f\xb5\xa50\
-\xf6IB\xd2X\xc0\xf3\x94\xdb\xc7=;\x03\x19}\
R\x22\x9e\x8cT_\xceba\x83`\xebH\xe0\x87\xef\
\x0e?\x8c\xf9\x05h\xdc\xafI\xbcc\x90\xb6T\xb2#\
\x18\xfd\xb7q\x9d\xc4\xa1c\xc0\xc0\xa5\xef\xcd\xca.\x9e\
t($$>\xb0\x8b\xe1\xf8\xea\xaa^L\x00\xbc\xc2\
\xa62\xd0/T\x8e\xf8M\x1c\xd4\x95\x18h?\xe6\xf8\
\xd7\x0drG\xcfi\xf8\xfd\x17A\x89f\xd7a\x0bG\
IK<\xd0\x96\xc2\x0c\xfb\x94\xe3O\x86\x02\xd3=\x87\
\xe8\xf5\xfc\x00Hk\xfc\xc4\x22i\xac\xfar\xe6\x09\x96\
\xe1\x0d\xa2\x01\x7f\xb3C\xad\xce\xdd\x05l\xa79\x8em\
\xe1\xaf-\x95\xec\x08E?\x99F\x06\x91n\x151\xeb\
\xbe\x9c'\xf1\xf0|u\xefx\xd2^\xaf\xed\x1d\xf4\xa7\
\xaa+\xf7M\x03\xef\x9d~\x1br\xcb6\xa5y\xbb\xcf\
\x9fe\xa6\xf6\x16\x5cL\x00\xbc@1\xb5?_\x19\xf8\
\x8e\x8e\xeaJ\xf4\xed0\xac\xe3\x17\x9d\xf2\xe6.:\x13\
\xe0\x1e\xba\xc8X*\x19+\x99-Y\xaa\xe3\xab-\x85\
\xcf+Rc\x9e\xba\x01\xb3N\x0c?\xda\xbb\x11\x90R\
\x91\xe4\xf3h\x92\xfaruV\xd4\xbbW\xff\x22\xe0o\
\x18\xd1>&\x11\xb0\xbb\xdc\xac\xa2\xd5zm\xa9dG\
(\xfa\xc9X\xd2\x8d\xb4\xa9\xb8\xb5z\xdbt\xbdq\xc5\
eG\xceD\x1f\x8a\xdc\x1b!\xf3b-p\x19\x99\xa8\
\x00f\x0fZc\xb5\xf1B\xceq\xb7E\xe3\x0ezt\
\xa93\xa0\xdb<\xabazz\x14\xedi9\x01@\x91\
\x00j\xca\x0a\x8b\x86\xd6\x8c\xbd\x7f\x9f\xb1\x8a_ Z\
\xd1\xaa\xb1\x97\x91\x89\x0aB\x16O\xdbh\xb2\xe3\x5c\xb6\
\xd1\xc5\xcf\xd3g\xbd\x22\x84(,m=\xda\x8eG\xf1\
-\x80R,+_\xdf)\x9e\xea7o\xce\x9d\x16\x11\
!\xa1\xe3\xaa\x13\xabS\x02,/\xdfR\xb8oA\x96\
k\xcf\xa3\x83\x9a\x0f_o^\x00\xe0\x22\xd7\xda\x94!\
&\x80\xd7P\xbc\xb7W\xbc\xc7o\xd5\x9a;-\x22B\
BW\xae\x1b\xa6[\x00\xac*\x0f}\x15\xf1~\x96\xc5\
\xc7\xf6}M?M2\xcf$\x97\xc9Y\xa5Qf\x87\
\xba(\xafq\x99o &\x00\x00@=\x0b\xc6\x9e\xa9\
\x5c\xb2\xdb\xa6\x0dwZD\x84\x84t\xbd\xdeb\xbd,\
\xe0{\x9b\xfd\xc5Q&/\xe2\x9dJ\xbad\xf5\x94\xd7\
\xcb\xc4E\x9cV\x1b]/kD\xa2Jj\xf9C\xc0\
\xba\x95k\xf3\xcfVN\xf5\x9d\x9c\xb8\xd3\x22\x22d.\
\xb8\xa7}UfF\xef\xdf}g\x83]\xd2\x5c\xf5~\
\xda~\x08XKg\x00fu\x18\xab\xd8\xa4\xa3>\xf0\
\x9bd\xb4Lm{\xbcp\xda\xc6\xdeG'\xc4O)\
\xbf\xa3;@Z*\xf53\x8d\xd1\x96\xc2B\xe7\xfc\xb2\
\x5c\x07`\xd1\xb9/\x13]\xce\x01\x0f\x83\xfeH\xfe\x95\
bY\x89\xdc\xdc\xb8\xb9I\x12\xf0\xddO;\xaeF\x0d\
\x06Z\x9f\xfdp\xf8\xc7\x1c\xacC\x13\x8a\xfe\x97Q\xc5\
\x1d\x8a\x8a\x8a\x8e\xcc\xa97\xc2\xa4[\xae\xdc\xedQ\xcc\
\x9d\xc57gW\xa1\xa2\xd3\x88\x14b4\xd5\xb2\x19\x80\
\x22\xf0\xa3O2\xb6cGu%lB\x9b\xc6\xb4r\
,>\xb2i\xf3\xf1\x817\xdc_\xb6\xd3\xbd,]\xab\
\xd7\xa9\x8e\xbd\xb6\x14\x16\xb9\xe6[\xe4\xda\x03K\x8f\x8e\
\xdf\xe0\xfa#p_~3\xee*\xfbK\xa6\xbf\xd1\x7f\
`\xb8X\x9e\x06\xac\x1c\xbcc\xd6\xc9\xaf\x80\xd6\xb7\x9c\
\xc3;s\x10\xf8B\xd1_\x1cX\x18\x9a\x9fQ\x180\
\xbb\xc9g\xbfw.6\x9a\x9e\xec\xf6\xb0\xe4\xce\xb8\xaa\
\xd7\x17\xfb\xc7\xb3\xf3eV\xf4\xfe=\xdek\xd8S\x9a\
\xae\xdeO\x9c\x01T\x0b\xc6\xc6\x8c=q\x8c\xb1\xea\x03\
\xdfz\xac\xdd\x1d\xc7\x9c\x92q\x01\xab\x8e\xec\xbc\xfeM\
\xc1|\x9d\x11:\x09zn\xf5\xed\x89w\x85V\x14\x16\
\xaf(\x8a)\xb0\x06\xbc\x96M\xbc0\xf0\x87\xca\xc0\xf1\
V_N\xdf\xc2`\xada\x06\xe0m\xb8m\xd5\xf19\
@\xab\xa1N\x9e\x9d\xd7\x03\xc4\xbb\xc2M+BY\x10\
\x8a\xfe\x82ny7s|\x0b.\xcf1\x19a\xd3i\
\xb0\xf1\xf4\x14\xb7\xc4\xab\x0f\xc6\xa9(p\x1dE\x12c\
\x00\xce\x90\x93\x02\x15~Q\x08\x17b4\xbd\xe33\x00\
\xb9\x9c\xb1'+G\xfcn\xdd\xd4\x95\xa8o\xd9p\xb1\
\xcd\x8d\x12\xeb\xcd\x87Nv\xbd\xeb\x9e{[\xd6\xce`\
\xb1A\x8c\x95\xd6\xf6\xf1\xbf,+\xf6)\xb6\x00\xbc7\
~}\xdfu\x19\xf0\xa7\xd7\xf5\x99\x97V\xa8/\xa7/\
5Xl\x98\x09,\xdb\x1e|)\xf2{\xa0\xed\xd0\x8e\
\x05=\xe7kK%;B\xd1\x9f\x97\x9a]\x94i^\
 \x9b3d\xf8\x9f\x1d\xcf\x19\x97\xa6\xdfI\x91&\xa9\
8\x8f\xa9NP\xbd\x9c\xfa\xb1\xc0\xcb=%\xcd\x8bG\
\x92\xc7\xc5q\x85\x19\x05i\x12\xd6\x95\x9f\xb1\x9d\x9f\xd5\
/\xb3\xa3\xd7\xd3\xe3\xe7\x86\xcf\xa5\x7f\xa9\xf7\xd3\xf6\x0c\
\xe0\x1dM\x00\x8a\xc0?V9\xe2\xf7\xea\xa5\xaeD\xbd\
\xe1Vc\x1b\xf9\xbf\xbc\x15\xf4M\xd4\xdd\xbb\xab_\x14\
\x19\x1c4\xece\x94e\xadv\xa6PU^\xcaK\x82\
\x8a,\x80\xef\x16M\x997h\x02\xf0\x87\xc5U\xaf\xf3\
+\xd5\x97\xd3\xf3\x97\x9d\xd6\xcf\x01\x964\xdb\xf4\xe8\xc8\
.\xe0\x83\xe3\x9d\x93\x5c\xe6jK%;B\xd1\x9f\xd5\
-\xc375<\xdfr\xde\xea\x91_\x7fle\x92\x91\
y+-\xe4\xa9\x8a\xbf\xaa\xf9-\xcb\xd0\x06\xa7\x81m\
\xddO\xcf\xba\xb67\xbb\xdb\xb8%=>n\xebY\xf7\
b\xfe\xdc\x9c\xa8lg\xf6r\xe7\x9f\xa7\x9e)kF\
\xaf\xabg}\xeb\xbe\xd2\x87\xea\xfd\xc4[\x00\x8d00\
`\xec\xe1\xc3\x8cU\x1f\xf8\xa67\xebf\xd4w{\xb5\
x\xe3\xf3\xc8\x9foO\xc8p\x949\xe8\xbb\x1b\xad\xb3\
\x19_\xb1\xb0\x02P\xbb\xa9Ws^--\x1d^R\
\x07\xf0I\x9c6j\xe8`\xfa\xc0\x91:\xea\xe9\xe8\x15\
\x00\x0bK~\xb09t\x0cx\xbf\xcd\xc7z.k\x81\
\x8a6\x15-\xb5\xa1\x93\x0d\xa1\xe8\xcf\xf4O\xeb\x97\x1c\
\x9c\x977\xef\xd9\xc8\x0d\x1dmL3rne\x96\xa6\
\xb7e\xf7\xb7\x1a\xd0X\xc76\x0c\xd82\xeb\xe4\xe0\xab\
\xdd\xb3+\xcc|\xeb]\xa8?\xa3\xeeE\xc3\x5c\xa3S\
\xc6\x8f\x81|\xe4 [U\x83\x11\xd8'\xc4h\x12\xa0\
de\xc8d\x8c\x8d8\xc4X\x17\x17u%\x8c\x83\xcc\
\xba\x98\xbb\xbc\x9a\xb4\xa9\xf0\xc4\xe0{\xcbSt\x0c\xf6\
\xc9\xef\x98\xf6\xb2\x1fO@\xb4\x12\xf8e\xa9\xaf\x0cJ\
\xe5\xc0\xea\xbd\xd3G\x0d\xeb\x0e\xdc\xb4\x88\x0b<C1\
U\x96ZKK\xf4\x8a\x80\x05\x05\x1bt\x0f\xfd\x0c|\
p\xbf\x8bE\xff\xf5\x00\xf1\xd6\x8eN6\x84\xa2\xffY\
\x9b\xe4\xbc\x84\xbc<\xc7E/\xc6\xb8wna\x9a\x90\
\xb7!{G\xa6\x8a\x9d\x1b\xd6\xbd\xec\x02\x1cv\x00[\
\xd2\xa3\xb3\xe3w\xe5\xea\x18\xd713\xaf\xb3\xban\x05\
\xc2\x01\xc8\x00t\x86\x19\xd5\xb19\xe1\x08\x85\xac\x9a~\
D\x0d\x22\xf0[\x00E\xe0\x87\xff\xc4\xd8\x81\x83\xaa\xab\
f\x91w\x1b[cG\xc7\x16\x91h\xbe\xf9\xdb\xa8\xf6\
W\xec\xf2B\x0d\xc7\x19\xb9\x98\x8c7\xed\xf4_\xbf\x91\
k:|\xddd\x11\x90\xe1\x97R\xf6D\xc59\x041\
/Rv\x96}H\xdf~\xafz\x8d\xdc\xa5\xbf\xaa\xf7\
\x13o\x01\x94\xa2W\x19\xf8\xfb\xf73V\x0c|\x11:\
\x1c\xbcZ-}o\x1f\xdal*<\xf6\xbf\x9f\xad\x0a\
\x12\xf4\x0d\x0c\x03\xe5\x1e\xa6\x9d\x10\x86\x10e#\xb8\xf4\
\xb8t\xae\x1e\xf3\xf4_\xf5NN\x96\xf2|G`\x09\
@\xb7R\xef\xbe\xbd\x8c\x1dJq(\x94\x88\x08\xd0\xdc\
\xa3\xad\xb3SVEP\xc0\xac#\xe5\x97\x06\x16\xfb\xcb\
\x5cem\xf5\xa5\xc6}\x10G\xb6\xaa\x0a\x5c}\x0f\xc3\
u\xf2\xa7\x00\xa6\xabi`\x8f\xeaz\x94\xf0?\x8d\xbc\
\xb5\x84@\x12\x80\x22\xf0\xf7\xfe\xc8\xd8\xe1\x14\x87B\x89\
\x88\x00uv[\xe8XZ\x93\xb59\xa9/\xd2\x9e\xeb\
H:\xeae\xca\x0a\xf4\xe5F]\xc8n\x04SU\xb0\
\x1fY4\xcf\x00\xc8n\x04k\x94\x004xc\xa0M\
x\x9e\x00\x14\x81\xbfs;c?\xa78\x14JD\xe4\
\x1fr\xc6fVd\xa4J\xe6\x02x\x8a:\x00\xf9\x88\
D\x90\x81\x80$F\x92*\xa1Y\xd3U\x88\xaeT\x0d\
\xedF\xa0x\x0bPmH*s\xee\xb6-\x8c\xfdR\
\xed\xa1P\x92\x12\x9d\x89\xba:\xd0Y\xd3y\xef\xb2\xdf\
^\xc6om\x5c\xe6P\xf1\xbf\xe8\x0e\x13\xb5\xa5\x90\x8c\
\x843\x01\xb0\xf5\xe8w\xa7&\xfe\x06\x5c\xb8r\xdc9\
\x94b\xc9+\xc2p]\x02`\xd2\xc1\xa5^\xdb>\x04\
z<\x1a\xb8\xc9\xdd[[*\xd9\x11\x8a\xfe\xeb\xd9\x17\
b\x8f\xae\xc8?\xe2\xef\xb5\xe8\xfb\xcf~6q\xab\x98\
X~\xa7\x5cU\xa0u@\x0f\xf4C\x09\xe2\x11\x8bh\
\x18\xfc\xf7ra\xa7|\xf3\xbc6\x80\xf1h\x93\xf9f\
\xf7\xd4\xb7\xaf\xb7@vW?\x0b\x80\xba\xfd\xfc!\xc4\
_\xc3\x040C#o-\xc1\xb3\x04\xa0\x08\xfc\xad\x95\
\x81\xef\xae\xfep\xc50\x5c\x97\xe8\x10\xac\xac\xbb\xf3\xc9\
\xd5Uq\xd7\x1b\xc9\x9a\x9c\xfe_|g'\x02\x02h\
a\xfd\x1e\x19M:\x10\x00!\x1f\xae\xde2\xf9<p\
a\x11e\xe0\xecC\xbc\x04\xc0\xc4\x88E\x8e[z\x02\
\xdd\xcf\x0d\x18\xe2\xbe\x12  g\xab_%;B\xd1\
\xffK\xf1\x99\x88\x03\x83\x0a\xd26e.\xaf7\xe6\xb9\
\x89\x1b1\xad\xb8S\xa1b*\xde\xb5m\xff\xddCn\
\x94\x9c\xfdu\xcf\xe5\xe9\xe7\xa2\x0cP\xd4<\x1fy\xd1\
xs\xad\xdfn\x12\x0c\x19@B0\x96&`eG\
\xf5\x07\x1bd\xaa\xf7#!\x08\xa0\xa9/\xab[Fh\
Z\x0f\x00&\x00\x0e\xab\xf7\xd76<I\x00\x8a\xc0\x0f\
\xdc\xc8\xd8\x89\xeaG\xee}\x88\x97\xe8\x10x\xe5li\
z1\xe5\xd2-\xbb\x8a\xe6\xfb?\xc8\xea\xe6DJ\xb4\
\xf3NS\x118\xbb~Yk\xe5y\x18\x88\xdd\x1c\xf9\
\xfe\xf6\xa5\x14\x05+\x03\xe7+\xa7\xb9\x177\x0e\x01z\
\xb8\x0f:0\x81\x09\x1c\xad\xe8dC(\xfac\x8f\x1e\
\xd3\xdb!+\xea\x11\x92\xe5\xf3\xed\xa4\x17\xc6\xb10E\
\x07\xa2\x22\xf0{\x07\x0f\x19;:\xb0\xd8aa\xa2\xbf\
\xe1\xaeoden\x9d\xda\xb8\xd4\xdb\x85d\x00\x07\xa1\
\xec\xf7\xedF\x10\xa4\x00,\xc8z\xaa\x11\x9b`/\xd5\
:\x80\x10\xd5\xf5=\x1f\xfa\xac\xf1SW`\xde\xc3Q\
\x89.\xf9\x14\xf5\xd5\x10<I\x00\x1b\xd61v\xaa\xda\
SU\x19H\xc5\xa2+\x1b\x9f\x9f%\x17\xbc\x9b\x1dz\
oW\xa7\xb2\x1e+\x88\x05\x01L\xb5\xa7p\xcfN\xff\
\x93\xb3w\x01g\x11\xf1\xf9f\x9a\xc0\xd9\x83+\x12\x00\
c\xacg\xca7|\x09\xf4\xe9=4q\x8a\x0f@,\
\xb89\x18\x91\xef\xfaO'\x86\xa7o\x9aX\x14\xf1\xe3\
\xc1\xf5sg\x9c\x92\xc7b\x0c:\xa8j\xa9\xff\xec\x91\
\xd3\xc6\xef)4\x98\x9d\xb8\xa6\xff\x96\x16\x86k1[\
\xe2+\xf9Mg\x1a6\xa3\x9e\xaav\xca=\xca3\xca\
\xeb\x00\xa4\x0f\xd6R%\x80\x81t\xb9\x8e\x04+\xaf/\
-\x229:q\x040\xef\xf0\xa8a}s\x81\xb4/\
\x9fD'Q\x1cvZSp\x9c\x00\xd6U\x06\xfe\x8c\
\x99\xb4%f\x8f\xfc\xbeYd\xca\xd9#\xad\x12\x9dn\
\xf4\x90\xf7]A\x9c\x88V\xd7\xc3\xed\xeb\xbd\xf1\xea\xdc\
\xcd\xc0\xa9\x99\x07\x8f\x07\xd0\x04N%\xa3c<\x9d\xd7\
N\x06\x5c\x9e\x7f\xb6\xda\xd3\x17\xd0\xb6N6\xf8\xae?\
*w\xdf_\xeb\xecK\xa6\x85\xc96\x85\xcf\xcf\x95\x07\
\x02\x08W\xe5\xef\x16\xef\xee2-6\x7f\xf87\x9b\xbd\
\xdb\xfb/3q\x80=\xcc\xd1\x06\xd3\x10L\xfc \x03\
t2uM\xa4E\x00d8\xa2\xac|\xf1\xf5\xc2\xbc\
\x02G\xc0$\xc1\xcc\xdf\xfc\x8ez}\xb2x\xfd\x19\x06\
\xcf(~He\xfb\x0a\x9e\x0c}\xbc\xf0\xfeD`>\
\x19\xf5\xa7\xcbs 3\x22-:e\x04E=5\x0c\
G+\x01W\xaff\xfe\xb5\x90\xb7\x9fL\x12\xe1\x17#\
\xdd\xa6\x8e^\xd02w\xe4\xf8\x03\x0b\xfeXegv\
Cb\x0bG(\xf9\xbe\xc2\x17\xcf?\xfe\xa0Io \
\xa3\x22\xd5\xeb\x89\x92\xe5a{\xeb\xc7\xfd\xf6\xf8\x1c`\
\xa9\xd3h\x85m\xa4\xfav\x97\xe6\xba\x17\x0e\xfa\x1d\xb8\
Z\x12s:*\x96\xdd\xef\x8c\xd5_C\xcaf\x00\x89\
\xd1\xf7\xedo\xcf\x06\x16\xfc\xfa\xc5\xa5O\xfe\x02\xb2'\
>\xbf\x9e\xaev\x0f*;\xef\xe8J\xc0\xdb\x7fr\xd3\
\xae\x88\xd0\x18\x1985r\xc1u`\xbc\xd5\xfcf\xab\
\x0e\x98\x85!\x92\x19\xadH\xa0r\x7f\xf2)\xb6C\x07\
\x80\x9c\xe5z(\x02!\x05H\x11\xf1\xa1\xb9\x05 ]\
\xf1)t\xa0v\xdf\xc2\xc3\xd2?f\xde\xf0\x01\x164\
\x1a#\xe9\xf7\x10\xc8\xff gC\xd6[\x04~M\xc1\
Q\x02\xd8\xbb\x87\xb1{~\xe4\xa6}\x11\xa10\xfe\xc0\
\xfc\x9fV\x1d\xad\xfc\xc7\x1b/\xf5\x94\xd0\x1d\x86\xaa.\
\x97\x95\xbcj\xfb\xca\x02@\x00|\xa8\xea\xb3!\x09\x95\
\x0f\x01U>\x0a\x9c\xb7s\xf4\xb0\xbeO\x80B\xcb\xbc\
\xcc\xdcv\x14\xf5\xf2\x04\x9e<\x04\x14\x11Q\x0e\x09 \
+5y\xbf\xaeg,\xdb\xa6\x9f\xc3~\xfd\xe5\xc8\xe2\
\x1bE\xb6\x00\x89\xa7\xabW\xbf\x89\xe1\x1ey\x9az\xbf\
B\xb7\xbc\xcc\xdc\x96\xea\xfd,\x83\x1bu\xb4=\x0ed\
x\xa4\x5cI\x1e\xa0\xde_\xdb\x88\x09@\x84\xdf\xf8C\
\xa3\x04 \x1b\xa5oh\x90\xc5~\x9d\xec&\xc1\x90\x02\
\xf0\xc7t\x9az\xa5&\xd29zE\xf4\xed\xb3a\xdd\
\xc6\xce\xaf\xe9>`\xcd\xcb}\x1b\xcf\xd8\x01_\xa23\
\xd4~X\xb2\x06\xa8\xf1\x04\xa0x\xe8\xc8\xaf\xe3\xc1E\
\xf8\x0aYO\xbc\xa9\xa6\xea\x0aNb\x96\xca\xc9z\xe5\
\x9a}\xb2\x87\xb2\xde\xcf\xf1\x0b\xd5:\x00\x16l\xce6\
\xbd\xd72\x04Xc\xb6\xef\x833-\x00s\x87\xfa\x09\
\x0dc\x00\xcc@\xa3\xaa\xd7Z}\x08f\x06p\xf1|\
\xfa\xb3W\x1c|H\xa1[O\xab\x86z\xfa\xea\xfd\xb8\
\xd2\xc7\x06\xdfu\xd3\xea\x83?\xbc5Zb[\x0f\x19\
\xaa\xbe\xb8S\x1aX\xba\xb4\xb4\x01\x00\x7f\xdc\x01\xc5\x81\
&\xe9\xbbS\x86\xfc\x15\x0c\xc0\x1aP\xb2\xae\x90\x95\xa6\
s[\x9fm\xe7\x07\xf8l\xd8\xdd\xf9\xe4{\x80\x99\x93\
\xf9\x98\xfa\xf1\x00\xa0\xe1\xef\xd12\x82I\x00\x88D\x18\
\xaf\xd5\xf2]\x1f\x1b|\xd7\xbdV\xb3\x19\x80\xfe\x01\x83\
by\x22\x00@\xe99@\xa5\x8fK\xf6\x94X\x03X\
K:\xa8\xaa\xf7\xcc\xac\x88\xe1\xbb\x93\x81;%7\xf6\
\xff\xb2\x85\xbe\xfd\xe6%m+\xda{\x03\xab\xae\xedj\
\x14\xd5\x150\xd9dz\xab\xee\x1d\x001\xe4\xbf\x0f1\
\xb7\xd1\xd7\xaa=\xf8\xfc\xa7\x7f\x9dp\xec\x91\xf0(s\
\xbe\x01\xdf\xf5\xb1\xc1s\xdd\xc4\x0f\x8b5\x191\xa5\xde\
z'\xf5T\x1d\xdf\xbd\x0f[!\x05\x88\x1f\x8e(\xab\
\xf7\xf8\x94\xbd\xf7\x82K\x80M1^\x07\xa6-\x03\xe0\
\x00{,W\xdf\xee\xff2\x9c\x8b\xba\xcc\x04V\xac\xde\
\xfeq\xe4'\x80\xdc\xc2\xd8\xc5\xf4\xb1\x0a\xfd\x9et\xbf\
G\xdb\x08&\x01\x90=D\xb3\xfd\xd6\xd5Ew\xb4G\
\xb1z7\xce\xf4\xb1\xc1w\xdd\x94\xfa\xb0\x96xi\xf4\
\x0c\xa0\x98l\xa9\xbcgW^*\x8c0'\xf7\xc4\x90\
\x92\x7f{D4\xdd\xd1{\x83\x1c\xd8\xd6\xcc'f\xde\
'\x00\xfa\xc1^\x93{\xff\x95\xfa\xa1]\xa3>\x03\x0c\
B\x0d\x0e\xcaS\x01\xe0\x8d\x11\xff\xbf\xec\xa2\xaf]{\
\x08&\x01 \x94\xc3\xfd\xd64\x1d\x95K}l\xf0]\
7M\x82\xf2\xc5RM\xf4\x91aX\x0e\x1d\x80\xad\xcc\
\xcb\xb4\x97\x91%\x0d\x00\x12\x85\x8b\x90\x01\xfb\xdf\xdf\xf4\
p\x95-\xf0c\xeb\x0dI\xcb\xdf\x07\x10S\xb5\x87\xf3\
\xfaQ\x06\xcd\xe5Y\x1a\xe8\x1dU\x95V\xaa\x1f\xc1$\
\x00\x12\xf4\xfaZ\xeb\x1ac']\xa6\xe6L\x1f\x1b|\
\xd7M\xa9\x0f~d\xb1&3\x00\xc3kF\x9d\x8cS\
\xd9\xaf\xbf:X\x1a\xf8\xd2\x02\x08\xbd\xbf\xb6\xd9\x92\xce\
\xc0\xc1Q\xc1\xd7\xd7T\xc7\xb6q\x0du\x02\xd8_\x0d\
\xad\xbe5\x82I\x00\x08\xc0\x0a^\x05\xd8\x7f\xe1\xbb>\
6x\xae\x9b\xf8A\xa3\xc0\xd29\xa53]\xb7\x0c\x00\
\xe0\xad\xec\xfa\xc9\xaea\x1fm\xeb\x0b\x5c\xfd\xfa\xdc\x8e\
c\xd5x^\x84\xa6:\xd1\xb7\xfa\xda~\x1b\x84\x93\x00\
4\xbd\x17\xac>6Qyq\xa7\x8f\x0d\xbe\xeb\xa6\xd3\
\xe7K4z\x08\x08\x13lTu\xef~\xb5\xe5\xb9\x1d\
\xc74\xd8\x95\xe7`\xdb\xaa\xed\xfbA\xc0\xe3\xe4\xbb\xb7\
~W\xb5Y]S\x9d\xc01\x8d\xbc\xb5\x84`\x12\x00\
Y\x89\x85\x9c\x8cT\x93\xe9\xdc8\xd3\xc7\x06\xdfu\xd3\
\xea\xf3\xd5pd\x9d\x80\xdc\xb7Y\xb8\xa3``\xc5\xd8\
\xe6\x9e\xa6\x80\xc1|\xc3Ry\x06\xf0x\xed]\xfc\xae\
\xc2_c\x9d\xed\xdfVa\xf5 \x98\x04\x00o2\x9d\
\xa3\x91j'\x95\x17w\xfa\xd8\xe0\xbbn:}>D\
\xa3\x04eXd4\xd8\xe4J\x15\x15\x01\x18\xfe`\xd2\
\xfc\xf9e\xc0\xb8asz\xfb<\x04~j\xb1\xf5\xfb\
5L\x94\xdcS~SQ5\x9d\x00\xceW]e\xf5\
!\x98\x04@\x96b\x1a'\x1d\xf5\x1b:7\xce\xf4\xb1\
\xc1w\xdd\xb4\xfa|\xb1\x90F\xdf\xab:\xa5\x06/M\
\x81?{_\xb7\xbdt\x13\x00\xf0\x00\xc6\xf4r\xc6L\
\x9a\x11\xf8m:\xf09\x99\xba}\xc9\x13\x80\xf8\xe2\x0c\
\x0c\x00|E\xaeU\xba\xa8\x8c\x15Z\x9d\x7f\xc3\x83\xf3\
\x00\x01\x01%\x00\xcc'\x139\x0a\xb0\x9f\xa9\xbc\xb8\xd3\
\xc7\x06\xdfu\xd3\xe9\xf3!*\x03\xebeI\x89w\x91\
%\xb0\xf2\xc3\xa9\xb3\x86\xce\x01^\xdcN\x1f\x9b\xeaO\
Q\xefq<@\x05\xe0n1\xbf\xc7\x9aG\xc0\xd0\xcd\
\xe3\xeb\xcf\xa9x\xb3=\x12\x83h\x94\x81\xf5|\x01Z\
\x9d\x0a\xb2m3C\xd2\x9d(\xf4\xd5\x10\x82I\x00d\
6\xc6\xab\xfd#h\x83\xef\xe8\xdc8\xd3\xc7\x06\xdfu\
\xd3\xea\xf3Q\xfe\x8c\xa28\xa9\xb0\xb4\xc0\x1aXqf\
\xf2\xac\x81\x0b\x80?\xe7_\x1f{\xc9\x9f\xa2\xc2iX\
\x81``\x8a\xef\xf2~\x81W\x81\xfe\x07F\xe9{4\
\xaflG\x09:\x0ft\xfe\xd4-\xa9\xbaN\x05/\xc6\
\xa4\xf5I\xe9\x04,-w\xbf\xdaws\xe5\x7f\xbaQ\
\xe8\xd52\xc2I\x00\xd3\xc8hNF\xaa\xef\xb0\x97\xc6\
\x8d3}l\xf0]7\xa5>\xf8\xbe>\xb2\x16X\xe7\
\x85\xe68\x00\xde\x85_\xf7w]\x03<Xykn\
\xfcL\xfaf{\xca\x06\x07\x8ci\x07\xf4\xff`\xe4*\
\x8f\xf7\x00\xf8\xaa>\x0f\xcf`\x8d<\xc1\xf8\xb1\xe6:\
\x15\xa4\xa7=m\x90\xd4\x0bXzw\xdcG}6\x03\
\xe9\xe7S\xb6%\xa9\xfdh}\xcd!\x98\x04\x00\x0f2\
\x82\xa3\x11\x96\xae\xa3r\xa7\x8f\x0d\xbe\xeb\xa6KP+\
0\x1f\x06@\x9eq\xb6\xc3\x8b\x96\xc0\xf2\x8f&4\xfd\
d5\xf0\xf8\xc6]\xaf\x9b\xea\xbf\x1a\xf1\x06-:\xbe\
?\xbd\xa3!@\xfa2\xf5\xaa\xe58\xe6P\x1d\x1d\xb6\
\xe2\xf5\xfaR\xae$Z?\x18\x04,\xfb\xc3}^\xdf\
\x1f\x80\x17?\xa57H\xe9\xa8\xb9^m#\x98\x04@\
&a8'#\x15\xe5\xc3\x1a\xce\xf4\xb1\xc1w\xdd\x94\
\xfa\xb2\x1d2\xa6\xa7u\x04\x96\xb5\x1a\x7f\xbf\xefj\xe0\
\xc9\x8dG\x07\xef\xbe\xcd\x97!O#\x02R\x00\xbf\x92\
\xf9\x12\x9a\xdf\xfd\x02?\xe1&\x85\x9f/S\xdf_\xe3\
\x1e\x96\xdd\x1e\x09x\x95O8\xec\xb2\x0a\xc8\x99\x9f9\
>\xbd\xdd[\xe8\xd52\x82I\x00\x18G\x06p4R\
\xd1uU\xee\xf4\xb1\xc1w\xddT\xfa\x16\x0f\x1e;\xb9\
\xe7\xb7@j\xe8_\x8d\x1f\xba\xaa\xf7\xd7\x95\xe9\x86I\
\x87\x02\xe5\xa5\xe5#\xcb\x22\xde\xbc^\x84\x82\x9c<{\
\x80P>\xb4\xd3\xdd\x22]\xafW\xa6\xde\xef\xd1\xad;\
+nL\x05\x96\x8f\x9a\xf0\xfc\x13O \xfff\xee\xf2\
,\xa5\x1b\x92\xf9\x85`\x12\x00\x19C\xfaq\xd2Q\xd7\
\xd1uT\xce\xf4\xb1\xc1w\xdd\x94\xfah\x03\xdf`\x90\
\xdc\xd8(\x0d\xe8\x90\xd13h\xd0\x00\xe0\xe2\x95\x13J\
\x17\xdb\x93:$\x99\xc8\x00\xa8yh\xa7@\xff\x84\x81\
\xb1<\x07\x00\xf0B\x95\xdf\xb2k\xee_\xf6\x99\x03\x14\
f\xe6\x9b\xe6\xda\xaa\xaf\x97/\x08&\x01\xb8\xac\xb3\x9f\
,]\xcd\xb5\x0av\xf8\xae\x8f\x0d\xa1\xeaV \x1fc\
\xeck\xfa\x14\xf0\xda\x1b\x5c|b\x17\x10\x7f7\xf6\xc4\
\xf14\x00l\x07t\xc6\x92hH\x01\xdc%\x1f\xd2\xcc\
\x00H\x22\x19\x0a\x19\x00K|\xac\xca\xaf03?\x84\
&\xf0\xeb{4|j\x1b\x07<\x0f~\xd68\xb9\x93\
z\x7fm#\x98\x04 \x22\xf2oL,\xcdn\x9b?\
\x06\xbc\xafn{qj;\xe0\xe0\xdfz\x9f\xd3n \
>\xee|\xecq\xa6W+]\x06DL\xc9S\xc8\x00\
\xe2\x83C\xa0\x19\xa9\x8f\xc0\xa0:\xa2\xa4A\xbcMY\
\xd3\xb3\xc0\x0a\xbb\x1d\x9eg7\x01\x93\x82\xfb\xa2\xc9\xdb\
W\xfb\xd6\x88\x09@DP\x98]\xaf\xd7\xd8\xf2\x0e\xf0\
m\xc3\x90eg\xb6\x03v\x1d\x1c\xd7\xb7\x89\x00\xe0\xc7\
,\xc5\xd5\xbb\xa6?\xc9\xe09{\xf9\xa2\xe6\x05\x96y\
6\xff\xf8\xabC:L\xcfYVZu\xbd\x8d[:\
\x98\xb7\x8c\x02\xbem\xb6\xdd\xe6\xec6\xc0\xbc\x8dE\x5c\
\xc3[\x00\x80\xcdj\x8a\xd6\x08b\x02\x10\x11\x04\xf5\xda\
X97\xba\x01x\xdb\x85\xfc~f\x17\xd0(\xca\xde\
\xa0\xc5i\x80\xf8\xbc\xbe\x09Go\xbd\xde\xf7\xfa\xccA\
#\xfb\x94V\x14\x87\x8b\x90\x02\xc4\x07{in\x01\x12\
6\xdd\xfe\xe8:shj\x94&z\x9b\xf8\xb7\xdc\xd1\
.\x0cX~x\xcb\xb0\xe8]\x80i\xa4\xb9G\xfd\x07\
\xff\xd2\xfb\x95&\xb5i\x0f1\x01\x88\xf0\x1aK\xbfF\
\xae\xf6q\xc0\xb7V!\xdd\xcf\xee\x05\xacz4\xda\xd9\
$\x0e`=r\xcb\x08\xa7U\xf5jr\x05\xb1\x90\x02\
hO\xb6\xabJ\x00\xe7m\x22\xe7\xee\x0a\x03\x8et\xdb\
\xb9h]g\x00\xf1t\x09\xc01\xb9\xcd\xbe\xf6\xa1\x80\
\xd7O\xc1v'\x0f\x03\xc6\x99\xa6\xc9u\x93\xa1\xec\xc0\
\x10\xf1@\x10M\x88\x9a\x91`Uv\xb2\xe6\xdbu\xfd\
\xc11]\xda_\xbd\x1fW\xfa\xd8\xe0\xbbnZ}\xdf\
M\xd9\xd90\xf6'\xc0\xe2b\x838\x9b\x1b\x00\xf1C\
\x9c\xaa\xa9;\xe9\x0dCH\xc1z\x1e_EL\xb9k\
\xb9\x01@\xfc\x94\x1f\xdduj\xd1\x81\xc9\x9b\xa3\x81\xad\
\x1e\xab\xd6y\x1a\x02pC\x1b\x9ao\xe7\xb6Z\xef\xe4\
\xd6%\x08X\xd2?\xd0\xe6\xd8I\xc0\xd0\xcf\xd8\xcf4\
\x0d ~P~<\xd9\xa7\x14\x95\xd6\x00\x82I\x00d\
\x00\xe9\xa0\xc9\xee\xaej\xe3\x07\xba\x83\x1b8\xd3\xc7\x06\
\xdfuS\xea\xb3\x18`5\xc9\xe6\x0e@q\xc8&\x00\
\xc0`\x99\xe10\xa3\x1c\xf6\xeb%\xbb\x8b\x92\x0b\xac\x01\
\xa4\x93\xc5x\xf5\xcf\xffG\xae\xfb\xf1\xa3\x0dq\xc0.\
\xef\xb5\xab\xe6i\x10\xf8\x0a\x96\xa5l\xee~\xf2\x12\xa0\
oa \x93\xe7\x80\xe6\x88\xb0\xa3*\xaf\xd6\x10\x82I\
\x00p%\x1d8z\xcfNwr\x0bw\xfa\xd8\xe0\xbb\
n\xba\x04\xe5\x07/M\xf6\xd9\xeb<\xd4\xad\xd0-\x03\
0\x06\x80\xb2/O\xdd\xc4u\xe8\x00\xe4G\xa4@\x06\
\x84\xbf\xda\xdau\xd5m \xccy\x13\xbc\xf2\x01\x00m\
\xe8[\xfb\x07\xd9\x08\x83hy\x01@F \x9aJ\xef\
GUi\xa5\xfa\x11L\x02 \x038\xea\xa8\xb4Kj\
\xb9\xd2\xc7\x06\xdfu\xd3\xee\x87\xd7\xf4\xb0M#b$\
az\xb5\xb3\xb2\xcb\xe4&\xb9\x02)\xb0\xf7f\x80\xf5\
\x92\xa7\xc0\xe1.\xdbO\xf9&jP\x7fu\xe9\x04N\
UC\xabo\x8dp\x12\x80+q\xe2d\xaaJ\x1bH\
\x5c\xe9c\x83\xef\xbai\xf5\xad\xd5\xf0SZ\x9d\xd1\xfd\
\xef^\xad\xe4\x13aw\xc7\xdf\x08\xbe\x94\x05<\x09{\
\x94\xf3g\xbc\x06\xf5\xaaAc\x9d\x87\xaa\xaf\xed\xb7A\
@\x09\x00\xfc\x1aa\xff\x03\xdf\xf5\xb1\xc1{\xdd\xfe\x9a\
}\x1a\xcc\xb0\xa5Q\x82I\x16\x80T\x00Fo^\x7f\
\x12\xf6h\xf6\x9f\xb1\xf4\xf5}d\xdf\xeb\xc6\x90\xc5\xc0\
\xd5\xa4\x18\xa7\xc3>\xd5\xa7\x13\xe2\x91`\x1a\xc2\xdd\x08\
K7A\xe4\xdb\x0c\x80\xff\xba\xa9\xf4\x91\xf5\x1a\x1e[\
\xbe_\xf2@\x22\x05\x10S5Q\x0a\xfa_\x1c\xe5\xe1\
\xe9\x06\xf4^>\xa4\xfd\xf8\x09\xc0\xd5\xa4\x18\xa8J\x00\
\x1a\xeb\xfc\xe1\xed\xf4U\x17\x82I\x00\xa4\x1fq\x92p\
\xd1Q\x7f\xa7\x9b\xacq\xa6\x8f\x0d\xbe\xeb\xa6\xd4\x07\x7f\
\xa2Q`\x95\xb7/K*g\xf6\x01|Q\x15Yn\
\xbd\xdc\x07-\xe8\x03\x8c\xbe\xe6\xf9\xa5\x8f\x1d\x90\xec\x94\
\x90\xf8\xc7=\x00\xe7\xd5\xdc\xb3k\xa8\x13\xc0\xb9\xaa\xe8\
\xabn\x84\x93\x00\x5c9z]\xb5\x06@\xb6z7\xce\
\xf4\xb1\xc1w\xdd\x94\xfa\x10\x80\x95T\x87\x82\x0e/\x1d\
\xf1R\x0eD=\xdd\xf7^\x80&\xef\xef*\xf9|\xd2\
\x94\xd2\x15\x1f\x01\xc3N}=x\xc9\x87\x95\xed\x02@\
)\xd9Z\x19\xd8v\xd5\xa1\xf3P\xefm\x87V\x9d\xce\
\xad\xfc\xc2\x80Y\x90\xe6J\xab\x17\xc1$\x00\xb8\x12'\
\xce\xeeUi:*\x97\xfa\xd8\xe0\xbbn\x9a\x04\x15@\
|T\x8d\xac\xa5#K\xb2\x8a\xea\x00~\x8bf\x17\x0e\
1\x02\x12-\xee9\xdfH\xa2h;\x1c7%\x00\xc6\
\xdc\x9e9n\xcd{\xc0\xc0\x0f\xbe\xfcs\x8e\x0b@>\
%\xafM\xf4\xf5\xe5rW\xe3\x02\xa8\xfd\x92\x0f\xab\xce\
d$\xe0\x16\xda\xeco\x12\xd8~I\xd7\xfc\xadG\x06\
\xec\x94\xfb\xfeF\x1b\xf8\xe7\xce\xd2\xf9U\x1d\xc1$\x00\
2\x00\x1d9\xe9\xa8\x07\xe8\xdc8\xd3\xc7\x06\xdfuS\
\xeaC\x10|\x95\x1e\x0a:\xb6\xd07\xdf\x1cXc7\
\xc3n\xa0\x19p\xd7\xe27\xf3Kc(\xeasB\x17\
\x0c\x00&\xa4-,\x0d\xfc\x03p\xf9\xe5\xb3\x16\x1e#\
\x00\xfc\x02_e\xee:\x96:R\xdd\xaa\xe8L\xc0m\
\xc4\xc3y\xe7\xe6\xefMfl/r\x8av\x09\xbb\x12\
hiB\xb9\x018?\x8f\xb1\xdfR\x1e\x9dZu\x84\
\x93\x00\x5c\x893'S\xd5\x03xH\xe3\xc6\x99>6\
\xf8\xae\x9bV_ \xf1\xfd\xf7\xd4\xba0&\x7fDv\
\x03`\xf5/\x9eC\x5cM\x80\x84{\xb7o\xc6\xbb\xd1\
7k\x1b\xd7ld[g\xa0\xef\x93\xe1\xf5=\xba\x03\
\xe4\x13\xa24\xf0\xffn\xdf\x81\xa4\xc2\x00\xc0\x8f\xe8L\
\xa5s\x05<H\x9f\x8a\xe8\xad\x1f\xaf\xfcn\xf2g\xa5\
\x961.G\x86n\xb7\x94\xef\xa6S\x97\x9b\xc3\xd8O\
\x07\x12B\x08!?_\xa6+Wu\x84\x93\x00\xb8[\
hC\xb5i\x83w\x0b\x81\xf8\xaf\x9bn3L0\xfc\
 \x03\xf2\xe3sJ2\x1b\x03\xab\x9a~S\xef\x13\x13\
 )\xf4~\xf4M\x17\xcd\x1b5\x1dP\xc7\xc1\xc2\x1e\
\xc0\xfb\xf0C.E\x81\xb6(\xa0:\x14\xf4\x01\xd9M\
R+\xac7\xbd\xf4\xca\x1e\xab[6\xf6\xb2\xf7\xc9\xa1\
\xfbZ\x1aP\xee \xcc\xc9a\xec'\x9f0\x81\x1f_\
\x8d+\x14T#\x98\x04\x80\xa1\xa4\x13\xafF\xd8\xff\xc2\
w}l\xf0\x5cw\xb6\xfd\xf3\xb5\xcfZ\x02+;O\
\xfd\xb1\xaf\x11\x9024\xd1\xe3n\x97\xaa\xd7\xf7\xca\xa5\
\xb4\xdfKc\x00\xdf\x91\xee(V\xefo8\xd7\xc8\xd9\
4G\xbd\xdf\xfa\xbf\xe6\xaf\x19\xeeYq\xf9\xda\xc1\xf3\
EG\x1cd\x0etj\xb2\xb2\x18\xdb\xb7/\x13\xf87\
n\xd0\x95\xab>\x04\x93\x00\x88\x1b\xbap2R]\xa0\
s\xe3L\x1f\x1b|\xd7M\xa9\xef\xdb)\x93\xbf\xeaY\
\x0fH\x93&\x87?T\xba\xb8\xf7u\xf4\x0cd\x8d\xf5\
\xb7\x02\xafJJ\x9f\xbe\x9c\xa4\xc4!\x0d\xa9\x00@\xb6\
b\x17\xd5k;\x07\x8c\x97H\x01,\xc7<Un\xd7\
\xa6\x9e/:\xe2 \xa5\x0c\xfc\xe7\x19\x8cu\xa9\x1c\xf1\
o\xde\xa4+W\xfd\x08(\x01\x10n:\xea,\xba\x15\
[\x9c\xe9c\x83\xef\xba)\xf5\xd1\x06\xbe~\x92\xe1z\
\xa3\x1c`d\xce7q>\x9f\x03\xbb\xda\xad\x0d\x9f\xa1\
\xcc1\x03O\xa1\x03 \x04\xfeT\x09\xa0%L\xab\xef\
\xeb\xc9\xe9i\x8c\xedS9\xe2\xdf\xbe]]5W\x15\
\x09#\x84\x83\x86%\x12\x89D\xc2E\xcb\x22\xef\x12\x86\
\xb7\x8c2M3\x81\x05\x0d\x7f\xd8u\xc2\x08\x90\xf6\x91\
\x96\xe8\x95\x00K\x7f\x1f\xb7\xa4c\xdd7\xfd\xed\xa3[\
\x9c\xfd\xe0,\xe0\xd3\xe2\xc7\xf4\xeb*\xcf\xf9e(\xbe\
S\x98\x94g\x0eL\xf8\xb4\xe7\x92\xbaj^\x05\xb2\xf3\
,\x95\xb1\xbd+\x03\xff\xee\x9d\xaa\xd6T\xdd\x08f\x06\
 \x22\xf2o\x8c=\xcc\xcc\xcd\xd3\x80E\x86\x1b\xf7\x9f\
\xd2\x03\x9a\x04\xb5\x8cp\x8a\x06\x9e\xe4$\xb8\xfd\xa1\xe2\
e[\xf9\xc1\xb2\x82Wr\x00v\x08B\xbe\xfavt\
\x9f\xea\x06\xea\xed)\x06\x80%\x80\xa1\x86*S\x9e2\
\xb6Wo&\xf0\x1f<\xd0\xb0\x02\xad#&\x00\x11A\
aZf\xeel\xf9\x14X\xb2,\xf0\xda\x19}\xc0\xa6\
_\xd3[m.\x03\x00\xe9\x06\x19@\x221\x1e2\x00\
\xef\xb3T\x90\x03\xe6\xc1\xdb\x05\x12\xa4jj_|\xb3\
\xc8\xb4\xc0\xabX\xbeb\xd8$\xbbn\x1b\x0c\x8b\x00\x00\
\xbbhU&'3\xb6gO&\xf0\x1f\xd3|]\x90\
\x13\xc4\x04 \x22\x08\xcc\x9d-m\x1b%\x00\x8bg\x04\
N9\xa3\x0f4\x1cc7\xadE<@\x06\xe1\xf5^\
|\x9c\x84C\x07\x00XN\xdd\xceA\x16t\x00\xb2\x07\
[\x95\xf5\xfe\xa2\x8c\x82\x98\x5c\xff\xa2\x84\xe5'&t\
\xee\xb4E^\x94z:)\xe4\x1e\xc53\x08\x86\xc4\xca\
@W\x8c\xf8II\xb4%\xb9BL\x00\x22\xbc\xa6\xfe\
Tk\xa9\xfd=`\xc9\xb6M)g\x8d\x80\xfa\x9d\xad\
\xa76\xb9\x0d \x0cJ\xcf\xda\x93\xb9\x1aH\xe5*\x8e\
\xf1.iY\xbc\xb0\xa0\x0e\x800\xe8\xfe\xfb5`\xde\
\xe2\xec\x80\xcc>\x85O\xbd7M,\xee\xf4\x9b\x91c\
\xfa\x9e\xa7!\x8f\xda\xd2\xaaLH`l\xef\xca\xc0W\
\xcc\x00\xf8\x8f`\x12@\x98\xc9\xb5\xc2r\x0eNR\x1f\
\x99\xdf\xdeHw\x8az?\xae\xf4\xb1\xc1w\xdd\xb4\xfa\
\x96\xa5l\xfe-\xd6\x0c\xa8gnu\xcb\xe61\x800\
\xa2\xfc\x90\xcdJt\xbbH'\xe9\xa9\xa8\xafB\xa7<\
\xa8\x5c\x07@\x181\x82\x0c\xc8\xbe\x939\xfaY\xf3\xc2\
;\xde\xcd&N\xeet\xd7\xa8ufV\xda\x8e\xe4\xe6\
\xb4\xbf\xe2\xfe=\xc6*\x1e\xee)\xee\xf9\x85\x83`\x12\
\x00\x99\x84\x11\x9c|\xc5v\x1d\x9d\x1bg\xfa\xd8\xe0\xbb\
nJ}\xe6s\xad\xe6\xda$\x03\x04\xa0\xeb\xad;\xfe\
\xbe\x05P~\xe6p\x11\x8a\xa0\x03dZ\xa4=L\xbe\
SX\xba<q\xe2/\x9d\x1a\x19\xb5\xce\xc9\xca\xdc\xfa\
\x8c:\xf0\x15O\xf1\x15S\xfd\xb44\xda\x92|C8\
\x09`\x1a\x19\xcd\xd1G,O\xd0\xb8q\xa6\x8f\x0d\xbe\
\xeb\xa6\xd4\x87\x08\xb2G\xa3\xf7\xf0\xd1X\xac\xca\xbfl\
}\xd9\xcdW1\xe4\xf8\xb2\x1e\xeeI\x1d\x06\x18\x0d\xc8\
s\xce\x8e}nM[\xb9\xe2\xbd\xbdb\xaa\x9f\x91\xa1\
\x812^\x22\x98\x04\x80\xb9\x18\xcf\xab\x11\xf6\xbf\xf0]\
\x1f\x1b|\xd7}\x04\xfb4\xe9\xa5\x06\x96\xf2\xc7&\x05\
\x00\x9e)\xbf\x9e\x1b\xffbE\xba\x8fd\x00n\xc2\x96\
([)\xa8\x14\xc5J=\xc5\x92\xdd\xccLzE\xfc\
F0\x09\x80\xcc%\x139\xe9\xa8\x87\xb0\x89\xc6\x8d3\
}l\xf0]7\xad\xbeH\x1c\xd4\xa4\x97J\xc6H\xfa\
1w\x00,'\xee\xb8\xc0\x96$\xd1\xd6\xf6\xeb\xf5\xca\
B\x95Kv\x15k\xf7\xdf\x1d\x04\x93\x00\xb0\x94L\xe3\
(\xc0\xa8:*\x87\xfa\xd8\xe0\xbbn:}Q$\x5c\
\x93[\x00r\x1a\x03 \x03`U5Q\x0cW\xaf0\
\xb6_\x7f&\xf0\x15\xbb\xf5\xde=\x04\x93\x00\x887f\
r\xd2Q)On\xe3L\x1f\x1b|\xd7M{\x22\xde\
i\x1c\xd1\xa4\x97\xde\xf3\xfcm\xea\xa5~%\xa7\x01L\
\x00\x0c4\xdc0\xac\xd8\x7f\xaf\xd8\x8f\xaf\xd8\x9f\xff\xee\
\x22\x98\x04\x80\x95d>G\x01F\xf7\x01\x07\xee\xf4\xb1\
\xc1w\xddT\xfaH4\x22iz\xe9\xef\x9f\xc4\xe5D\
\x85\xbd\x9c\x19\x90\xb4x\xd6\xf0\x9f\x0d\xfc\x01\xa8|]\
\xf8:\x97.2\xd6\xf5S&\xf0\x0b\x0ahK\x0a\x1d\
\xc1$\x00\xb2V\xb3ODU\x1b\x94\xdfo\xe1L\x1f\
\x1b|\xd7M\xfb]\x9c\x18r\x5cU/\xbdv \xd6\
\xfaP\x5c\xe9\xd4\xa0\x1c\xafk\xa3g\xe8\x07\x95\xb7.\
\xb7-\xa3\xee\xd51\x95\x87\x87\x0f\xac\x1c\xf1\x8b\x8ah\
K\xbe+\x08&\x01 \x80\xac\xe0h\xa4\xeaM\xe5\xc5\
\x9d>6\xf8\xae\x9bN\xdfE\xe5\x9f\xfb\x8e\xbbp\xca\
no\xc9\xab\x89[\x22Vv\x1d7X\x16B,+\
l+th\x9b>\x15\xcd\xd8\xa1\xc3jk\xe0+\x10\
L\x02 AX\xcb\xc9H\xb5\x8d\xce\x8d3}l\xf0\
]7\xa5>\x5cF\xcc\xbf{\xe9\xf9\xaf\x8f~\xb5-\
\xa9,mg+\xbf\xbc)\xef\xeb\x85\xc0\x12\xe1\xf4{\
\xca\xa3*\x8f\xe8\x1aV\x19\xf8%%\xf4\x82\xdfM\x04\
\x93\x00\x10J\x028\x0a\xb0fT^\xdc\xe9c\x83\xef\
\xba\xe9\xf4]A,t\x80SC\x0e\x16\x078\x97'\
\xef\xc5\x0fCf\xdf\x97\xdab\x0c:\xd1\x07~d$\
c?\xfb\x8c\x09\xfcR\x15\xbb\x05j\x17\xc2I\x00{\
\xb0\x95g\x01\xf6:|\xd7\xc7\x06\xcfu\x1f\x93\xec\x1e\
\xe8\xeb\x0d\xfc\x14\xb6\xc5k\xc9}][\x84\x81\xf2h\
m\x008\x14\xce\xd8\xd1_\x88\x81\xaf\x1c\xc1$\x00\x12\
\x8e\xdd\x9c\xa8\xadO\xe7\xc6\x99>6\xf8\xae\x9bR\xdf\
O%[\xbc\x96P\xee\x1b\xf8\x87\x03a\x8c\x1d\xf3%\
\x13\xf8ee\x9a\xd6P[\x10\x8f\x04\x13y\x87\xd8\xb3\
\x87\xb1\xe3\xdc\x99~].\x06\xbe\x1a\xa8\x9f\x9b\x8a\x88\
\xf0\x97\xd0P\xc6\x8a\x81\xaf)b\x02\x10\x110\xdb\xb6\
2v\xfc\x041\xf0\xab\x86\x98\x00D\x04HP\xe5\xc7\
5'Oa\x02\x9fTp\xabG\xb8\x88\x09@D@\
\xfc\xe0\xcf\xd8i\x9eb\xe0W\x0f\xe2C@\x11A\xc0\
\xf4S\x89\x84k\x1d\xef\x1a\x9c%\x00\x11\x11\x11\xee\x11\
o\x01DDj1b\x02\x10\x11\xa9\xc5\x88\x09@D\
\xa4\x16#&\x00\x11\x91Z\x8c\x98\x00DDj1b\
\x02\x10\x11\xa9\xc5\x88\x09@D\xa4\x16#&\x00\x11\x91\
Z\x8c\x98\x00DDj1b\x02\x10\x11\xa9\xc5\x88\x09\
@D\xa4\x16#&\x00\x11\x91Z\x8c\x98\x00DDj\
1b\x02\x10\x11\xa9\xc5\xfc\x1f\x5c/\xe2z\x9b\xf5\x82\
\xc6\x00\x00\x00\x00IEND\xaeB`\x82\
\x00\x00\x07\x94\
\x89\
PNG\x0d\x0a\x1a\x0a\x00\x00\x00\x0dIHDR\x00\
\x00\x00\x80\x00\x00\x00\x80\x08\x06\x00\x00\x00\xc3>a\xcb\
\x00\x00\x07[IDATx\x9c\xed\x9d\xbdnd5\
\x14\xc7\xff\xcb\xf2\xd1@\xb1\xa9\x80\xa5\xcaR\xb8\xcfR\
\xd0'\xfd\xae\xb4\x89\xc4\x0bL\x1a(\xa0\xd8\x84\x17@\
3l\x01\x05\x14\xc9#$Z\x16D9\xfb\x08\x89V\
\xa2r\x11R-\xa2#\x054\x04\xa1E7:\x0e\x8e\
\xc7\xf6\xf8\xce\xf8\xde\xb1\xef9?)\x8a4\x1f\xd7\xc7\
\xf6\x7f\xec\xe3\xe3s}!\x08\x82 \x08\x02Kn\x99\
J+\xa5|\xf5\x7f\x13\xc0\x03\xfa\xfb\x18\xc0\xfb\xf4\x9a\
P.\x7f\x01x\x09\xe0\x05\x80g\x00~\x02p\xe9Z\
\xab\xb5\xbe\xfa\xffz\xa4\x1a\x0f\x01|\x0d\xe0C\xe9\xec\
\xaax\xbb\xf9=\xd3\xdf'\x00\xce\x00\xec\x01\xf8\xc1W\
\x89\xd7<\xaf\xdd\x060\xa1/H\xe7\xd7O\xd3\x87O\
\xa9Oo\xbb\xb5\xf1\x8d\x00_\x01x\xcc\xbd\xd5\x06\x88\
\xe9\xd3=\xbbj\xee\x08\xf0H:\x7f\xd0<\xa6>\xbe\
\xc6\x16@\xe3\xdc}\xc3\xbd\x85\x18\xf0\xad\xed\xc8\xdb\x02\
\xd8\x06\xf0\x01\xf7\xd6a\xc0]\x00;\xa6\x9a\xb6\x00\x1e\
po\x19F\x5c\xf7\xb5-\x80\x8f\xb8\xb7\x0a#\xee\x9b\
\xaa\xda\x02x\x97{\xab0\xe2=SU{\x19\xf8V\
b\xfdo%|FX\x1d\xaf\x12J\xf6:\x81\x02C\
D\x00\xcc\x11\x010G\x04\xc0\x1c\x11\x00sD\x00\xcc\
\x89\xe5\x03t\x8a\xd6z\x04\xe0 \xa5\x0c\xa5\x94,=\
;be#\x80R\xea\x90:\xf6\x1e\x80\xd3U\xd9\xc1\
\x9d\x95O\x01J\xa9s\x00\xbb\xdc;bU\x94\xe2\x03\
\x9c\x17`C+\xb4\xd6\xdbZ\xeb_+2\xd9K\x11\
\x02PJ]\x14`F2Z\xeb;\x00\xc6\x95\x98\x1b\
EV\x01\x8b\xd18\xaf\xeb5\x1a\xee\x22\x02h\x89\xd6\
z\x8f\x92g\x06\x81\x08\xa0\x05\xb4t\x1d\xc4\xd0o\x10\
\x01$\xd2&nQ\x13\x22\x80\x04h\xd8\x1f\x5c\xe7\xa3\
\xafH\xa05onX/\x1f6\x7fJ\xa9\xacA\xa0\
fyF\x0e\x9a[\x1eh\xb9\xd9\x94{L\xf1\x87\x94\
\xeb\x1du1\xe7\xe7\xb6sQ\xec{\x03S2I\xd0\
&#(q\xd8\xdcWJM\xb4\xd6\xc1\xf2SB\xc1\
$\xb26\xf3\xf3U\xb9\x91\xebm.\xe1\xedo)\xa5\
\x9e\xf7a\xa7\x87\xa4~\xd4Z_\xb5igS@`\
\xd8\xbc\xa0\xc6i\x0a_#\x95\x8f\xe9\xb3\x8b\x96\xb3\xae\
\xb5>\xb1\x1a\xf5\xd4\x94A\xe5\xec\x04\x02MM\xb9^\
q6\xd7\x040\xcd\xb9\xd4\xeb\xc2\xce\x1ct2\x02D\
T\xbe\xdb\xec\x018\x9f\x1d\xbb\xb7+\xb9\x84F\x80@\
G\xad\xb9\x81%\xadu3\xc4\x9e\x04.?c\x93\xa7\
\x8cP\xc4\xef\x5c)u/f{_vZ\xacv\x04\
\xa0\xca\xfa:\xff\xc2W\x01\xa5\xd4\xfe\x12\x9bAc\xcf\
\xaft\xd3S\xc6i$\xdc\xbc\xf0\xe8\xd3\x82b\xed\xec\
b\x0a\x08\x19\xea\x9d\x13\x89\xfd\xb6\x85P8\xd6\xe7\x9c\
\x1d\x90\x08SY\xa7kuB\xe9vf\x15\x00\x198\
\x0a\xbc\x1d\xfc\x95\x87\x1c\xa69\xb8\x9e\xb3!dC\xcc\
\x9b\xeeL\x00\xa5\xdb\x99{\x04\x88-\x97r/gr\
n u\x19\xd7/\xda\xce\xdc\x02\x98\x99\xd7,\xb2\xee\
\xf8\xd1|y\x1cx{\x91\x11\xa5\x13J\xb73\xb7\x00\
z\xdd!SJ\xed\xd0\xc9\x17\x86f\x94\xd9q\xa7\x14\
\x8aG\xacl\xf7\xaed;sG\x02c\xc6w\x12\xd1\
\xa2U\x84\xd7\x89\xa4\x06\xdd+a\xeb\xb6T;s\x0b\
\xa0Kg*\x19k\xd7\xce\xd83!g,6E\xb1\
\xb4\xb3\xcf\xcd\xa0\xce\xc5a\xa5i\x1dX\xe5\xed\xd0\xaf\
\xaf\x18J\xb2\xb3\xcf\xb4\xf0.\xd7\xda\xeb\xd4\x98\xee/\
'\x18\x93_\x05%\xda\x99[\x00\x17\x91\x8e\xeeD\x00\
\xb4is\xe4\xb9\xfe~a\x9d_\xa4\x9d\xb9\xa7\x80^\
\x83\x18\xb4\xa5:\xf5\x5c\xfby\xcb\x1d\xb4N)\xd9\xce\
\xdc\x02\x88)9\xab\x87k\x0d\xa7>R6Mz\xa1\
t;s\x0b \xb6\xa9\x93\xdb\xb3\x1dEF\x95\x92\xee\
4*\xda\xce\xac\x02PJ\x1dG\xa6\x81\x8d\xd0\xe6\xc7\
\x82\xf9\x00\xc9\x82\xa2rC1\xf9(\x192rz\xb1\
sQ\xbaX\x06\xc6\xe6\xb4\x99\x8e&\xe7(\x9a!\x13\
\xd8\x05\x8b\xf9\x14n\xa3\x8f\x97\xf4ABa\xec\x1b\xd7\
\xa4\xa4\x8f\xa3\xd8g\x1cr\xdb\xd9\x9a\xec\x02\xa0=\xff\
\x90/0\xa2\x04\x90+\xe8\x97?M\x18\x0a\x0f<\x22\
\x88\xed-\x8c)\xb9\xc2\x94q\x11\x89\xc7#\xe1W\x17\
\xaa\xcf\x1d3z\x91\x90}u\xe9\xd3\xce\xd6t\x15\x08\
\x0a\xa575\xec5\xf9\x7f\x94\x0386q\xf19\xd7\
k\xbc\xe8?\xb4\xd6S\xeb\xb5XC5b91y\
\x86J\xa9\xdd9\x22\x1b\x93M\xa1\x91(6\xaa\x8d\xa9\
\x9c)%\xbd\xb8\x9f\xed\xd3\xce\xd6t\x22\x00Ju\xba\
\x9f\xb0\xdbe\xf2\xe2b\xf3\xec\x84b\xe8\xcd\xe7\xb6\xac\
2&s\x1a\xcb\x5c\xdbt\xc8\xe1\x9ce\xea$\x14\x89\
\xa3\x1d\xbd-\xdf{Ny3B\xee\xd3\xceE\xe84\
+\x18\xff\xaf\x817\x9d\xe4\x87SJy\x9eX\x9f{\
eU\xfe\x9c\x1c\xca\x94\xeb\xbb\xf9\x87\xc7\xb4\xbe\x9eY\
b\xd14\xb2\xe7\xf8\x22\xc7\x94\x9e>7\x18CN\xda\
\xc8\xf9\xfeL]Vlg\xab\x9c\xc0\xce\x05 \xf4N\
\x19i\xe1B\x1d\x88\x00\x98#\x02`\x8e\x08\x809\x22\
\x00\xe6\x88\x00\x98#\x02`\x8e\x08\x809+;*6\
\x07\xd6qm&\xcaxZZ*X\xe9\xd4>\x02L\
\x9d\x10s\xb3[6\xa5\xf0\xb3\x90@\xb5\x02\xa0\x9c\xfa\
\xd0\xf6h\x1f\xb7|\x0f\x82\x9aG\x80X\xe2D\xafY\
55S\xb3\x00b\x89\x16r\xfax\x22\xd5\x0a\x80\xb6\
QC\x1d]LJx\xe9\xd4\xee\x04n9\xa9\xd5&\
\xb9\x22)\x97@\x90|\x80!\x22\xf9\x00B:\x22\x00\
\xe6\x88\x00\x98Su(\xb8k(\x09t\xdbI\xe6<\
\xa7\xe4\xccA\xac4\xaas\x02cg\x0a[\x1cR\x8e\
\xbd\xfd\xbd\xd8\x89\x9f\xd7\x98SI\x13\xce\xf45+\x8e\
\xd2\x1ew3l'\xd0:W\xb7U\xc3\xd3\xbd\x07k\
sn\xd4\xb8\x82\xce\xe6\x9dw\xf3\xc5\x06\xedETM\
\x95>\x00\xad\xf3[\xdfZM\xbf\xd6\xe8M\x15\xd4\xf9\
#\xdaU4\x87Z\x87v\x177j\xdfx\xaa\xd9\x09\
\x5c\xe8\xae\xdd\x84\xbb}G\xf6\x11\xed\x09\xa2)\xea\xe0\
\xa9\xb6\xb0\x13@\x023\xa7v\xccy\xa8E\xd5O\x0f\
\x93e\xe0,\xa1\xa7\x98\x86|\x0e\x11\xc0\x90\x88L\x11\
U=\xdc2\x15\x11\x00sD\x00\xcbS\xc4\xe9\xa8\x8b\
\x22\x02X\x1e\x11\x80P/\x22\x00\xe6\x88\x00\x98#\x02\
`\x8e\x08\x809\x22\x00\xe6\x88\x00\x98#\x02`N\xcd\
\x02\xe8{\x13\xa6\xeaM\x9f\x10\xec\xee\x0d\x9c\xf7\xf8U\
sv\xef\xbc\xd7\x9c\xf7\xab\x15G\x95\x02\xb0\x1e\xb3\x16\
b\xc3w\x9e.u\xfe\xbcG\xb1\x8f\xed\x0e\x8d<\x0c\
\xdb\xfdN\x95!\xe1\xa1&\x85\xda\x5c=v=5)\
\xd4\xc2<\x16\xbe\xd5w2<_`Y\xe4\xa8X\xe6\
\xc8\xadaB:\x22\x00\xe6\x88\x00\x98#\x02`\x8e\x08\
\x809\x22\x00\xe6\x88\x00\x98#\x02`\x8e\x08\x809\x22\
\x00\xe6\x88\x00\x98#\x02`\x8e\x08\x809\x22\x00\xe6\x88\
\x00\x98c\x1f\x13\xf7'\x80w\x12\x9a\xa3mB\x86P\
\x1e\x97\xc6\x22{\x04\xf8]:\x8a\x0d\xd7}m\x0b\xe0\
\x17\xee\xad\xc2\x88\x13SU[\x00?ro\x15F\x5c\
\xf7\xb5-\x80\xe6\xec\xbd\x97\xdc[\x86\x01\xbf\xd9\x87e\
\xda\x02h\x1c\x83/\xb8\xb7\x0e\x03>\x07\xf0\xb7\xa9\xa6\
\xbb\x0cl\x94\xf1\x84{\x0b\x0d\x98'\xeeQ\xb9\xbe8\
\xc0\x97\x00\xbe\xe3\xdeR\x03\xe4{\xea\xdb\x1b\xf8\x04\xf0\
/\x80\xcf\x00<\x02p\xc6\xbd\xd5\x06\xc0\x19\x1dy\xff\
)\xf5\xed\x0db\xcf\x0bx\x0a\xe0g\xfa\xf2C\xba\xdf\
\xee.\x807\xb8\xb7h\xe1\xfcC\x8e^s\xbc\xed3\
\x1a\xf2/\xab\xae\x91 \x08\x82 \x08y\x01\xf0\x1f*\
\xbb\xbf\x8cC\xba\xf2Z\x00\x00\x00\x00IEND\xae\
B`\x82\
\x00\x00\x02y\
\x89\
PNG\x0d\x0a\x1a\x0a\x00\x00\x00\x0dIHDR\x00\
\x00\x00\x80\x00\x00\x00\x80\x08\x06\x00\x00\x00\xc3>a\xcb\
\x00\x00\x02@IDATx\x9c\xed\xdd\xe1m\x13A\
\x14\x85\xd1gD\x09@\x15\xd0MZ#i\x82r\xa0\
\x09(\xc2\xc8\x92\x89\xac!\x967\xf6\xda;3\xf7\x1c\
\x09\x01\x12rb\xfb\xcb\xbb\x7f\x02\x14\x10l\xb7\xe4\xa9\
\xef\xf7\xfb.^\xa1\xddn\xd1\xa7\xfb\x1eO\xc7?\xfb\
c\xcd\x07\x1d\xe9\xf5J\x0e\xe0SU\xfd:\xfe\xfak\
U\xfdY\xeb\x81Gz\xbd><\xe43\xe9\xd3KU\
}9\xfexN}\x11R\x03x:9\xffo\xfd>\
F\xe2\x04\xfc;\xfd\x87\xaf\xfcS\xbf\xd7\x9a\x02\x13\xd0\
\xb7\x977\xde\xfcJ\x9d\x82\xb4\x00.\x9d\xfa\xb8)H\
\x9a\x80s\xa7\xbfu\xf3\x14\x98\x80>\x9d;\xfd\xad\xa8\
)H\x09\xe0\xbd\xa7=f\x0a\x12&`\xe9\xe9o]\
=\x05&\xa0/KO\x7f+b\x0af\x0f\xe0\xd6S\
>\xfd\x14\xcc<\x01\xd7\x9e\xfe\xd6a\x0a\xbe\x1d\x7f^\
\xc4\x04\xf4\xe1\xda\xd3\xdf:<\xc6\xf7\xc9^\x9bW\xb3\
\x06\xb0\xf6\xe9\x9ev\x0af\x9c\x80\xb5N\x7fk\xf1\x14\
\x98\x80m\xadu\xfa[SN\xc1l\x01\xdc\xfbTO\
7\x053M\xc0\xbdN\x7f\xeb\xe2\x14\x98\x80m\xdc\xeb\
\xf4\xb7\xa6\x9a\x82Y\x02x\xf4i\x9ef\x0af\x98\x80\
\xcfU\xf5\xf3A_\xfd\xa7\xceN\x81\x09x\xac\xe7\x0d\
\xde\xfc\x9ae\x0aF\x0f`\xebS<\xfc\x14\x8c<\x01\
[\x9d\xfe\xd6\x7fS`\x02\x1ec\xab\xd3\xdf\x1az\x0a\
F\x0d\xa0\xb7\xd3;\xec\x14\x8c8\x01\xbd\x9c\xfe\xd6\xeb\
\x14\x98\x80\xfb\xea\xe5\xf4\xb7\x86\x9c\x82\xb4\xbf\x19\xb4\xf4\
\x89\xdc\xf4\x81\x5c\x00\x86!\x80p\x02\x08'\x80p\x02\
\x08'\x80p\x02\x08'\x80p\x02\x08'\x80p\x02\x08\
'\x80p\x02\x08'\x80p\x02\x08'\x80p\x02\x08'\
\x80p\x02\x08'\x80p\x02\x08'\x80p\x02\x08'\x80\
p\x02\x08'\x80p\x02\x08'\x80p\x02\x08'\x80p\
\x02\x08\xf71\xec\xe9\xaf\xfe\xdf\x8f\x8fn\xa8\x00z\xf9\
\x87\x17fb\x02\xc2\x09 \x9c\x00\xc2\x09 \x9c\x00\xc2\
\x09 \x9c\x00\xc2\x09 \x9c\x00\xc2\x09 \x9c\x00\xc2\x09\
 \x9c\x00\xc2\x09 \x9c\x00\xc2\x09 \x9c\x00\xc2-\xfd\
\x16)\xdf\x8a3\xa6\x8b\xef\xaf\x0b\x10N\x00\xe1\x04\x10\
N\x00\xe1\x04\x10N\x00\xe1\x04\x10N\x00\xe1\x04\x00\x00\
\x00\x00\x00\x00\x00\x00\x00\x00\x00\x00\x00\x00\x00\x00\x00\x00\
\x1d\xaa\xaa\xbf\x18\x98\x84\xedp\xd0\xaf\x16\x00\x00\x00\x00\
IEND\xaeB`\x82\
\x00\x00\x05H\
\x89\
PNG\x0d\x0a\x1a\x0a\x00\x00\x00\x0dIHDR\x00\
\x00\x00\x80\x00\x00\x00\x80\x08\x06\x00\x00\x00\xc3>a\xcb\
\x00\x00\x05\x0fIDATx\x9c\xed\x9a=o\x14W\
\x14\x86\x9f\x13\x22\x11\x0b\x85\x8a\x06\xd3\xd0\xf8\x17\x84\x0a\
7\xb8\x84\x0aEBI\x91\x92?\xc1\x1fHG\xba4\
\x94\xd0E\xacAF\x8a\x10\x128HPA::K\
\xd0`\x84\x01)\xc2N\xc4\x87\xe4\x9ch\xbcwc{\
\x98\xd9\x9d\x8f]k\xc6\xe7}\xa4+kw\xef\xde\xbd\
{\xcf3\xe7\xce=k\x84\x10B\x08!\x84\x10B\x08\
\x11\x06\xab\xf1EW\x80g\xc0\xc0\xdd\xff\x94\x22\xfd\xc4\
l\x7f\xc8\xbf\xaa\xf1-\xb2\xe0_\x01\x9e\x9a\xd9\x0b3\
\xbbjfg\xcd\xac\xce\x18\xa2c\xd4\xc9\x00g\x80'\
\x05\xcf\xbf\x02n\x01\xcb\xc0Cw\xdfV\x90\xbbK>\
\x03\xd4\x11 \xeb\xfb\x1c8=\xa6\xcf;\xe0v\x92\xe1\
\xbe\xbb\x7f>\x5c\xcb\xd7\x7f\x1ao\x01\xee\xee\xe9J\x1f\
\xc7\x09\xe02\xf0;\xb0af7\xcc\xec\xa2\x99\xcdE\
_\xf8\xaeR9\x03d\xf17\xb3E\xe0Q\x83\xef\xf2\
O\x92b\x90\xfdu\xf7\xad\xde\xaf\x5cOi\xbc\x05$\
\x01\xb2\x8c\xf1\x128\xd9\xe2\xeb\x7f\x04\xee\x01\xd7\xdd}\
p\xb8\x96\xb7\xfb\xe4\x05\xa8L&\xc0p\x17\xe0\xd7\xec\
a\xcb\xb6\x09,\x8e\xc6L\xe3\xb6\x1d3|\xdb\xbb\x9e\
e-O\x93#\xdcrK\xcd\xb3\xf4\x7f\xde\xdd\x1f\xb7\
\x1cGL\x81Z[\x00\xc3\x14r\x04x\x9dn\xf8\xea\
R\x1a|3\xfbROQ\x0bw\x9f\x18\xcf6\x85\xa0\
\x91\x08\xdb\xa9*\xd8$\xf8\x17t\xe5w\x8b\xa6U\xbc\
\x9b5\xfb\x8f\x82\xdf\xe4\x04!fHS\x01\x1e\x00\xef\
k\xf4\xcf\x04\xd8P \xbbG#\x01\xdc\xfd\x13p\xa7\
\xc6[\xe6\x81U3[\xe8\xe9:\x1dZ\xda\xfc\x903\
\xa9*\x98\xe7\x94$\xe8\x1e\xb5O\x01#Ry\xf7-\
p\xac\xa0\xfbVj\xf3\x05\xaf\xad\x03K\xee\xbe\x96\x1b\
O\xa7\x80\x96\x1c\xc8)`\x84\xbb\x7f\x00\xee\x16\xbc\xb4\
s\xd4\x03\xce\xa5`\xe7Q&\xe8#E\x95%\xe0\xc7\
\x5c\xf5m_\x85\x0fXH\xa5\xe3\xa2*]\xf6\xfcB\
\x95\xeaU\xf4V\xb5\xc2\xd9\xa4\x12\xd8x\x0b`\x98N\
\x8e\x03o\x80\xa3eE\x9et\xa5\xaf\xa6+?O\xe1\
v \xbeX\xe7J\xdb\xe3\x81n\x01\xe9\x037\xd3\x0f\
;\xa5\x15\xbe\x14\xdc\xa51\xdb\xc1\xb56s\x10\xedh\
\x95\x01\x18\x1au)\xfb\xaf\xa0I\x15\xbe\x92L\xb0\x96\
2@\x91\x1cbw\xedf\x96\x01Z\x0bP\x87\x9c\x04\
\x0a~E:-@\x83\xdf\x97\x17R\xda\xffI\xc1\xaf\
F\x1f\x04\xa8\x9a\x1el\x1a\x99$\x1a\x9d\xbd\x09\x14\xfd\
G\x02\x04G\x02\x04G\x02\x04G\x02\x04G\x02\x04G\
\x02\x04G\x02\x04G\x02\x04G\x02\x04G\x02\x04G\x02\
\x04G\x02\x04G\x02\x04G\x02\x04G\x02\x04G\x02\x04\
G\x02\x04G\x02\x04G\x02\x04G\x02\x04G\x02\x04G\
\x02\x04G\x02\x04G\x02\x04G\x02\x04G\x02\x04G\x02\
\x04G\x02\x04G\x02\x04G\x02\x04G\x02\x04G\x02\x04\
G\x02\x04G\x02\x04G\x02\x04G\x02\x04G\x02\x04G\
\x02\x04G\x02\x04G\x02\x04G\x02\x04G\x02\x04G\x02\
\x04G\x02\x04G\x02\x04G\x02\x04G\x02\x04G\x02\x04\
G\x02\x04G\x02\x04G\x02\x04G\x02\x04G\x02\x04G\
\x02\x04G\x02\x04G\x02\x04G\x02\x04G\x02\x04G\x02\
\x04G\x02\x04G\x02\x04G\x02\x04G\x02\x04G\x02\x04\
G\x02\x04G\x02\x04G\x02\x04\xe7\xeb\xe8\x0b\xd0\x07\xdc\
\xddf5Me\x80\xe0H\x80\x0ebf+f\xf6\xb3\
\x99}7\xeb\xd9I\x80n\xf2\x0c\xb8\x02<5\xb3\x17\
fv\xd5\xcc\xce\x9a\xd9\xd4\xe3Uyoq\xf7\xe2\x01\
lg\x88\xe2\x17\x0b\xba\x97\x8d#\xf6\xad\xe9\x19\xe0I\
\xc1\x92\xbc\x02n\x01\xcb\xc0Cw\xdf\xae\xbbl)^\
\xbb\x8f\xab\xbeQ\x02\x1c\x1c6\x5c\xd4\xe7\xc0\xe91\x1f\
\xfa\x0e\xb8\x9dd\xb8\xef\xee\x9f\xabL0/@e\xb2\
\xc0\x15\xb5\x84\xab\xb5k\xf9\xb5\x05~\xa91\xe6_\xc0\
\x0d\xe0\x220W\x16\xabV\x17\x9f\x04\x98m+X\xd7\
\xc5\x86\x9f\xf97\xf0\x1b\xf0\x03\xf0\xed$\x01\x0ez\x0b\
\x10\xe5\xeb\xbb/\x16\xe9\x86\xef%p\xb2\xc5\x9a}\x04\
\xee\x01\xd7\xdd}@\xc1\x16\xa0S@Gq\xf7\x7f\xd3\
\x0d_\x1b\xbe\x01\x96\x80\xd7ecH\x80n\xb3\xdcr\
v[\xc0yw\x7f\x5c\xd6A[@G(*\xf7\x9a\
\xd9\x91t\xf5\x9eh0\xcb\xc2\xe0k\x0b\xe8\x11\xe9\x9c\
\xbf\xd2`\xc6Y\xf0/\x8c\xbb\xf2GH\x80\xees\xb3\
\xe6\x0cG\xc1\x7fT\xa5\xb3\x04\xe8>\x0f\x80\xf75f\
\x99\x09\xb0Q\xb5\xb3\x04\xe88\xee\xfe\x09\xb8Sc\x96\
\xf3\xc0\xaa\x99-T\xe9<\xad\x9b\xc0\xca\xa8\x14\x5c\x1f\
3\xfb\x1e\x18\xd4|\xe3zv\x04t\xf7\xb5\xbdON\
\xfd\xb7\x001{\xccl\x0ex\x0b\x1c+\xf8\xb0\xad\xd4\
\xe6\xabH\xa0S@\x0fq\xf7\x0f\xc0\xdd\x82\x99\xef\x1c\
\xf5\x80s)\xd8yNM\xda\x0e$@\x7f\xc8\x9f\x06\
\xfe?\xe7\xa7+|\xa9\x89\x04\xda\x02z\x82\x99\x1d\x07\
\xde\x00G\xc7\x14y\xb2 \xaf\xa6\xa0\xe7YO\x92\xec\
\xbb'P\x06\xe8\x09\xee\xbe\x99~\xd8)-\xefV\xc8\
\x04\xd7\xf2O*\x03\xf4\x083\xbb\x94\xfdW\xd0\xa4\x0a\
_I&(\x94C\x02\x1cRr\x12\xac\xa5\xd3\xc0\xba\
N\x01A\xd8\xb3\x1d\xfc1\x0a~\xf45\x11B\x08\xb1\
\x0b\xf0\x1f\x1a~a\xa0\xcd4\xf8\x05\x00\x00\x00\x00I\
END\xaeB`\x82\
\x00\x00\x06\xd6\
\x89\
PNG\x0d\x0a\x1a\x0a\x00\x00\x00\x0dIHDR\x00\
\x00\x00\x80\x00\x00\x00\x80\x08\x06\x00\x00\x00\xc3>a\xcb\
\x00\x00\x06\x9dIDATx\x9c\xed\x9d\xdbk\x5cU\
\x14\xc6\xbf\x93\xab\x9a)i\x05\x89\xb1UD|\xe8\xa2\
j\xc5\x0b\xb4\xbe\x08\xf5\x1fh\xb5\x09xy*\xd8'\
/\xd4K5\xfa*\xd6\x9a'\xb1\x82\xff\x80\x88\xa6\xd1\
J\xd07\xc1\xa7\xa2T\x11\xaae\xcfC\x04)\x1a\x11\
\x8a\xa4\x97\xa4$\xd3$\xb2\x93=\xf6\xcc\x9e\xdd\xc9\xd8\
f\xce^g\xaf\xf5\x83C\xe7\x9c&\x99\xb5\xf6\xf9\xe6\
\x9c={\xefo\x1d(\x8a\xa2(\x8a\x22\x92\xccOz\
\xfb\xf6\xed\xa1v\xe8\x03\xb0\xd7m\xbb\x01\xdc\xe1\x8eq\
\xe6\x12\x80?\x00\xfc\x0c\xe0K\x00_\x01X\x0c\xc5k\
\x8c\x11s\xee\xb3\xac\xf1\x94\xf7\xb4\xf1;\xfb\x00\xbc\x0f\
\xe0\xde\x8eE\xd5\x19*V\xcfn{\x1a\xc04\x807\
\x00|Q\xb2<:JW\x8b?\xde\x0d\xe0\xa8k\xb0\
\xb2\x9d\xfc\x106\x87I\x97S7\xbf\xf0\xe2\xd0\xea\x0a\
\xf0.\x80\xc3\x09\xe6\x5c\xcf\xc9^\x0d\xc4s-\x01\xec\
\xf7O\xfeJ\xf7\xe0\xe2\xe5\xdb^>]\x1b\xd8\xb5\x05\
\xd9M\xdb\x00\xf43o\xbc\x85l\xf9\xf2\xd9\x9e\xb9\x93\
\xb37\x9f;\xb63[:\x9f\xef\xb3\xd8\xdcN\x018\
\x1e1>\x16\x84:\x81\xb6\xa1~\x03\xb0\xad~\xac\xb6\
\xe9\x89\x7f\xe6\x87\xc6\xfa\x80\xaeJ9\xd3\x5c\x9e\xbb\xe5\
\xef#\x0b\xbd\x17\xbf\xbd5w\xf0O\x00\xf7\xd8\x8e\xa1\
\xe4N`\xa8\x0f0\xd2p\xf2+\x8f\xd7\xe6\x87\xde\xde\
R\xde\x93o\xe9\x1a\xb09\xd8\x5cr\x07\xb7\x02\x18\x8d\
\x18\x14\x0bB\x02\xd8[\x7f\xb1\xd2\xbd\x19\xf3Cc+\
\xa1+E\x09\xc9l.6\xa7P\xaeR\x09\x09\xe0\xd1\
\xfa\x8b\x85\xc1}@\xd6\xc7\xfd\xfb~\xfbd}}\x0b\
\x9b\xf7\xe7\x7f\xfc\x11\xe6\x11w\x9c\x90\x00n\xaf\xbf\xb8\
Ry,\x9dL\x1d\xb5\x81\xdd\xf9\xdd\xe1\x98\xb1p \
$\x80\xffz\xf7K\xbdw%\x97\xf0r\xef\x9d\xf9\xdd\
t\xaen\xd7I\xab\x81\xa0$\xc9pEZ\xca-i\
)\x80\xee\xda\xd9\xf8\x11n0]\xb5\x99\xa4\xf2\xb9Q\
Z\x0a\xa0\xe7\xd2\xc9R$\xf1\x7f\xe8\x99\xfb\xbe<\xc1\
\x16@K\x01\xf4\x9f\xb7\x93h\xb8\x90H\xae\x96\x0b\xfd\
\xb3\xe2\x07\xff\x1ah)\x80li\xd6\xfes\xc0\x0e\x09\
\x14\x1e\xd9\xc6cs8\xe0rR\x1c\xebv\x02\x07\xa7\
\xf7L\xba\x11\xb3\x8b%n4\x1b\xfb\x88\xcbE\xc9\xd1\
\xd6\xb7\x80\xc1\xe9=\xc7\xdd\xb8\xf9\x11\x00\xbf\xda\xaf\xd3\
%h\xc49\xb7\x18\xe4\x1d\x1b\xbb\x9e\xfc0\xa1\xc9 \
\xffr\x9f\xc20p\x9e\xa6\xfct2H\x11\x8b\x0a@\
8*\x00\xe1\xa8\x00\x84\xa3\x02\x10\x8e\x0a@8*\x00\
\xe1\xa8\x00\x84\xa3\x02\x10\x8e\x0a@8*\x00\xe1\xb4c\
\x0e\x8dI\x11\xae\xe4\x15\x22\xda\xc8\xbf\x97w%\x9f\xb0\
\x9b1&\xe8J\xe6\x00\xe7\xc9\xa0\xb2\xba\x92}V]\
\xc9\xc6\x18\x16\xae\xe42L\x06%\xe9J&\xa2\xa3D\
\xc4\xce\x95\xcc\xf1\x16`\xd7\x1c\xbc\xce \x8e\x8d\x86\xa5\
+\x99\xdb-\xc0\xfa\x12?\xcf\x1fH\xcc\x95l\x191\
\xc6D[\x98\xe8\xdf\x028\x09@\x94+9V\xc7\x90\
s\x1f@]\xc9\x11\xe0$\x00u%G\x80\x93\x00\xd4\
\x95\x1c\x01N\x02PWr\x048\x09@]\xc9\x11\xd0\
\xb9\x80\x82\xe0\xeaJf)\x00u%\x17\x07K\x01\xa8\
+\xb98X\x0a@]\xc9\xc5\xc1R\x00\xeaJ.\x0e\
\xb6\x9d\xc0\x94\x5c\xc93S\xc3l\x8d\xa9\xac\xbf\x05\xa4\
\xe0J\xe6|\xf2\xc1l2\xa8\xa8\xf7\x8d\xe2\x0e&\xa2\
\x86\xf75\xc6D\x19\xe6Vw\xb0\xd2@H\x00\xfe=\
7\xa5Zz\xfe\xcc\x22\xdb\xb5zE\x11\x12\xc0_\xde\
\xfeC\xe9\xa4\x8b\xfb\xbc}?Wq\x84\x04p\xda\xdb\
\x7f&\xa1Fy\xd6\xdb\xff1R\x1cl\x08\x09\xe0\x84\
\xb7\x7f\x10\xc0\xce\x04r}\x00\xc0\xf3\xde1?Wq\
\x84\x040\xe1\xd6\xb5\xd7\xb1\xb3t_\x03x\xb0\xc4\x8d\
cc\xff\xc6[Oh\x97fMD\x8c\x89\x05!\x01\
\xd8\x8e\xd1+\xde1\xbb\x8c\xe9\x07\x00\x1f\x00\xd8\x05`\
\xa0\x04\xb9\x0d\xb8X?t\xb1o\xf5\xfe\xff\x90]{\
\x12)66\x5ckY\xb8\xfdd\x8c{\xcb\xb3\xed\xb7\
\x81\x97\xdcV\x04\x9d\x1c\x06\x1e\xd7O\xff\x1a\xad\xc6\x01\
\xc6\x00\x1c+2\x98\x82\xf8\xc8\xe5&\x1e\xac#\x80%\
\x00/\xba'\x88M'\xd0Z\xd3n\xe5\xf1\x0b.7\
\xf1\xa0Mg\x90\x1d\xcb\x9er\x8dg\xfdz\x0f\xbb\xfb\
i/\xf3\x16\xac\xb9\x8e\xdeO\xee\xd1\xb1\x13:\xf0\xd3\
L\xbb\xd60\xdbp\x9f\xb8\xadS\xa4^\xa1\x94%M\
\x02\x88U6\xd5\xb7hK*\xdf\x1a\x13\xee\xf5\x01\xa2\
@D\x1d\xafK\xe0\xcf\x0en\x00\xd7U\x97@g\x03\
=\x88\xc8\xf6s\xce\x00\xf8\xcc=u\xfc\xee\x92L\x88\
UrOJ\xb7\xb1\x9f!\xa2'\xd7\xfb%\x15\x80\xc3\
z\xf7\xad\x87_Z]\x02\xbd\x05\x5cEd]\x02\x15\
\xc0\xda\xa7\x7f\xc4?\xf9\xa9=-\x9d\x88N\x85\xea\x12\
4}\xd5ZY\x89\xb3\x107\xd6\x92)\xd7\xe1\x13S\
\x97\xa0Z\xad6t\x0c\xb5\x0f \xbc.\x81\x0a@x\
]\x02\x15\x80\xf0\xba\x04*\x00\xe1u\x09T\x00\xc2\xeb\
\x12\xa8\x00\x12g\xbd\xba\x04*\x80\x1c\x12\xeb\x12\xa8\x00\
rH\xacK\xa0\x02\xc8!\xb1.\x81\x0a \x87\xc4\xba\
\x04*\x00\x0fg\xe7\x16S\x97@\x05\x10`fjX\
L]\x02N\xb3\x81V\xb5\x9b\xea;v\x92&\xe6\x93\
6f\xa6\x86\xcf\x01x\xcbm7\x04\x11U\xbc+\xca\
\xa21\x86\xc5\xec\x22\xa7+\x80\xba\x92#\xc0I\x00\xea\
J\x8e\x00'\x014\xb9\x92\x89\xa8\xf4\xaed\x22b\xed\
J\xe6$\x80\xa0+\x99\x88J\xebJv\xb1\xb3v%\
\xb3\xe9\x04\xda\x0e\x1f\x11\xbd\xeaV\xb4\xd6Yu%\x13\
\xd1\xc7\x00>\x05\xf0\x8b1f.n\xa4\xad!\x22\xeb\
J\xbe\xdf]\xf6\x0f\x06&`\x0e\x19c\xd8\xb8\x92\xd9\
,\x09\xabCD\xd6\xb9\xfbZ\xd4 :\xc7\xb81\xe6\
p\x91o\xe8/\xb5\xabV\xab\x0d\xe7\x9c\xe38\xc0\x9b\
\xeaJ.\x0ev\xab\x82\x8d1\xab\xaed\x22\xfa\x0e\xc0\
{\x89<8r,\xe6\x93\xc2Z\xc1v$\xd0\x18c\
G\xb2v\x00x\xce9\x94\x7f/\xc9\x88\x5c\xcd\xc5:\
\xe9b\xdf\xc1\xf5\xe4\x83c\x1f\xa0h\xb8T\xf0\xec\x14\
e\xec\x03(\x05\xa2\x02\x10\x8e\x0a@8*\x00\xe1\xa8\
\x00\x84\xa3\x02\x10\x8e\x0a@8*\x00\xe1\xa8\x00\x84\xa3\
\x02\x10\x8e\x0a@8*\x00\xe1\xa8\x00\x84\xa3\x02\x10\x8e\
\x0a@8*\x00\xe1\xa8\x00\x84\xa3\x02\x10\x8e\x0a@8\
*\x00\xe1\xa8\x00\x84\xa3\x02\xf0*\x81\xb8\xe2\xd1I\xe0\
\xea\x12\xe4i\xaa\xb7\xa0\x02\x10^\x97@\x05 \xbc.\
\x81\x0a@x]\x02\x15\x80\xf0\xba\x04\xe2\xadaXk\
\xb0Q\xaf.\x01\x5c\x87)\xa5\xba\x04\xa3\xc6\x98\x89,\
k<\xe5*\x00\x87\x94\xba\x04\xbe\x00\xf4\x16p\x15\x91\
u\x09\xf4\x0a\xe0ADO\xa5\x5c\x97@o\x01m\xe0\
\x06\x83J\xff\xb4\xf4P\xa1M_\x00\x8a\xa2\x88\x05\xc0\
\xbfM\xd3H\xf3G\x2210\x00\x00\x00\x00IEN\
D\xaeB`\x82\
\x00\x00\x04\xfe\
\x89\
PNG\x0d\x0a\x1a\x0a\x00\x00\x00\x0dIHDR\x00\
\x00\x00@\x00\x00\x00@\x08\x06\x00\x00\x00\xaaiq\xde\
\x00\x00\x04\xc5IDATx\x9c\xed[\xcb\x91\xe20\
\x10\xed\xde\xda\x03>\xb2!\xb0\x09\xd8\x05!0!@\
\x08L\x08\x10\x02\x84\x00!@\x08\x10\x02\x14N\x80\x09\
a|\xb4o\xdaj\xd3b\x8d\x90e\xf9#cvy\
UT\xcd0\xfe\xe9\xa9\xbf\xcf=\xf0\xc6\x1b\xff70\
]}\xef<\x07\x80e\xc3L\x9c\x00`\xc7?\x1f \
\x09N\xa6\x83\x85\x10\xado\x04\x222\x01Y\xf4\xce\x13\
\x00\x98\x01\xc0\xd8\xc1=\x17))I\xf0\xa5\xfe\xa1;\
\x04H\xf4\xceG\x00\x18\x16\x5cc\x03I\xf0\x999G\
\x127)8o\x01I\xb0\xca~\xf1,\x02~\x18\xfe\
\xbe)}\xc5$ B\xa6\x00\xf0\x01\x00\x91\xe1\xc8%\
\xf4\xce\xfb\xd2\xd7w\x00\x13\x01\x0ffj\x8d$80\
\x09&\x8c\xa1w\xdev\x99\x80z\xb8\x06\xbdE\xc15\
&\xec6O\x83\x1b\x0b\xf8\x8b\x83\xc51\xf3\xae\x12P\
\x1fW+0\xc5\x02\xc2\x803\xcfS\xe0\x96\x80+\x8c\
\xf9\x9fQ\x94m\x9c\xa1\x0d\x02l\x5c\xa9\xdf\xc2sh\
\xd1\x06\x01\x9d\xc6\x9b\x80\x16\xee1\xb08\xa6\x89\x8cS\
\x09m\x10`\x13\xe0l\xd2\xa5\x13\xb8%\xa0w\x1eZ\
\x04\xb8\xc2N\xd1%\x5c[\x80M\x95\xb7\xb28\xc6\x19\
~:\xbb\xf2u\xf7\x8b\x08Xp\xdf`\x05\xf4\xc21\
\xbb\xd4L\x13[\x0e\xfc\xd9\x89\xd8\xd7\xc6\x14\xf4B\xea\
p7\x22\xf6o\x8d\x9e\x1b\x02\xae\x8b/\xea\xf6Vj\
K\x9c\x07\xf4\xc2\x09\x0b6\xa6\x80:\xe6\xcf\x12\xbd\x90\
\x84\x98\x95\x88\xfd\x9bk\xa1\x17\xf6u\xe77\xeb\x02\xbd\
3uxk\x008\x1a|\x9fJ\xe3)$AQ\xa3\
\x94\x02\xbd\x90:\xc6\xad\xf2\xf0t\xeeH\xc4>\xca\x0f\
\xfd\xce\xdfG\xacG\x1c\xd1\x0b\xd7\xe8\x852\x08\xcft\
\xcfd\x12D\xe8\x86\x17\x9b\x87\xb4Dd\xdau\x9d \
\x82^\xb8W\x94)2\xed\x8f<\x13\xcf\x9cg\x92\xf8\
>\xa5\x0b\x90 \xe2.\x06\x5c\x05\x15\xf9\xa0Z\x19\xcc\
\x04\xda=e\xf1\x91\xcd\xe2\x09\x22\xf6W\xe8\x85'\xb6\
\x1cu\xd7\xef~\xafK\xc0\xbd$\xd6\x10\xd8\xe7\xd5\x00\
\xba\xb2Y\xbc\x84\x88\xfd\x03z\xe1\x07\xc7\xa2\xdcT\xdc\
\xd5RXg\xbe\xa5k\x05\x0e\x82Fe\xaas\x04\xf0\
\xee\xdb\x94\xcfV`\x12r\x03n\x17- \xaft\xae\
\xd32o\xf2\x84\x99.\x12\x90\xf7>\xa2\xb2v(b\
?\xcaT\x9cw\xd6\xd5E\x02\xf2vz\xcc\xe9\xad*\
v\xba\xf3^M\x0fXV%\x813\xc8C \xed\x22\
\x01E\x22*\x91\xb0\xe5\xd2\xb6,^\x82\x00\x9b\x5cO\
\x99\xe2\xbb\xac5\x88\xd8\xa7*\xf0\xaen\xe9\x22\x01e\
\xf2=Y\x03\x11Q9@>\x83\x00\xda5\xc1\x1f]\
\xbe\xcfMY9 W\xa0\xa6\xe7R\x85\x88\xb6\x09\x18\
\x16\xcd!()\xab\x0c\x06L\xc4\x91\x8b)+\x98\x08\
h\xac\x1ac\xf4\xb99\xb1\xc1\xa6\x86PJ$S\x90\
\xdc\xa3\x17\x16\xae\xa1M\x0bX\xdb\x92\xcaV0-\xe9\
\x0a*\xa8\xa0\xba\x14\x05\xca\xba\x16`\xfbJkn1\
4q\x87L#S\x87\x04\xe0@\x99k\x0d&\x02l\
\x02\xca\x90\xe5/\xf31\x15\xe7\x8f2$\xd4U\x8d\xc7\
\xac\x10=<\xeb#\x01\xf4\xa6\xf6:\xbda\xbb\xbb{\
\x1e\xb2\xd2A\xfa\xfd\xa9\xaaO\x13\x09\x22\xf6G\x95&\
V\xeeA\xcf\xb2WIp3%\x96\x04Rj\xdb2\
\xfb#\x16&T3\xfc-\x89\xb1\x99\x11\xe2\x87_\xd7\
|\x9b\xfc\xc5zbt\x1b\x92r1\xa0\x84\x88\x92\xd4\
\xa9\x10b\x87\x88\x17\x1d\x01B\x88\xd2\x96\xc1\xf9~^\
#S-R\xd9\xcc\x15\x01\x888dex%\x84X\
\xf0w\x8d\x11p\xbb\xcf5\xc2\xcf+h\x05Qj}\
I\x105\x9e\x06\x11\xf1\xe6\xf7r\xf1\xae@\xbb(b\
\xff\x97\xc5,\x92\x8a\xbe\xccJ.\xea\x805\xdf`\xea\
r\xf1Y0\x11X2P\xa6\xc2K\xa3\x04\xb0\xdfO\
R\xed\xbd\xa2i\xa3\x17\x8a\x8a\xad.p\xa77\xb2\xcc\
8\xa9;6F\x00\xfb\xfd\x92\xfd^\xab\xbe\x94@\xe5\
1]\xae\x1dF\x16\xaf\xdcS\x92\x1b!\xc0\x81\xdf\xd7\
\x9a\x1a\xcb\x94\xd2\x85\x96\xd0\x94\x054\xed\xf7\xe3\xaan\
 \xc1$\x98^\xda\xa4%vm\x02\x10q\xc0;\xd6\
O\x9b\x0fD\xa1\xfb\xe4\xe4ly\xbcZI\xf6\xeb\xa8\
\xc0\x12\xf4v\xc8PF\xa7\xdfwY\x14\x9d\xd7\xb5\x02\
F\x1e\x01i\x8c\xe82\x01}\x07\xff\xc4!\x11\xbd\x02\
\x01\x84Y\x1d\xbd\x8f\xa1\xeb\x1bV\x1c#\xdc\xf5\x02*\
lKa\xaa\x034\xa7OE\xec\x97N\xad\xac\x01\xa8\
3\x0e\xb2\xbb,\xfc\x87\x89.a[\xf1\x85\x88*\xc1\
Ej\xa6z\xa57CK\x16<\x0b[a\x0a\x9e<\
]\x92=V;]\xd2e\x026\x99\xf9\x1f9\xfb3\
de\x87\x84\x8d\x87,A\xe4\xb0\xa5|+\xd5\xe4\x81\
\x17\xff\x90\x11\xba\x1a\x03h\xd4\xed\xa1\xa8\xaa\xd0\xfe~\
q\xc0\xd36IN\x05\x11\xcd\xcd\xca\x10\xf0\xdb4\x0e\
\x93\x19\xa2\xd0\xa5I9/x\xe2B\xc8\xf4Le\x97\
\xf1\xc6\x1bo\xfcK\x00\x80?\x19\xb6\xde\x83\xb9\x0c\xd5\
$\x00\x00\x00\x00IEND\xaeB`\x82\
\x00\x00\x04)\
\x89\
PNG\x0d\x0a\x1a\x0a\x00\x00\x00\x0dIHDR\x00\
\x00\x00\x80\x00\x00\x00\x80\x08\x06\x00\x00\x00\xc3>a\xcb\
\x00\x00\x00\x09pHYs\x00\x00\x0b\x13\x00\x00\x0b\x13\
\x01\x00\x9a\x9c\x18\x00\x00\x03\xdbIDATx\x9c\xed\
\x9dKn\x13A\x14E\x8b0K\x02,\x86I\x14e\
\x18e\x0a\x82\xc50\xad!K`\x063v\x81\xc4g\
/\xb0\x0b\xe8'\x5cr\xe2\xeeJuW\x97\xd3\xaf|\
\xcf\x91\xee(v\xaa\x9e\xef\xb1\x95\xd8\xed\xee\x10\x00\x00\
\x00\x00\x00\x00\x00\x00\xf6\xdc\x0c\xf9@\xba\xcc\xcdD\x9f\
\x8b\x89C\xfe\x92.\x13GmV\x10\x1d\x0cB\x10\x80\
T$\x8e\xda\xac :\x18\x84 \x00\xa9H\x1c\xb5Y\
At0\x08A\x00R\x918j\xb3\x82XX\x04\xb6\
\x05\x01\xc4A\x00q\x10@\x1c\x04\x10\x07\x01\xc4A\x00\
q\x10@\x1c\xf7\x02\x5c\x0ey\xdd8\x17-\x06k\x8c\
\xed\xa9\xf5\x9c\x973\xd6u/\xc0u\xe1\xfe5\xb9j\
1XclO\xad\xe7\xbc\x9e\xb1.\x028\x01\x012\
 \x00\x02 @e\x10 \x13\x04\xd8\x83\x00N@\x80\
\x0c\x08\x80\x00\x8b\x07\xff=\xe4\xcd\x90\xdbL^\xb5\x18\
\xac1\xb6\xa7\xdc~m\x16\x9b\x09\x01\x16\xe4\xd7\x90\x17\
-\x06\xd8\x98\xf3!\xdf\x02\xaf\x00\x92\x12\xac)\x1f\x01\
B\xdf\x12\xac-\x1f\x01\xee\xa57\x09Z\x94/#\xc0\
\x9f\xc2\xcfS\xbe\x87y\x1f\x8el\x8d\xed\xd1\xf6:g\
\xa6\xd2\xec\x12\x02\xbc\x0d\xf3\x9f-\xde_\x09\x96<\xf3\
\x7f\x0eyW\xb8\x8d\x84\x00wa\xd9\x03\xe7U\x82\xa5\
\xe5\xdb\x0cw\x85\xdb\xc9\x08`\xf4,AM\xf9\x06\x02\
\x84\xbd\x00F\x8f\x12\xd4\x96o @x(\x80\xd1\x93\
\x04k\xca7\x10 \x8c\x050z\x90`m\xf9\x06\x02\
\x84i\x01\x0c\xcf\x12\xb4(\xdf\x90\x10\xa0tP\xe8\xcb\
\xc2}\xe7\xfeO\xfdT\xef\x13\xb4\xdc\x93\xcd~\xf2\x07\
\x85\xae\xc5\xd3+\x81\xa7\xbd$N^\x00\xc3\xc3\x03\xef\
a\x0fSH\x08`lY\x80\xd7\xf2Ca/\xb1\xc5\
\x02\xb1\xb0\xc8S\xb2E\x11\x9e\xcb\x0f\x85\xfd\xc4\x16\x0b\
\xc4\xc2\x22O\xcd\x92?\xc2~\x84\xff\x05\xd6r\xbe\xfb\
\x1ds\xd6\xda\xea\xc3*9\x01\x8c\xb9\xcf\xca\xcfC\xce\
V\xac\xf3l\xc8\xa7\x19\xebl\xf9\x86\x94\xa4\x00FI\
\x82\xb5\xe5'J\x12l\xfdn\xa4\xac\x00FN\x82V\
\xe5'r\x12l]~\x08\xe2\x02\x18\x87\x12\xb4.?\
q(\x81\x87\xf2\x0dy\x01\x8c$\xc1\xb1\xcaO$\x09\
\xbc\x94o \xc0\x0e\x93\xe0\x98\xe5'\xce\xc2\xba\xff,\
Z\x83\x00\xe2 \x808\x08 \x0e\x02\x88\x83\x00\xe2 \
\x808\x08 \x0e\x02\x88\x83\x00\xe2 \x808\x08 \x0e\
\x02\x88\x83\x00\xe2 \x808\x08\xb0\x83\x8f\x83\x85\x05H\
\x07\x84|\x1d\xf2\xfc\x88\xebX\xf9_\x02\x07\x84\xb8\x12\
\xe0\xf0\x90\xb0cI\x90\xcaO\xebx\x91@Z\x80\xdc\
A\xa1\xad%8,\xdf\x93\x04\xb2\x02\x94\x0e\x0bo%\
A\xae|/\x12H\x0a0\xf7\x8b!k%(\x95\xef\
A\x029\x01\xf8j\xd8C\xa4\x04\xe0\xcb\xa1cd\x04\
\xe0\xeb\xe1\xd3H\x08\xe0\xa1\x00\x0f{\x98\xe2\xe4\x05\xf0\
\xf4\xc0{\xdaK\xc2\xbd\x00\x9c$*\x8f\xc4I\xa2\xd4\
O\x13\xf7\xd8\xde$N\x13\xc7\x89\x22\xf3{D\x80\xa0\
s\xaa\xd8\xa9\xbd\x22@\xa8?Y\xf4cg\xe0|J\
\xd6H\x80\x00\xa1\xeet\xf1^\xcaO\xd4J\x80\x00a\
\xf9\x05#\xbc\x95\x9f\xa8\x91\x00\x01\xc2\xb2K\xc6x-\
?\xb1T\x82\xf7\x85\xdbH\x08\xc0E\xa3\xc4\x058\x85\
g\xfe!\x5c6\xee\x1ek\x05\xe8\xad\xfc\x04\x17\x8e\xdc\
\xb1F\x80^\xcbOp\xe9\xd8P/@\xef\xe5'\xb8\
xt\xe1\xfeS\xe1\xf2\xf1\xe2\x02\x94r\xd5b\xb0\xc6\
\xd8\x9eZ\xcf\x89\x00\x99 \xc0\x1e\x04p\x02\x02d@\
\x00\x04@\x80\xca @&\x08\xb0\x07\x01\x9c\x80\x00\x19\
J\x07\x85\xd6\xe4\xa2\xc5`\x8d\xb1=\xb5\x9e\xf3$\x0e\
\x0a\x85\xe3\x82\x00\xe2 \x808\x08 \x0e\x02\x88\x83\x00\
\xe2 \x808\x08 \xce\xe6\x02\x10\xbf\x89\xa36+\x88\
\x0e\x06!\x08@*\x12GmV\x10\x1d\x0cB\x10\x80\
T$\x8e\xda\xac :\x18\x84 \x00\xa9H\x1c\xb5Y\
\x81\x1d\xd7\xfe\x91t\x99\xdb\x89>\x01\x00\x00\x00\x00\x00\
\x00@\x94\x7f\x1c\xe8E\x0c\xe5\x03\xc7\xfd\x00\x00\x00\x00\
IEND\xaeB`\x82\
\x00\x00\x08u\
\x89\
PNG\x0d\x0a\x1a\x0a\x00\x00\x00\x0dIHDR\x00\
\x00\x00\x80\x00\x00\x00\x80\x08\x06\x00\x00\x00\xc3>a\xcb\
\x00\x00\x08<IDATx\x9c\xed\x9d\xbdnd5\
\x14\xc7\xcf\xb2|4Pd+`\xa9\x12\x0a\xf7\x1b\x0a\
\xfa\xa4\xdf\x95v#\xf1\x02\x93\x06\x0a(6\xe1\x05\xd0\
\x0c[@\x01E\xf2\x08\x89\x96\x05Q&\x8f\x90\x08\x89\
\xcaE6\xd5\x22:\xa6\x80\x86Eh\x91\xa3s\x07\xc7\
\xf1\xf1\xf5\xbdc_\xfb\xce9?)B\xcc\xce\x5c\x1f\
\xdb\xff{\xfcul\x83 \x08\x82 \x08,\xb9\xd5d\
Z)\xe5\xcb\xff\x9b\x00p\x1f\xff>\x06\x80\xf7\xf13\
\xa1^\xfe\x02\x80\x17\x00\xf0\x0b\x00<\x03\x80\x9f\x00\xe0\
\xa5k\xad\xd6\xfa\xea\xbf\xaf\x07\xb2\xf1\x00\x00\xbe\x06\x80\
\x0f\xa5\xb2G\xc5\xdb\xe6}\xc6\xbfO\x00\xe0\x02\x00\xf6\
\x00\xe0\x07_&^\xf3|v\x1b\x00f\xf8\x03\xa9\xfc\
\xf1c\xea\xf0)\xd6\xe9m77>\x0f\xf0\x15\x00<\
\xe6^j+HS\xa7{v\xd6\x5c\x0f\xf0P*\x7f\
\xa5y\x8cu\xbc\xc0\x16\x80\xe9\xdc}\xc3\xbd\x84\x18\xf0\
\xad\xdd\x91\xb7\x05\xf0\x08\x00>\xe0^:\x0c\xb8\x0b\x00\
;M6m\x01\xdc\xe7^2\x8cX\xd4\xb5-\x80\x8f\
\xb8\x97\x0a#6\x9b\xac\xda\x02x\x97{\xa90\xe2\xbd\
&\xab\xf60\xf0\xad\xc8\xfc\xdf\x8a\xf8\x8eP\x8eW\x11\
){;\x81\x02CD\x00\xcc\x11\x010G\x04\xc0\x1c\
\x11\x00sD\x00\xcc\x09\xc5\x03dEk=\x01\x80\x83\
\x984\x94R2\xf4\xccD1\x0f\xa0\x94:\xc4\x8a\xdd\
\x00\x80\xf3Rvp\xa7x\x13\xa0\x94\xba\x04\x80]\xee\
\x15Q\x8aZ\xfa\x00\x97\x15\xd8\xd0\x09\xad\xf5#\xad\xf5\
\xf3\x11\x99\xec\xa5\x0a\x01(\xa5\xe6\x15\x98\x11\x8d\xd6z\
\x0d\x00\xa6#17\x88\x8c\x02\xfaa:\xaf\xebc4\
\xdcE\x04\xd0\x11\xad\xf5\x1e\x06\xcf\xac\x04\x22\x80\x0e\xe0\
\xd0u%\x5c\x7f\x83\x08 \x92.\xf3\x16cB\x04\x10\
\x01\xba\xfd\x95\xab|\x18j&\xd0j7\xefY\x1f\x1f\
\x9a?\xa5T\xd2I 3<\xc3\x0e\x9a\x9b\x1e\xe0p\
\xd3\xa4{\x8c\xf3\x0f1\xcf;\xca\xd1\xe6\xa7\xb6\xb3/\
\xf6\xde\xc0\x98H\x12\xe8\x12\x11\x14\xe96\xf7\x95R3\
\xad5\x99~\xccT0\x8a\xacK\xfb|\x95n\xe0y\
[K\xf4\xf6\xb7\x95R\xa7C\xd8\xe9!\xaa\x1e\xb5\xd6\
We\x9a\xad\x09 \xdc\xe6\x1c\x0b\xc7$~\x07U>\
\xc5\xef\xf6Mg]k}f\x15\xeay\x93\x06\xa6\xb3\
CL4\x99t\xbd\xe24\xcf\x04\x80\x93\x94C\xbd\x1c\
v\xa6 \x8b\x07\x08\xa8|\xd7\xac\x018\xdf\x9d\xba\xdb\
\x95\x5c(\x0f@T\xd4\x1dwbIkm\x5c\xec\x19\
\xf1\xf8\x1b6y\xd2\xa0f\xfc.\x95R\x1b!\xdb\x87\
\xb2\xd3\xa2\xac\x07\xc0\xcc\xfa*\x7f\xee\xcb\x80Rj\x7f\
\x89\xc5\xa0\xa9\xe7-\xdd\xf2\xa4q\x1e\x98n\xee\xed}\
:P\xad\x9d9\x9a\x00\xcaPo\x9b\x88\xecwM\x04\
\xa7c}\x9d\xb3\x03\x14a,\xeb\xf8\xac,\xd4ng\
R\x01\xa0\x81\x13\xe2\x9f\xc9\xb7\x9c\xea0\xb5\xe0\xf6\x9c\
\x1b(\x1bB\xbd\xe9l\x02\xa8\xdd\xce\xd4\x1e 4\x5c\
J=\x9cI\xb9\x80\x94s^\xbfj;S\x0b\xe0F\
\xbbf\x91t\xc5\x0f\xdb\xcbc\xe2\x9f\xfbx\x94,\xd4\
ngj\x01\x0c\xbaB\xa6\x94\xda\xc1\x93/\x1a\x8c\x97\
\xd9q\x9b\x14\x9c\x8f(\xb6zW\xb3\x9d\xa9g\x02C\
\xc6g\x99\xd1\xc2Q\x84\xb7\x13\x89\x05\xbaW\xc3\xd2m\
\xadv\xa6\x16@\xce\xceT4\xd6\xaa]c\xcf\x0c;\
c\xa1&\x8a\xa5\x9dC.\x06e\x17\x87\x15\xa6u`\
\xa5\xb7\x83o_5\xd4d\xe7\x90a\xe19\xc7\xda\xeb\
X\x98\xee\x9bC\xce\xc9\x97\xa0F;S\x0b`\x1e\xa8\
\xe8,\x02\xc0E\x9b#\xcf\xf3\xf7+\xab\xfc*\xedL\
\xdd\x04\x0c:\x89\x81K\xaa'\x9eg\x9fv\x5cA\xcb\
J\xcdv\xa6\x16@H\xc9I{\xb8\x96;\xf5\x11\xb3\
h2\x08\xb5\xdb\x99Z\x00\xa1E\x9d\xd4=\xdbI\xc0\
\xab\xd4\xb4\xd3\xa8j;\x93\x0a@)u\x1ch\x06\xee\
Q\x8b\x1f=\xe3\x01\xa2\x05\x85\xe9Rs\xf2A\x12D\
\xe4\x0cbg_r\x0c\x03Cm\xda\x8d\x8a\xc6\xceQ\
0B\x86X\x05\x0b\xf5)\xdcB\x9f.\xd9\x07\xa1\xa6\
\xb1\xaf=\x13\x83>\x8eB\xdfqHmgg\x92\x0b\
\x00\xd7\xfc\xa9\xbe\xc0\x04\x03@\xae\xc07\xff$\xc2\x15\
\x1exD\x10Z[\x98bpE\x93\xc6<0\x1f\x0f\
\x11o\x1d\x95\x9f\xb5\xc6{\xa1\x90}y\x19\xd2\xce\xce\
\xe4\x9a\x08\xa2\xc2\x9b\x0c{&\xfe\x0fc\x00\xa7\xcd\xbc\
x\xcb\xf3L/\xfa\x0f\xad\xf5\x89\xf5Y\xa8\xa0\x8cX\
\xce\x9a8C\xa5\xd4n\x8b\xc8\xa6h\x13\xe5\x89B^\
m\x8a\xe9\x9c`\xd0\x8b\xfb\xdd!\xed\xecL\x16\x01`\
\xa8\xd3f\xc4jW\x13\x17\x17jgg8\x87n\xbe\
\xb7m\xa51k)\xac\xe6\xd9M\x85\x1c\xb6\x0cSg\
\xd4L\x1c\xae\xe8m\xfb\xfe\xcdI\xef\x86\x90\x87\xb4\xb3\
\x0fY\xa3\x82\xe1\xff1\xf0\x96\x13\xfcp\x8e!\xcf3\
\xeb{\xaf\xac\xcc_b\x872\xe6\xf9n\xfc\xe11\x8e\
\xafo\x0c\xb1\xb0\x19\xd9s\xfa\x22\xc7\x18\x9e\xde:\x19\
\x83\x9d\xb4\x89\xf3\xfb\x1by)lg\xa7\x98\xc0\xec\x02\
\x10\x06\xa7\x8e\xb0pa\x1c\x88\x00\x98#\x02`\x8e\x08\
\x809\x22\x00\xe6\x88\x00\x98#\x02`\x8e\x08\x809\x22\
\x00\xe6\x88\x00\x98#\x02`\x8e\x08 3\xb5\x1f)+\
\x02\xc8\xc8\x18\x8e\x94\x15\x01\xe4\xa5\xfa#eE\x00\x99\
\x18\xcb\x91\xb2\x22\x80\x0c\x8c\xe9HY\x11@b\xc6v\
\xa4\xac\x08 !c<R\xb6\xd8\xa5Q.\xd6\xd1\xa9\
\xae\xeb\x9cc`\xe8yM\x9b=]r\x1d)\x9b\x9b\
\xe21\x81\x18\x17\x7f\x10\x19\xf3~\x8a\xbbi\xc9(\xdb\
H\x17|\xed\x80\xc7\xc8\xe3[\xbd\x87B\xe6:Rv\
\x09\xc6\x13\x13\x88\x85w\xe6T\xbe)\x90\x0d\xe2F\xb1\
-\x8c\xa3'\xb7\x92a\x94\xedf\x97}w\x18\xd1\xdb\
\xe97\x90\xe9H\xd9\xa1)\xe6\x01\x88cQ\xe7X\xf9\
s\xeb{kxT\xabo_}\xe8\xb0\xe7G\xb8\x1f\
\xdf\x07\xf56w\xfe\x8d\xf5\xdb\xa5\x8f\x94MD\xfd\x1e\
\x00+\xd5W\xd0\x87\xee\xf9\xb9\xf8\xff\xbem\xd4\x8bm\
U\x04}v\xde\x8e\xea\xf2\xaa\x14\x94j\x02\xa8\xe3\xd0\
\xa8J\xa3>O=\xd6\x1e\xdd\xf5u\xcb2\xb8\x00\xac\
]/>\xa87\x90\xaa\x98-\xecG\x08=)\xe1\x01\
B\x07&P\x15\x1dr\xcd\x22\x80%(!\x80P\xbb\
\xdd\xa7\x0d^\x99+\xdcJPB\x00\xe4\x1bK\xdd \
\xda\xb2{8\xebq\xef\xab\xce\xa0\x02\xc0\x8a\xcaQY\
+q\x8bg\x09\x86\xf6\x00\xb9\xdeT\xf1\x00=\x19\xc5\
b\x90\xb8\xf8|\x0c-\x80\xbe\x13-\x22\x80L\x0c*\
\x00\xec\xe4\xe5\x98m\xab\xe9\x5c\xc0QQ\xa2\x09H\xbd\
\xfa5\xa7F\x0fB;%\x04\xd0\xe7m\x0d\xf5\xf2\xbd\
\x82\xca}\xe5\xea\xaaPB\x00m\x974\xfa\x08\xf5\x01\
\xaa9\x17x\x8c\x0c.\x80\xc0\xea\x1e\x04\xdet\xea\xf3\
\xb6(!\xca\x0bP\xcf\xa3\xae\xbcke\xac\x1e\xa7\xd4\
0p\x9f\xe8\x0cR\xd3\xc4T\x85\xed\xb6\xa4CV\x8a\
\xebm0\x16`\xd9\xdb9\x979R\xb6\x08E\x04\x80\
^\xc0Wy\x13w\xcc\x1f\xb8y3\x18\x1a\x86\x84\xbc\
\xc3\x22l\x0c#\x8c\x8eZn0\x8d\x99r^\xe6H\
\xd9\x22\x14\x8d\x09$\xe2\xf7N\xf1\xa2\xe4\xcb@\xbc`\
\xf4\x95\xea\xb8//f\xaax\x17\xd3\x0e\xed\xe3;\xc4\
\xe3\x5c\xa9\xb4B\x97?\xdb\x98\xa6k3\xe2{}\x18\
OL \xc6\xefm{\xe2\xfe\x9e\xe3\xc9\xa1n\xbc`\
s\xdf^\x97[6\xdc\xe7\xbb4W\xda\xc7t&'\
xV\xafWP\xcb\x1c)[\x8ajN\x0a\x0d\x84\x85\
\x03\x86\x85_FV\x12\xf5\xfc\xe6\xe8\xd5\xc6\x8d\x1b1\
\x1d\xe6\xb8\xb2e\x99#e\x13 G\xc52G\x8e\x8a\
\x15\xe2\x11\x010G\x04\xc0\x1c\x11\x00sD\x00\xcc\x11\
\x010G\x04\xc0\x1c\x11\x00sD\x00\xcc\x11\x010G\
\x04\xc0\x1c\x11\x00sD\x00\xcc\x11\x010G\x04\xc0\x1c\
\xfb\x9c\xc0?\x01\xe0\x9d\x88\xe2\x88\x8d\x1b\x10\xea\xe5e\
c\x99\xed\x01~\x97\x0ac\xc3\xa2\xaem\x01\xfc\xca\xbd\
T\x18\xb1\x08\x5c\xb5\x05\xf0#\xf7Ra\xc4\xa2\xaem\
\x01\x98\xfb\xe9_p/\x19\x06\xfc\x86u}\x85-\x00\
\xd31\xf8\x82{\xe90\xe0s\x00\xf8\xbb\xc9\xa6;\x0c\
4\xcax\xc2\xbd\x84V\x98'\xf6\xdb\x0f\xc4<\xc0\x97\
\x00\xf0\x1d\xf7\x92ZA\xbe\xc7\xba\xbd\x86O\x00\xff\x02\
\xc0g\x00\xf0\x10\x00.\xb8\x97\xda\x0ap\x81{+?\
\xc5\xba\xbdF\xe8\xc2\x88\xa7\x00\xf03\xfe\xf8\x01n\xd1\
\xba\x0b\x00op/\xd1\xca\xf9\x07;zf'\xd23\
t\xf9/G\x9d#A\x10\x04A\x10\xd2\x02\x00\xff\x01\
\x5c\xefV5\x035Rm\x00\x00\x00\x00IEND\
\xaeB`\x82\
\x00\x00 \xfc\
\x89\
PNG\x0d\x0a\x1a\x0a\x00\x00\x00\x0dIHDR\x00\
\x00\x00\x80\x00\x00\x00\x80\x10\x06\x00\x00\x00\x93\xae\xbd\x88\
\x00\x00\x00\x09pHYs\x00\x00.#\x00\x00.#\
\x01x\xa5?v\x00\x00\x05\xf1iTXtXML\
:com.adobe.xmp\x00\x00\
\x00\x00\x00<?xpacket beg\
in=\x22\xef\xbb\xbf\x22 id=\x22W5M\
0MpCehiHzreSzNTc\
zkc9d\x22?> <x:xmpm\
eta xmlns:x=\x22ado\
be:ns:meta/\x22 x:x\
mptk=\x22Adobe XMP \
Core 6.0-c002 79\
.164460, 2020/05\
/12-16:04:17    \
    \x22> <rdf:RDF \
xmlns:rdf=\x22http:\
//www.w3.org/199\
9/02/22-rdf-synt\
ax-ns#\x22> <rdf:De\
scription rdf:ab\
out=\x22\x22 xmlns:xmp\
=\x22http://ns.adob\
e.com/xap/1.0/\x22 \
xmlns:xmpMM=\x22htt\
p://ns.adobe.com\
/xap/1.0/mm/\x22 xm\
lns:stEvt=\x22http:\
//ns.adobe.com/x\
ap/1.0/sType/Res\
ourceEvent#\x22 xml\
ns:dc=\x22http://pu\
rl.org/dc/elemen\
ts/1.1/\x22 xmlns:p\
hotoshop=\x22http:/\
/ns.adobe.com/ph\
otoshop/1.0/\x22 xm\
p:CreatorTool=\x22A\
dobe Photoshop 2\
1.2 (Windows)\x22 x\
mp:CreateDate=\x222\
023-11-07T16:54:\
19+08:00\x22 xmp:Me\
tadataDate=\x222023\
-11-07T16:54:19+\
08:00\x22 xmp:Modif\
yDate=\x222023-11-0\
7T16:54:19+08:00\
\x22 xmpMM:Instance\
ID=\x22xmp.iid:0164\
0d78-ec0c-bd4e-a\
a64-f6977fe0721e\
\x22 xmpMM:Document\
ID=\x22adobe:docid:\
photoshop:aff863\
48-cac2-7e4e-a72\
5-69133b8c6bac\x22 \
xmpMM:OriginalDo\
cumentID=\x22xmp.di\
d:4d9f8954-a227-\
764d-94f0-0b03cd\
86aa70\x22 dc:forma\
t=\x22image/png\x22 ph\
otoshop:ColorMod\
e=\x223\x22 photoshop:\
ICCProfile=\x22sRGB\
 IEC61966-2.1\x22> \
<xmpMM:History> \
<rdf:Seq> <rdf:l\
i stEvt:action=\x22\
created\x22 stEvt:i\
nstanceID=\x22xmp.i\
id:4d9f8954-a227\
-764d-94f0-0b03c\
d86aa70\x22 stEvt:w\
hen=\x222023-11-07T\
16:54:19+08:00\x22 \
stEvt:softwareAg\
ent=\x22Adobe Photo\
shop 21.2 (Windo\
ws)\x22/> <rdf:li s\
tEvt:action=\x22sav\
ed\x22 stEvt:instan\
ceID=\x22xmp.iid:01\
640d78-ec0c-bd4e\
-aa64-f6977fe072\
1e\x22 stEvt:when=\x22\
2023-11-07T16:54\
:19+08:00\x22 stEvt\
:softwareAgent=\x22\
Adobe Photoshop \
21.2 (Windows)\x22 \
stEvt:changed=\x22/\
\x22/> </rdf:Seq> <\
/xmpMM:History> \
</rdf:Descriptio\
n> </rdf:RDF> </\
x:xmpmeta> <?xpa\
cket end=\x22r\x22?>\xf5>\
\xc4\xf8\x00\x00\x1a\xb1IDATx\x9c\xed\x9dy\x5c\
M\xf9\xff\xc7_\xf7vK\xdd\x16\xa9\x91\xb5\xc2dk\
\xb2\x8cIc\x0d!D\xd6\x18\x13\xb2L\x961i\x88\
\xc1\xd7\x90&\x86$[\x92$4&\x89\xc9N\xc8\x16\
\x93-\xfb \xd9\xb3\x936i\xef\xde\xfb\xf9\xfdq\xea\
\xf7\xd5w\xd4\xbd\x87n\xf7\xdcs>\xcf\x7f>\x8f\xc3\
\xfb}\xcf\xfb\xf3\xe8\xbc^\x9f\xcf\xf9\x9cMD\x08!\
\x84\x80B\xa1\x08\x10\xb1\xa6\x0b\xa0P(\x9a\x83\x1a\x00\
\x85\x22`\xa8\x01P(\x02\x86\x1a\x00\x85\x22`\xa8\x01\
P(\x02\x86\x1a\x00\x85\x22`\xa8\x01P(\x02\x86\x1a\
\x00\x85\x22`\xa8\x01P(\x02\x86\x1a\x00\x85\x22`\xa8\
\x01P(\x02F\xa2\xe9\x02\xf8\x8eH$\x12\x89D\xdf\
\xd83[\xcb\x962m\xcf^\x9a\xab\x88\xa2M0\xcf\
\xea\x88D\xea\xfa}j\x00j\x82\x11~\xdb\xb6\xccV\
\xfcQ\xa653\xd3XA\x14\xcaG\xa0\xa7\x00U\x0c\
#\xfcV\xad\x99-*|\x0a\xb7\xa1\x06PE0\xc2\
\xb7\xb5e\xb6N\x1cc\xda\xda\x16\x9a\xab\x88BQ\x0e\
5\x80\xcf\x84\x11~\xf3\x16\xcc\xd6\x89\x13LK\x85O\
\xd1\x0e\xa8\x01|\x22\x8c\xf0\x9b6c\xb6\xcaF\xfc\xba\
u5W\x11\x85\xc2\x1e\xba\x08\xc8\x12F\xf8_\xda0\
['KG\xfc\x06\x0d\x95\xe5\x0d\x0b\xf0\x9c\xe0\x95\x93\
\xed\xb8kn\xc4\xe6\x10\x13\xd33\xaa\xee\xeft\xcf\xd7\
]e5?\xadVJ5p\x0b\x97\xc99t\x08v\
\x9d\xdfjFV\xc1\xa4]\x11\x11I!]\x0c&h\
\xba,U\xa1\x06\xa0\x22\x8c\xf0\x1b5b\xb6\xca\x84\xdf\
P\xa9\xf0]\x03\xc6\xb4\x9b\x18\x99]w\xda\x81E\xfb\
V\x19\x98Jw!\x02!,\xf6K\xbe \xf90e\
].E\xcd\x10/2\x908*N\xae\x18\xf3K\xef\
)y%\x1e\x07#\xb6\xf9n\xd2\x22\xe1\x97A\x0d@\
\x09\x8c\xf0-\xad\x98\xad2\xe1[Y)\xcb\xeb}a\
\xd8\xebQ\xb2\xec\xd93Z\x05\x1c\x0e=a\xe2N\xce\
\x13/\x91=V\xb2\xdd?)$)\xd4\x00\xb8\x03\xf1\
 \x8e\xc4N\xf1\xcf\xd2\xdf\xbd\xaf\x8c\xcb\x93%\x1eK\
\xdd\xb5\x7f\x9bC\x0d\xdf\x0a\x13\x12\x91\x0e\x05\xe03p\
Y\x9d\xb5\xa7\xb3\x0f\xae\xcc\x9c#\x9f\xd6\xc3t@5\
\x96\x5c)\x22\xfaR\xd0\x8f\xc3\x08\xbfl\x84?u\x8a\
iml\x94\xe5u\xf3\x1a\xe0\xe2f\xf5.\xc5\xb7y\
\xd8\xe9\xed\xc3\x0c\xb3E\x118.\xba*\xe9P\xf6\xff\
N7\x1av\x94\x9cV\xbd\x8e\x93m\x9e\x9f\x97uc\
W;\xa5\xeaQ\x84\x92\x81\x8a&\xb2\x14\xff\xf1\x93w\
\x8d4\x86\xd9\x99{q\x8e\xbb\x83%\x15/\xf6\x96\x0a\
\x7f^\xcc\xda\xc6\x9bOe\x1b\xf5};\xc2s\x8c\x93\
i\xae\xe3\x8e:\xabtY\xdc\xd6Co\x04\xaaf\x18\
\xe1\xd7\xab\xcfl\x95\xad\xea+\x17~\x87\xb8^\xdd\xfb\
\x1fy\xf7h\xc1\xaf\xa1\xdfl_ehGV\x90\xa6\
\xa2\xa7\x12\x19\x99\x84\x18|\xf1A`\x0dv\xf5(\x92\
H\xf9|J\xb5\xa2\xc8\x96/\x96;\x96\xc4\xf9\xce\xfc\
\xe1\xf4\xd0}\xe2\x93\x17\xee\x9d\xb0=tR'\xa8\xa2\
x\xb1\x8b8A\x5c\x08,\x94o\xc8\x8b\x9e\x93\xe9\xd2\
c\xdf\xc0fn+\xcdr\x01\xa8\xbc\xeeS\x9dP\x03\
(\x85\x11\xbeE\xa9\xa3\x97\xad\xea7k\xa6,\xaf\xdd\
\xf5\xae\xad{\xb9\xe5H\xfd\x17F\x98\xef\xb9]\xe38\
\xf1%\xbe\xa2F\x12\x19\xe2*\x9cV\xadaS\x17\x89\
S\x04Q\x03\xa8~\xe4m\xe5\x9be\x1d\x8a\x0f\xce\xdb\
\xe4q\xa7\x7fo\x89\xc5\xd5\xa8D\x87\x13?\x8b+\x14\
\xbe\x8eT'F'\x17\xf8]\x1eY\xb2\xbbM\xe6\x17\
\x1d\x1b\xf56\xe9\x9fj\x96N\x12\xc9\xf1r*\xb3F\
-\xc8\xab\xa1\x03*\x22x\x03`\x84_v\xdd\xbel\
\xc4oi\xab,\xcfno\xfb[]\x82\xde__\xf2\
\xf6\x8fCq\x7f\xebI\xa1\x87Lq\xa6~'\x12M\
\xe6W\xa5`\xab\xfa\xf7(\x95#+,\xb1)\x09,\
\x1a:\xfbG\xf7\xde\xbd\xdb\xd4H\xbb\xb5\xf8R\x93\xc4\
\x86H\xac(^\xb2Rw\x9en&\xb0\xdcr{A\
\x9cqFR\xbb\xc2.\x99=\xa4\xe6\xe98\x83\xf8\x0a\
\xd5U\xa4\xa6\xe2?\x01\xc1\x1a\x00#|\xf3Ri\x1d\
+\xbde\xd7\xceNY^\xf3\xd5m\xf6:\xe8\xe7\x89\
\x03\xdfo\x1ft\xe2\x85(\x07]qF\xec\xa4\x9f\xae\
\x08S\xa8\xb6\xe3\xbf\xb0\x8cM\x9d\x8a0\x857\xe8m\
Ej\xa7$\xb2xI\xd1\xceB\xab_\xe6\x8c\xdc\xd2\
\xe3\x0f\xfd\xba)\x07\xaeOLrGRE\xf1z\xb7\
\xf4\xed\xf5_\x02\xab\xce\xfe\xd5?\xbeV\x86\x9d]\x5c\
\xfb\xf0N&\xe6\xb7\xaa\xb3\xe6\xaa@p\x06\xc0\x08\xbf\
V\xe9\xbd\xf9e\xf7\xea\xb7i\xab,\xaf\x89~Ki\
\xebG\xb9a+\xee\xec|xf\x85<Wd&j\
\xa4\xe3PSJ\x92\x89\x87\x1a\xcb\x05\x09\x22\x1e\xd4\x00\
\xd4GQ\x5c\x81C~~\xfe\xde\x99\xe6#\x1a8\x0e\
\x93>}(K^w\xdd\xbd\xe2x\xfd\x11R\x894\
\x15X\xdbso\xab\x84\x15\x19\xdd\x9bIZ\x0fh\x17\
Y*|-T\x93`\xae\x020\xc2\xafi\xcal\x1d\
/=\xc7\xb7\xb7W\x96g\x99mc\xd52$\xaf\xd9\
\xba\xc9\x07\xcc\xaf6(Y\xad\x13%\x99\xa4kj\xea\
\xf2\xa9u\xf4\xd7m\xfa\xa3\xa4\x87\xea\xf1\x87J\xee\xaf\
\x97\x9d\xfa\xd4\xbdQ*\xa2 $/\xf2}Z^\xb0\
O\xe3\xe17:\x17\x18z?\x1d|\xbf0y\x5c\xc5\
\xf1\x86#\x8d\xb7\x9a$\x03!\xbf\x1d\xf8\xf5L\xd3\x8c\
\x16\x8d\x8b\x9bo\xb5kh\x9e\xc2v\xbf\xdd[\xd5\xeb\
!y\xa3z<\xbd\x0a\xf0\x99\x94\x17\xfe\x91\xc3L\xab\
\x5c\xf8\xf5g[\xe745+X\x1c<s\xcf\xb5\xcb\
\x96\xf9\xa3\xc56\xe2f\xba6\xb5]\x88\x9f\x8aS\xfd\
\x8a\xf9\x91M0\xf1S\x0c\xa63\x80\xaa#\xd71\xe7\
zv@n\xe2L\xe3\x11\x96\x9d\x06\x19y\xbf\x18\xfc\
\xf8\xe2\xbdq\x15\xc7\x1b\x87\x99\x8e\xa8u\x19X\xdf/\
n\xf9\xb9\x9a\x19W\x1b\xc64\x1e\xd8\xb4\x91y\x0a\x80\
X>\xa8\x87\x07]\xf88\x8c\xf0\x8d\x8c\x98\xadC\x07\
\x98\xb6C\x87\x8a3\x18j[\xd4\x9bgy\xb5\xb0\xfe\
\xda\xb5\xfb\xeb]\xfb;g\xb6N\x9an\xb3\x1a]\xea\
LW\xa0\x8a\xa6I\xbf\xb3\x0bW\xcc%.\xa0O\x18\
|69/\xb3\xf2\xd3\xcdr\xf5f\x0eq\xbb\xdda\
\xacQ\xf1\x9b\xe4\x17\xfdR+y-\x8bi\xa8yv\
\xed\x04 \xac\xe5\xe1\xb7\x17\x96e\xc4\xd7u\xb7\xecd\
\x9dd\xee\x0c`'\x9fT\xc3\xa3\xae00\xc2\x97J\
\x99\xadC\x87\x98\xb6s\x17ey\xe6s\xeb\x046H\
,\xd4[w\xe0`\xab\xdb/2\xdbJ\x86\xe9\xca\x0d\
f\xd5\x9fNf+\x80YUZ\xe256\xc1d\xb6\
\xc2YD\x0d\xe0\x93\xc9tL\x0bx\x19\xfb\xde\xe2\x97\
\xa5#'v\xacc\x5c\x9c\x9e\xfcZ\xf2\xbc\x12\xe1\x9b\
\xfdc\x11Y7\x1e\xd8\xd8-\xbe\xf1\xa5-Y\x8ef\
\xf7,v\xd6\xbbn~\x86\xec%\xd1\xd0\xab\x82\x82j\
\xa3w\x15\xfcJ\x95\xc1\x9b5\x80\xf2\xc2?P:\xe2\
;9)\xcb3I33\xaa=\xb7h\xeb\x86VG\
\xcc\xef\x934?\xfd$i\xa4q\xb4\xe5#u\xd59\
\xc4\xda\xae\x87\xce3\xd5\xe3\xf7<\xb9uJn\xa9\xae\
j\xf8K\xfa\xea\xd7}\x9f\x86\xe5\xe4\xfcb9\x92t\
\xb041\xc9\xf6I/~\xd3\xba\xe2\xf8:\x03\x1a\x8a\
\xadb\x80\x0d\x05\x873.\x0e\xc9R\xd4\x1ca\xeeS\
\xbbm\xad*\x7fZ\xb6\xc7\xe4\xfa[$wT\x8f\xa7\
k\x00J`\x84\xaf\xaf\xcfl\xed\xd9\xc3\xb4\xca\x85o\
\x14Z\xb3\x8b\x99s\xc9\xa4\xd0\xc6\x07\x87\xdc=\xf6*\
\xaa\xc6\x08\x03\x7fcq\xa3|\xe2G\x06\xab}\xca\xcd\
\xc2\x00\xaa\xa5\x1e\x1e\xf1\xca\xeei\xce\x83\x9c\x1c\x9b\xff\
d\x8c\x1e\xdf\xb9\xb9\xc9\x83\x9cUY\x9b\xd3+\xb9\x8f\
\xb3\xbe\x93up\x93\xcd\xc0\x867G\xb2\x92\xfex'\
62\xadif\xba\xb4\x96\x02\xb1@\x95\x8c\xf8\x1cG\
k\x0d\x80\x11\xbe^\xe9\x9fh\xf7.\xa6uvV\x96\
'\x9db\x14^\xd3\xb1\xc4-\xe4\xed\x81\x8bw\x9f\xa4\
6\xd4O1L\xaei\xd34_\x01\x85\x9b:\xeb\xfd\
\x7f\xb6`\x13\x9bp\x85\xbf\xc2\x8d.\x02*\xe7y\xec\
\xa3\xfd\xc9~9n\xbf\x16y\xe4u\xadg\xf2 o\
\xeb{iv%\xcfjZ\x19\xd9\xd84\xdf\x8ff\xeb\
\xfb\xc7\x9d\xbf`\x9d\x13i0\xce\xd0\xd9x]M\x05\
\x01\xd9\xacVU\x98c\xbc\x1a\x7f\x9d5Zg\x00\xe5\
\x85\x1f\xfb\x17\xd3\xf6SzYN\xef\xa9\xfe\x08\xa9]\
\x89C\xf0\xfa}\xba)5\x1ez\x18f\x1a{\x98u\
i\xe1E\x82>{U\x9f-\xac\x0c\x80\x04)<\xe8\
\x0c\xa0bR7\xdf=s\xdd&\xc7\xddw\xcc\x0f\xc3\
\xba[\x9b\xc4\x16\x84\xe6I\xdfWb\x98M|[\xce\
o\x15\x0d\xbbuy\x07\xbe:['\xf7A\x0d}\x83\
\x10\xe9\x14\x93N\x88A\x84\x10F\xfc\xffEk\x0c\x80\
\x11\xben\xe9\x9fh\xfbv\xa6u\x1d\xa8,O\xef\x9c\
\xbe\x83\xb4\xae\xdc&\xf8\xe2\xbe+w\x7f\xbakg\xb2\
\xb2\xd6]\x8bT;/RU\xab\xfaj\x86\x84\x11o\
z+\xf0\xbf\xb9w\xeff\xee\xc5\xc8\x1c_\xff\xce\x93\
\xdf\xf7\xbck\x12]<\xa20\xad\xc0\xb4\xe2\xf8fS\
Z\xdb\xb7\xcbT\x84\x06\xcf\xd8+\xff\xdb\xb5`\xb5\x9e\
\x8b^\xeb\x1a\x12\xa3^8G\xc2\xabY\xf8_U\xeb\
\xde\x94\xc0y\x03`\x84\xafSZg\xf46\xa6\x1d:\
TY\x9eD\x22I\xd5\x93*LV^\x89\x9d|\xbb\
\xeb\xcdq\xa6\xf5\xcd\x7f\xa9\x9f\xdf6X\x11\xad\x80F\
\xa7\xd4\xc30\x9cM\xb8\x22Z1\x9f\x9e\x02\xfc\x97d\
\xeb+\xadO\x1b\xe5\xc4/5\xf7\x1e\xef\xf2\xd0\xc4\xbf\
dD\xd1\xc3B\xa3\x8a\xe3\xed\xc2\xdb\xef\xec\xdcKn\
\xb3\xa2\xdb\xcew\xc7t\x8a\x15\x92t\xdd\x7f\xf4\xa4\x86\
\x8f\xc8V\x84U_\xd5\x1f\xd0T#{\xad\x10\xce\x1a\
@y\xe1o\xfb\x93i\xdd\x94\x9e\xa7\x8bct:I\
\xf4\x14\xfa\xcb\x1b\xec\xdcq\xf3\xd2Uw\xf3\xc8:9\
V\x97\xed\x83\xc9u\xc2\xfae\x1c\x5c\x80\xc4\x91\x95t\
\x06\x00\xdc\xf8\xf2|\xdd\xa3\xb2\xf7\x11\xcb{\xfaX\x0e\
\x1ae\xe2)7\x92\x9d+\xd1\xaf8\xfek\xdb\xce-\
z\xcc\x96-^F\xb6=<\x5c\x22\x0b\xd3\x89\x92\xcc\
\x93\xb8\x1b0\x17\x00\x058\xd5\xaf\x08\xce\x19@y\xe1\
o)=_\xfen\xa4\xd2<\x99x\x8a\x8e\x9eB/\
 c\xdbw\xd7\x0d/\x05\xd5qn\xd0\xc8\xe6\xd1\xb7\
\xde\x04\x8a\x11\xe0\xd6[\xf9\x1b\xb3\x09&\x97\x15\xd1\x1c\
\xab\xbfZ\xb9\x9cu:a\x9f\xff\xfb\xbd\xab;\xfeg\
\xf9\xf0\xb3\xc6\x9e\x0aSy\x07y%\x02v\xc8v\xb2\
\xea7\xb0\xe8\xf2b\xd1\xe6\x1b{\x8b\xd0W\xa7\x85N\
\x98\xceS}{\x80\xac\xe6\x88\xf0\x7f\xd6t\x01\x1f\xc2\
\x19\x03`\x84/*\xbd\xee\xbaq\x03\xd3\x8eQ\xfe\xa0\
M\x0c.\x8b\xc4\x04\x8b\xd7D.Jr=/i\xe0\
\xdf\xe8AK\x9f\xce\xde\x04\xe4\x81\x1a\xcb\xad6H*\
9.D\x038_pl\xf7\x8e\x81\xb9\xaf\xd7\xa5/\
4\x1f\xfd\xd6x01Q$+*\xb9*\xdf\xb5u\
\xbf\xadC\xae\x16\x1e\xf7\xfd3\xec\xcb\x1d\xba\x923\xa2\
&b[\xf1b\x89?\x89\x00\xb7F\xfc\xfe\x9a.\xa0\
<\x1a7\x80\xf2\xc2\x0f/\x15\xfex\xe5/W\x8cF\
\x92HL\xe0\xb7ac\xf3\xb3\xbf\x9c\x1el}\xae\xa9\
M[\x8f\xee\xf9\x04\x84\xf5\x03\x1a\x5cFh\xef\x04L\
\xd8w@w\xb3^~\xf7\x88\xcc%\xbfM\xca0J\
\x80\x09\x1cH%\xc2\xef\x196\xc4\xc3=\xa4\xa0\xc9\xdc\
\xc7\xab\x0d\xfe\xf8IO&:)J\x17\xd9\xe8<\xc5\
I\xb2\x92S\xc2\xff/\x834]\xc0\x87h\xcc\x00\xca\
\x0b?d-\xd3zz\xaa\x96M\x14\xf3\xd2\xd6\x0d:\
q\xf6\xd4\x91/\xef}5\xf4\xdb\x86N{\xc9\x17\xda\
\xb1\xaa\x8f\x17\xec\xc2\xc9\x17\xa4\x10&\xea)\x85K\xc4\
?\x8e}\xb3\xce3\x7f\xf7\x9f;W\xce\xfa\xf9\xa84\
\x01\xa3\xe1P\xd9_\xb4\x9f\xcfH\xaf\x09Qy\xfa>\
\x8f\x97\xf5\xdb\xd0\xdc \x08>\xa2\x00\xd15\xb1\x17\xe7\
\x8f\x82=\x9a.\xa0<\x1a\x9e\x01\xacZ\xc1\xb4S\xa7\
\xaa\x16O\x143\xbb\x07u;8\xe4X\x87\x16'\xda\
\xf6\xea\xd6\xc29\x89\xb4\xe3\xfc\x9f\xbc<l\x0d\xa0\x1d\
\xa9\x8bJV\xb9\xb5\x9d\xb8w\xd1OV4*\xf4\x8a\
\xd1[\x17;\xfb\x9d4\x04@le\xf1\x83\x93\xc6;\
{%\xbcw\xfbi\xbd_\xfb\xd5\x0b\x8c\x9b\xa0\x11\xcc\
`\x07/\x84\x91@\x8e\x8e\xf8\xffKGM\x17\xf0!\
\xd5\xfe,\x003\xf0\xf3\xe1\xe9\x03Ju2r\xf0T\
\xf79-\xde\x8d\x9c\xb0c\xce\xcd\xdf\xadk^\x15Y\
\xc1\x06-pO\xd3u\xb1\xa5\xf7\x1b\xeb=\x12\x16o\
\x85\xe4\xcd\xb3\x00\x8c\xf0\x97.\xad\xae\xfdQ\xf8\xc1X\
#\x9fy~\xcb\xb2BG\x8d\xf2\x1e3?\xbdV\x0c\
\xf63c\x07a\xf3u\x15.1\x9c['\x01\xd5|\
\x0ap\xebv\xf5\xee\x8f\xa2\xed\x8c\xfa\xda\xfb\xd9\xfc\xdc\
ZS\x11\x8c%\xa8\xe4\xba?\xe5\xd3\xa0\xa7\x00\x14N\
s\xf4\xda\xe3'\xb2E\x9a\xae\xa2\xea\xe8\xf3uck\
\xc9\x02\xd5\xe3ys\x0a@\xa1|\x12\xab\xb1XK\x16\
\xf7\xb4\x12j\x00\x14NCV\x12?^M\xfd\xff\xc0\
FM\x97\xf0!\x9c7\x803\xa7\xde\xbc*\xe1\xd0\x87\
\x14>\x17\xc7\x1eu\xea\xe9\xb2\xf8<\x98\xd0\xfb\x8f\xd5\
\xf0\xa33\x00\xf5\xc1y\x03\xc0~\xc4hA\x95\xeaC\
\xe8\xfd\x0f\xe2\xd9\x0c\x00t\x06\xc0\x8eXD\x89\x84<\
\x02\x08\xbc\xff$\x10\xf3x5\x03\x98\xa6\xe9\x02\xca\xc3\
y\x03 Q$\x8cW\x07@7\xb4G\x81\xea\xe1B\
\xef?\x82\x88/\xcff\x00\x7fh\xba\x80\x0f\xe1\xbc\x01\
 \x12!\xbc\x12\x00\x00V\x02\x10x\xffI\x00\xe6\xf3\
\xaa\xff\xdfk\xba\x80\xf2p\xfe>\x80\x84\x82Wod\
\xb5\xd5YQ\xf5\xd2\xdd\xa0^\x1d\xc9[\xd5\xe3\x85\xde\
\xff\xb8\xaf\xef\xdf\x94\x1dS_=\xd5\x8d\xcb\xb5\xa6\xad\
$,\xbe\x0c@\xef\x03\x08\x86?\xafF\x00\xb6\x08\xbc\
\xff$\x10\xf3xu\x0a\xc0\xa9\xcf\x82h\x83\x01\xf0\xef\
\x1cp\x1d\xabh\xa1\xf7?\x80\xf0k\x11\x108\xa0\xe9\
\x02>\x84\xf3\x06@\x16c.\xaf\x0e\x80\xc9\xec\xc2\x05\
\xdf\xff\x00\x9e\xcd\x00\xdak\xba\x80\xf2p\xde\x00\xe0G\
\xbcyu\x00\x00[XE\x0b\xbd\xffK\x08\xbf\x0c\x10\
\xe0\xd4\xc7\xde9o\x00d>\xbcx%\x80\x9f\xd8\x85\
\x0b\xbe\xff\x01\x98\xcb\xab\xfes\xeaa`-0\x00\xcc\
&\x9e\xbc:\x00\x80\xb3\xac\xa2\x85\xde\xff%\x84_\x06\
\x00|\xa7\xe9\x02>\x84\xf3\x06@|0\x01RMW\
Q\x85\xb0|\xb4U\xf0\xfd_\xc2\xb35\x10N\xdd\x06\
\xa4\x0d\x06\xe0E\xdcy5\x02,\xc266\xe1B\xef\
?\x02x7\x03`\xb9\x0c\xaa^8o\x00\x98BF\
\xf0j\x04\x04K\x01\x08\xbc\xff\xc4\x1f\xb3ye\x00k\
5]@y8o\x00d\x12\xdcxu\x00\xb0\x5c\x04\
\x12z\xff\x11@f\x8b\xf8\xd4\x7f\xe0WM\x17\xf0!\
\x9c7\x00\x8c#\x03x6\x02\xb2\x93\x80\xc0\xfbO\xf8\
\xb6\x08\xb8\x0c\xbf\xa2D\xd3E\xfc\x17\xce\x1b\x00\x19M\
\xfa\xf2J\x00+X\x0a@\xe0\xfd\x07\xdf\x16\x019\x06\
5\x80\xeaf\x05\xbbp\xa1\xf7\x9f\x87\x8b\x80\xcb5]\
\xc0\x87p\xde\x000\x12N\xbc\x12\x00[\x04\xde\x7f\xb2\
\x84g\xb7\x02s\xea\xdb\xc0Z`\x00d\x04\xe1\x97\x00\
\x16\xe1!\x9bp\xa1\xf7\x1f\x81\xbc\xbb\x15x\x83\xa6\x0b\
\xf8\x10\xee\x1b\xc0`\xe2\xc8\xabo\xe3-b\xf7N8\
\xc1\xf7\x9fo3\x80\xb1\x9a.\xa0<\x9c7\x00\x0c%\
\x9dx5\x02\xb2E\xe8\xfd\x0f$\xfc2\x00`\xbb\xa6\
\x0b\xf8\x10\xce\x1b\x00\x19\x0c~\x09\x80\xc5\x87!\x01\xda\
\x7f\x12\xc8\xb3W\x82\xf5\xd7t\x01\xe5\xe1\xbe\x01\x0c \
\x0e\xbc\x9a\x02\xafa\xf7B\x08\xa1\xf7\x9f\x873\x80}\
\x9a.\xe0C8o\x00p!\x0e\xbc\x1a\x01\xd9\xbe\x11\
F\xe0\xfd'\x81\xf0\xe5\xd5\x0c\xe0[M\x17P\x1e\xce\
\x1b\x00\x19\xc03\x01\xb0\xbd\x15X\xe0\xfd\xe7\xe1\x0c\xe0\
\xa8\xa6\x0b\xf8\x10\xce\xbf\x15\xf8\xc0\xc6\x94\xb7\xb2g\xea\
\xac\xa8zq\x9d\xd8\xa2\xb6\xc4R\xd3UP\xb4\x05\xc1\
\xbf\x15\x98\xb8\x80_# \x85\xc2!8o\x00p!\
\xed\xf8\xb0\x08\xf64\xfaA\xc0\x9d\x11\x00\x80\xa6\x1a.\
\x85B\xf9\x7f8o\x00\xa4/i'\xd2b\x03xq\
\xefq\xdb\xbb\x03\x80\xf9\x8f\xc7\x0f\xef\xf5[\xe9?r\
j\x1d\x98\x22d\xb8o\x00.\xday\x19\xec\x95\xfb\x13\
\xd9}g`\xfe\xa6\xf1o{\xfd\x02d\xf7M\xbf\xfe\
\xa6\xad\xa6\xab\xa2P\xca\xc3y\x03\x80\x0bi\xa7Mk\
\x00\xaf\x92\x9f\x9d{\xe8\x04\xcc\xef8~O\xcfi@\
f\xdf\xb4\xcd/\xed5]\x15\x85\xf2q8o\x00d\
\x00:h\x83\x01\xa4\xe1\xc5\xb8\xd4.\xc0\x82S\xe3g\
\xf4\x9c\x0cd\xc4\xbeq}\xe1\xa0<\xcf,\xd8bn\
\xfd\xab\xc0b\x9d\xc8\xa3\xa76\x02\xf5\xceX\xe5\xda\x1c\
W\x7f\xbd\x9ab\xc8\x0e\xbb\xfb:\xf7U\x8f\xdf\xd1\xe7\
\xcawr\x96/\x12\xe5\x04\x0fp\x0bI\xb0\xdf\xb2~\
\xb9\xf1\xcf\x9b\xf2m\x8f8\xc7\x5c\x08\xb1\x90nU-\
\xf9}\x0e\xd3\xf6wU_\x81\x0c\xdc7\x00\x17b\xcf\
\xe5S\x80t\x9b\xd7\xf9\xcf\xec\x81\x05\xb7'\xdc\xee9\
\x1eH\x1f\xf7Z\xfa\xac\x83\xf2\xbcZ\x8d\xbe\x88\xaf{\
\x0b\xf8\xed\xfbM\xfd\x8f\xff\x09\xd4\x8d\xb3t\xb3\xb9\x00\
\x10\x17\x02.\xf7\xf7\xb3\xd9\x01\x16\xf2\x07H\x08\x09\xd0\
\xaa\xfb\x00\xfc1\x85\xf4R\x1c\x09\xef\xb8x\xd1\xe4\xe1\
\xc5\x16'\x9d\xf7\x0e\xdd\xa4\xb2\xf0\xdfe3m\x7fW\
\xe6\xf2\xdf\xd9D\xb5\xd5Y\x0a\xf7\x0d\x80\xa37\xc2d\
\xbc|\xf3\xf4y;\xc0\xf7\xd8\x84~=\x87\x01i>\
/\x9cS;)\xcf\xab)6\xb3\xad\x9d\x02\xf8\xdd\x8e\
(:\xfe\x17P\xbf\xd0:\xb0y\x22@\x06\x10p\xb1\
\x9fj\x80\xdd\xc30a\x08\xd4\x86;\x01\x89\x13\xa9K\
R\x15\xf5\xd7\x15\xf9fy\xe8\xc8<\x12\xfd\x0e\x0f\x8d\
n\xa1\x1f\xa7Zvv6\xd3\xf6\xe9\xc3\x08?)I\
m\x85\xfe\x0f\x9c7\x00\x0c%\x9d\xb84\x22fI\xd2\
\xbd_\xd9\x02\x0bWy\x1a\xf7r\x05^\xfb<[\xf5\
\xb0\xbb\xf2<\x13\xe7Z}\xbfx\x00\xf8\xd5\xde8\xe8\
\xf8a\xa0\xa1Kc\x8b\x96\x89\x00@,\xb8\xd4?\xce\
\x11N\x82\xb8l\x00\x8ax2Ka&{\xbe\xea\xda\
\x9ce\xc3]\x91xi\xe7\xa9\xfc\xbdM\xf4\x9a\xa8\x96\
\x9d\x99\xc9\xb4\xbd{3\xc2\xbfzU}\x95~\x1c\xce\
\x1b\x00\x19\x8c.\x5c\x18\x19\xdf5\xcc(Lk\x06,\
\xac\xed9\xb1Wo\xe0U\xeb'\x9e\xf7\x9d\x94\xe7\x19\
\x07\x98z\x9a?\x02\x16\xbe\x0a\xcf8v\x1a\xb0ld\
\xe3mw\x12 \xf6\x10\xca\x88_\x9e\xd3\xec\xc2I8\
Vs\xd1\x00\x14\xc9\xf2q\xf2\xf8\x92\xb6\xcb\xb7\xf8|\
?\xe8\x89\xce\xce\xeb\xe1\xe7\xd6\x1f\xbe n\xa6Z\xf6\
\xdb4\xa6u.\x1d\xf1\xaf_W[\xa1J\xd0\x02\x03\
 \x1a5\x80\x9c\x94\xac\x94\xb7M\x00\xbfw\x13\xdf\xf7\
\xea\x0c\xbc\xe8\xfe\xd83\xa5\x97\xf2<\xc3\xd9\xc6\xcfM\
\x9f\x03\x0b\x06\x85}w\xf4<`\xa5\xdfT\xaf\xf5q\
\x80@\xb3\xfd\xd183X~\x1c3\x82[\x06 /\
\x96\xb9\xc9\xa6\x16\xcf^\xea:\xad\xa8_\x91\xae\xdb\xed\
E\x97\x1dO\x16\x8bT\x14\xfe\x9b\xd7L\xdb\xabt\xc4\
\xbfuK}\x95\xaa\x06\xe7\x0d\x00#5\xf3J\xac\xf7\
\x8e\xef\x022\xac\x00\xff\x06\x93\xdb;\x7f\x03<\x9b\xfe\
\xd0\xf4v_\xe5yR3#\x07\x93\xd7\xc0\x82E\x1b\
,\xe3\xaf\x01\x8d\x1d\x9b\xfb\x7f\x1d\x0f\x00\x829\xc7W\
\x06+\x03 \x11\x84\x13\x06 \xf3*\x99^$-<\
\xfe\xbb\xf5\xd4\x1f{_\xd3O\xbc;\xfbF\x93\xb36\
8\xa7Z\xf6\xab\x97L\xdb\xb3T\xf8w\x92\xd5W)\
;8o\x00\xd5\xfdN\xbc\xbc\xc8\x1c\x87\xac\xfa\xc0\x22\
\xf9\x14\x83>-\x81'\xd3\xef\xcd\xfa\xc7Ey\x9eT\
\xdf\xc8\xd6$\x0d\x98?&\xf4\xec\xd1\xbb@\x93\x90\x16\
I\xdf\x1c\x01\xc8\x08*\xfcr\x5c\xc4\x02V\xf1[\x11\
\xaaI\x03(~^\x18R\xb0\xb7\x00\xfeC\xa6\xe4u\
\x1fe\xd0\xeb\x91gr\xeb\xcb6Pa\x0e\x08\x00/\
\x9e3\xadSOF\xf8\xf7\xee\xa9\xaf\xd2O\x83\xfb\x06\
0\x1a\xd5\xf2Z\xec|\xbcO}g\x01,\xaa7\xd5\
\xa0Oc\xe0\xb1{\x8a\xec\xda@\xe5y\x06n\x86\x83\
\x8d\xd3\x80\xffd\xad}|\xe8\x15\xf0\xe5<;3\x87\
8\x80\x00T\xf8\x1fc&\xcb\xf8\xadD#\x06Pp\
=\xdf$\xd7\xb7@\xea?l\x92\xb5\xe3*\x83\xfc'\
\x1b\xef\xe7\xdfpT5\xfb\xe9S\xa6\xed\xd1\x83\x11\xfe\
\xa3G\xea\xaa\xf3s\xe1\xbc\x01\xc0\x83\xb8\xa8SH\xf9\
\xd2\xdc\xf4w\x16\xc0\x92\xfb^_\xf53\x07\x1e\xddJ\
\x96]\x19\xac<\xaf\xc6@\xfd\x07\xd2l`\xaeu\xf0\
W\x073\x80f\xef[\x0f\xee\xb4\x1f\x80\x07iA\x85\
_);\xd8\x04\x93(\x84W\xe7Q\x9a\x9f\x96{\xf2\
\xdd\xea\xfc\x07\x0b\x0f\xfd\xd0\xb9\xd3\x06i\xfe\xcb\xf8\xd4\
\x88\x14\x95\xef\xe4|\x5c*\xf4\xb2\x11?5UMe\
V\x19\x9c7\x00\xe2\xa1\x9eOc\x15\x9a\x16x\xe4\x9a\
\x01\x01C\xbc\xbf\x1f`\x0c\xdc/\xbey\xe2\xa2\x9b\xf2\
<\xbd\xcd\xfaz\x069\xc0\x9c\xd1\xc1\xdf\x1e\xcc\x03\x9a\
\xff\xd5&\xa2\xcb^\x80\xb4\xa3S}\x958\xca\xce\x00\
\x10\x83\x88\xea\x98\x01\xe4\xcc\xcb\x0aN\xef\x95\xf7\xdco\
\x9dgA\xa7k\x866o\xa2\x9eG<l\xadj\xf6\
\x83\x07L\xdb\xb3T\xf8e3\x00\xee\xc3y\x03\xc0\x14\
2\xb4*\x85U4\xa5\x10\xf9&@\xc0d\xef\xf7\x03\
t\x80\xbb\xc57\xa6\x9eSE\xf8a\xfa0\xc8\x01f\
\xe7\xacj\xba_\x07\xb05\xff:\xa9\xdb^\x80.\xee\
\xb1f\x0c\xab\xe8\x18\xb2Y\x9d\x06\x90\x95\x9c\xee\xfe\xaa\
Y^\xb2_S\xcf\xc9\x9d\xee\x18\xda\xa6g\xbe\xde\xfc\
T\xc55}\xe0n\x0a\xd3\x96-\xee\x95\x9d\xf3k\x0f\
\x9c7\x002\x09#\xaa\xe2V\xd0\x22\xefB\xfd|\x13\
`\xf9\x9c\x19\xfd\x07\x16\x00)6\xd7\xa6\xfe=Ry\
\x9enw\xbdq5r\x81\x99\xcf\x97[\xee6\x04\xbe\
*\xb0\xbf\xea\x14Yuu\x09\x0e\xb6\x9fF\x8b\xc5V\
u\x1c\xa5\x19S^\xb7~\xfaO^\xf1\xc2\xc7\x9e\xe7\
;50\xb4\xcd\xceL\x0f\x7f\xa5\xb2\xf0\xcbV\xf1\xcb\
\xa6\xfa\xaf_W}\x85\xd5\x03\xf7\x0d\xc0\x8b\xb8\x7f\xce\
\x08[\x92X\x1cU(\x05Vd\xccr\x1d\x9a\x05\xdc\
\x8e\xb9<\xee\x94\x87\xf2<\x9dLI\xa2n!\xe0c\
\x17\xf8p\xb79\xd0j\xcb\xb7\x12\xe7\xcd\x00\x01=\xc7\
\xff,V\xe0\x10\xab\xf8\xdd$\xaa*g\x00\xaf\xa7>\
w{\x10\x96\x97\xeb\xaf;\xe9R\x97\x85\x86F9\xf6\
Y\x09o\xeb\xab\x9a]v\xdd\xbel\xaa\x9f\x96Vu\
\x95i\x06\xce\x1b\x00fa\xc2\xa7\x8c\xb42\x8b\x92\xee\
\xc5\xfa\xc0\xca\xf6\xbf\xac\x1a\xf6\x06\xb8\xd9\xee\xa2\xed1\
U\x84\x9f&I\xd0-\x04|\xe6\x05\xde\xd9\xdd\x00h\
\xd3\xb1\x93W\xdfh\x00\xb3\xd8\xd7@\xa9\x02\xf6\x22\xba\
*\x8e\xd2\xe7\x09\x8f\x1f%?\xc8_\xbd\xe8\xd0\x94;\
\x8e\x8b\x0c\xa7\xe7]\xcfI\xcb\xb2P5\xbb\xecN\xbd\
\xb2[v\xd3\xd3?\xbf\x22n\xc0y\x03 \xb3\x88'\
\x1b\x03\x90\xd5/q*\xd6\x07\xd6\xb4\x99\xdbt\xf8C\
\xe0\xc6\xfa\xf3\xb6G&(\xcf\xd3y)9\xa9[\x08\
x\xdb\xff\xbe'\xa69\xd0vGg\x99K4@@\
<?\xbdz\xca\xbf\xd8\x85ul\xc2\xc9~\xec\xfc\x9c\
\xa34uV\x8a\xd7\xd5\xe0\xfc\xa0%\x7f{5\xef\xb9\
T:\xab`j\xde\x9a\x1cSU\xb3\xaf\x5cf\xda\xb2\
[v\xcb\xee\xdd\xe7\x0f\x9c7\x00\xcc'^\xaa\x18\x80\
\xfc\x8c\xcc\xb4D\x0f\x08\xb1\x9e\xbf\xc7\xfd&p5;\
q\xd8\xc1I\xca\xf3\xc4a:\xcdt\x8a\x01\xaf\xe0E\
G\xa3[\x01\xf6M\xbbM\x19\xbc\x15\xc0\xfcj|U\
\xb2\xb0`e\x00\x88#\xb1\x9fr\x0ap\x9f\xdcT\x9c\
_Y\x10\xb0\xec\xa7\xe9s\xfa,\x93\xce-\x1aX\x10\
\x95g\xa2j\xf6\xc5\x0bL\xdb\xb7\x1f#\xfc\xb2\xa7\xf5\
\xf8\x07\xe7\x0d\x80\xf8aze\x06\xa00\x95G\xc9\xc5\
@\xc8\xcc\x055G]\x03.\xc5'L\xdd\xa3\x82\xf0\
E\xd9\xe2\xd1b\x05\xf0\x93\xd3oc\xb7}\x03\xb4_\
\xd3#h\xe8V\x80\xf4\xc7\xf4*+\x9e\xf2oN\xb0\
\x8c\x8f\xc7^6Gi\xb2\xf9\x15\xc5\xa9\xcb\x85\x0e+\
\xccf\xb5w]f\x90T<\xb7(\xaa@\xe5\xa7-\
\xcb\x9e\xbf/{\x1e\xbf\xec\xf9|\xfe\xc2y\x03\xc0b\
2\xfbc\x06\xa00UD\xcb\xc5@\xe8\xa1\x85\x9dG\
\x9f\x07\x92rO\xdd\xdb\xa5\x9a\xf0\xdd\xc5\x0a\xe0\xc7\xd1\
\x0b\x9fl\xed\x0a|[\xbb\xa7xxd\xe9~(\xd5\
\x01\xab\x0fc\x90#\xd8\xaf\xcaQz\xa3\xcf\xb9\xec\xb8\
\x98\xa2\xe9\xab\xfd\xe6\xce\x18:M?In+s(\
Qy\xe6\xf0\xf7\x19\xa6u\xe9\xcf\x08?7\x97M\x8d\
\xda\x0c\xe7\x0d\x80\x04\x95\xff4\x94\xc2L\x1e#\x17\x03\
\xe1\xf7\x17\xf7\x99p\x0c\xb8\xb0\xe3\xf8\xa6\x9d^\xca\x7f\
G\x94)\x1e)V\x00\x13\xef\xfd\x1a\xb3\xa9\x0f\xd0q\
\xa9s\xc7\xef#\x00\x02\xf8\xaa\xafz\xca\xbf`\xfb]\
\x9c\x93\xe4`eG\xe9\xa5\x1d\x09\xf5w\x9d+\x9e\x1a\
\x9a\xed{\xc9\xfd\xe7\x1a\xa1r[\xb9\x95L\xe5\xa3\xfa\
\xe4I\xa6u-\x1d\xf1\xf3\xf3YV\xa7\xf5p\xde\x00\
\x10L\xfc\xa1\x0f\x90\xd1\xa4\x03\x01\xb0i\xf8\xd2m\x93\
\x0e\x01gS\x8eL\x8aRA\xf8\x88\xc2\x05\x11\x80\x1f\
b\xe7\x86\x86\x0f\x01\xba^\xeaw\xcc#\x1c(\xbd[\
\x9fR\xfd\xf4d\x15}\x06\xf1\x1f;J\xcf\x9d>j\
\xbd\xad\xb0\xc4s\xc3\xee\xc5]\xc7\x0d\xd2\x8b \x16\x0a\
+\x85X\xd5\x1f=z\x84i\x87\x0e\x13\xaa\xf0\xcb\xe0\
\xbc\x01\x90\x1c\x92H\xf4\x80M-\x03t'\xef\x02\xce\
\xa4\x1c\x9a\x14\xe9\xadBb\x99\xf0\xbd\xe7&l\x18\x06\
8\xbe\x19\xf0v|0@\xc6#H\xdd5S*a\
#\xcb\xf8D\x9c\xfc\xf0(=5q\xdf\xd8\x8d\xa9\xb2\
\xd7[Z\x06\xe6\xfc\xd8F7\x02\x16\x88U\xdd\xca\xe3\
J_\xd15\xacT\xf8\x85\x85,\xab\xe1\x1d\x9c7\x80\
?z\xac85m;p\xda\xe2\xc0\xc2M\xaa\x5c\x8b\
/\x15\xfe\xd8q3o\xad\x1d\x0bt[\xef:\xec\x87\
 \x00\x91d\x98\x9aK\xa5\xa8\x06\xbb/#]@\x02\
\xc4\xc0\xd1!;\x0b\x82\xed\xe5O\xb7a\xcd\x10\x9f\xbb\
\x12+\x8cF'\xd5\x85\xbf\x7f?\xd3\x0e\x1f\xce\x08\xbf\
\xb8\x98U\x0d<\x86\xf3\x1f\x07U\x99R\xe1\x8f\xde<\
\xddo\xd5D\xc0Y>\xbc\xd54:\xd6s\x0e\x8f\xd3\
\x9d\x97\xeb\xd4T=~x\xec\x94\xbeKf\x92\xba\x7f\
\xb9\x85\x1d\x99\xb7B\xc4\xf2\x96\xdb]\xb1L\xeb>\x8a\
\x0a\xff\xe3\xf0\xc6\x00\xdcm\xa7%\xac\xf8\x09\xe8sz\
\xe4w\xd3\x03\xab\xfa\xd7)U\xc5\xd8\xda\x9d\xdf\xe8\x18\
\xaa{/;b\x98v\xf4\x18\xe6\xf8\x96\xc9\xd4\xbdG\
m\x857\x06@\xa1\x00QQL;n<s\x5c\xcb\
\xa9\xf0\x95\xa0\xf2\xba)\x85\xc2]\x22#\x99\x96\x0a\x9f\
-\xd4\x00(Z\xcc\xc6p\xa6\x9d\xf0\x03\x15\xfe\xa7A\
\x0d\x80\xa2\x85\x84\x862\xed\xe4\x1f\x19\xe1\x13\x85f\xeb\
\xd1^\xa8\x01P\xb4\x885\xab\x99\xd6k\x1a\x15~\xd5\
@\x0d\x80\xa2\x05,\x0fd\xf4>}\x06\x15~\xd5R\
\xedW\x01(\x14\x0aw\xa03\x00\x0aE\xc0P\x03\xa0\
P\x04\x0c5\x00\x0aE\xc0P\x03\xa0P\x04\x0c5\x00\
\x0aE\xc0P\x03\xa0P\x04\x0c5\x00\x0aE\xc0P\x03\
\xa0P\x04\x0c5\x00\x0aE\xc0P\x03\xa0P\x04\x0c5\
\x00\x0aE\xc0P\x03\xa0P\x04\x0c5\x00\x0aE\xc0P\
\x03\xa0P\x04\xcc\xff\x01\xf9\xeab\x97\x7f%Rn\x00\
\x00\x00\x00IEND\xaeB`\x82\
\x00\x00\x05<\
\x89\
PNG\x0d\x0a\x1a\x0a\x00\x00\x00\x0dIHDR\x00\
\x00\x00\x80\x00\x00\x00\x80\x08\x06\x00\x00\x00\xc3>a\xcb\
\x00\x00\x05\x03IDATx\x9c\xed\x9d\xcdj\x14A\
\x14\x85\xef\x18%%\x0aAP\x17\xae$\xba\x11\xd4\xa5\
\x067\x8a\xa2Y\x89F\xf2\x00\xbe\x94q\xe9\x03D0\
kE7\xfeD\x11\x11A\x17\x8a\x0a\x8a\x1b\x0d\x0a\xd9\
\x84\x0aDF\x1azb\xa7\xa6\xba\xa7gRU\xf7v\
\xdd\xf3\xc1\x90\xa4\x86t\xdf\xee>sN\xa7\xaa\xbaB\
\x00\x00\xc5\xf4R\x1fz\xbf\xdf\x9f\xf8w{\xbd\xe0\xe5\
.\x96_\xef\x87\xdc\xe8\xb8\xc7\x18\xe1\xb8\xda\xef;\xf5\
\x0e\x05\x09\xe00\x11}(\xbf?MDk\xa16\xdc\
%\x01$\xa789\x93\xbe\x02\xb3\x5c\x94S\xbe\x96C\
nz\xdc\xe3S\x85\x10\x01,V.\xfe\xe0\xb5\xd8\xe2\
\xf7Z\x01\x014 @\x00\x85\xf5\xff\xf4\x08\xa0h;\
\xc2q\x8c\x9c\xeca\xdd;\x0fw\x89\xe8\xa8g\xcfE\
\xdb\x92\x86\x13\xc0\x0a\xb3\x03\xf8\xac?x\x14 \x02\x1a\
`\x14@\x9d\xf5\x07\x8f\x02D\x80L\xea\xac\xdf\x05Q\
\x10\x13&\x07hc\xfd\xc1\xa2\x00\x11\xd0\x00\x83\x00\xda\
Z\x7f\xb0(@\x04\xc8\xa2\xad\xf5\xbb \x0ab\x90\xd8\
\x01&\xb1\xfe]G\x01\x22\xa0\x81\x84\x02\x98\xd4\xfa}\
Q0\x96\x83 \x02d0\xa9\xf5\xbb\x14\xdb\xb8\x93\xd9\
\xb9\xe1#\x91\x03\x84\xb0\xfe\x89\xa3\xa0K\x0e\x90\xe3p\
\xf0`\x987\xc4\xa7\xbf\xca/\x22:S~md\xdc\
c\xe4\x1c\x0e\xce1\x02BY\xbf\x0b\xa2 \x04\x91#\
 \x86\xf5\x8f\x1d\x05\x88\x80\x06\x22F@,\xebw\x19\
\x19\x05\x88\x00\x1ebY\xbf\x0b\xa2`7D\x8a\x80\x14\
\xd6\xdf:\x0a\x10\x01\x0dD\x88\x80\xa2\xbf\xfe}\xa2O\
\x7f\x95\xda(@\x04\xa4e\x89\xe1\xe2\x13\xa2`B\x02\
G\x00\x87\xf5\x8f\x8c\x02D@\x03\x01#\x80\xcb\xfa]\
\x86\xa2\x00\x11\x90\x06.\xebwA\x14\x8cC\xa0\x08\x90\
`\xfd\xb5Q\x80\x08h @\x04H\xb1~\x97\xed(\
@\x04\xc4E\x8a\xf5\xbbt2\x0a\xb4=\x1c\xdav\xe7\
\xbb\xda\x11\x1c\x00t\x06\x08@9\x10\x80r \x00\xe5\
@\x00\xca\x81\x00\x94\x03\x01(\x07\x02P\x0e\x04\xa0\x1c\
\x08@9\x10\x80r \x00\xe5@\x00\xca\x81\x00\x94\x03\
\x01(\x07\x02P\x0e\x04\xa0\x1c\x08@9\x10\x80r \
\x00\xe5@\x00\xca\x81\x00\x94\x03\x01(\x07\x02P\x0e\x04\
\xa0\x1c\x08@9\x10\x80r \x00\xe5@\x00\xca\x81\x00\
\x94\x03\x01(g\xaf\xb2\xc3W\xf4_\x9a\xdb\xd1)\x01\
p\xaf\xa7\x93#\x88\x00\xe5\x88p\x00c\xcc,\x11}\
\x11P\x0a\x17l\xd1$\xc5\x01\xae\x09\xa8A%R\x04\
pU@\x0d*a_%\xcc\x183ED\xbf\x89h\
F\xebE\xd8\xdc\xdcT\x1d\x01\xe75_|n$\xdc\
\x04\x8e\xb4\x7fkm\xa7\xff~7\xc6\xec'\xa25\x22\
: \xa0\x9c\x1dHp\x00\x0d\xf9?/\xf1\xe2\x13\xb7\
\x00\x8c1\x85\xf5\xcfq\xd6\x90\x88\x05\xa9\x85q;\xc0\
e\x22\x9ab\xae!*\xc6\x98}Dt]j}\xdc\
\x02\xd0`\xff\x17\x89\xe8\x90\x80:\xbcp\x0b@C\x07\
\xd0-\x015\xd4\xc2&\x80\xb2\xfb\xf7\x84\xd3\xfc\x97\xa9\
\x9c(\x18c\x8a\xf3{Cr\x8d\x9c\x0e\xe0\xfb\xf4\xbf\
b\xa8#&E\x1f\xc71\xc9\x05r\x0a\xc0\x97\xff\x8f\
\x18\xea\x88\x89h\xfb'.\x01\x94\xdd\xbfW<o=\
d('&7\xa5\x17\xc8\xe5\x00\xbe\xee\xdf\xf5\x9c\x22\
\xc0\x18s\x96\x88N:\xcd\xe2\xeeq\xb8\x04\xe0\xb3\xff\
'\xd6\xda\x9cn\x02}\x9d?O\x19\xeah\x84k,\
\xc0w\x03\xb8`\x8c\xf1\xce\xf9\xaak\xef +Dt\
IR\xd9\xc9\x07Y\xa6\xa7\xa7g\xca\xe1\xdf\xac{\x00\
=\x14\x22>ND\xdf\xdc\xb7\xb4\x0d\x07g\xdf\xfd[\
\xc3\x1bk\xedwiEq\x08@\xeb\xec\x9f\x07\x02j\
\x18\x82C\x00\xf3\x0c\xfb\x94\x80H\x01p\xdc\x04\xce\xba\
\x0d\xd5\x09\x1f\xbe\x1b\xbe.M\x08\xe9Z\xfdx.@\
9\x10\x80r \x00\xe5@\x00\xca\x81\x00\x94\x03\x01(\
\x07\x02P\x0e\x04\xa0\x1c\x08@9\x10\x80rD-\x11\
S\xce\x14\xf6\xb5wz>\xc0\x88\xfa\x7f$,e\x08\
i\x0e\xa0q\xa1\x88\xe7\x9c;\x97&\x00\x8dC\xc5\xab\
\x9c;\x17#\x80\x86\x99\xc2\xb9\xf3\x82\xf3\xf8$9\x80\
\xc6\x85\x226\x88\xe8-g\x01\x92n\x02}\xf6\xbfb\
\xad\x15\xfbh\xb5\x8f\xba\xf9\x00\xc6\x98\xdbDt\xcfy\
\xeb\xb5\xb5v\xab\xd7\xe3\x9b. \xc9\x01|\x02\xc8\xe9\
A\x91\x0b\x9e6\xd6\x1b@\x92\x22\x80\x86\x85\x22rz\
T\xcc'\x80\x97\x0cu\xec@\x8a\x03\xf8f\x0a\x7f\xb5\
\xd6~f\xaa'(\xc6\x98b}\x80S\xce6\xfbp\
\x80\xff\xe4n\xffs\x9es\xfd\xc9Z\xfb\x87\xa9\x9em\
$\xaf\x14\x9a\xbb\xfd?c\xa8c\x08)\x02\xf0-\x14\
\xf1\x98\xa9\x96\x18\xf8\x04\xc0\xda\x014@\xea`\xd0+\
k\xed\xba\x80:Bq\xce\xb3\x1d\xf6\xfc'\xc1\x02\xc8\
m\xa1\x88\x83\xce\xcfE\xf6\x7fd\xaae\x07R\x05\x90\
\xdbB\x11.\xab\xd6Z\x11#\x9c\x12\x05\x90\xd5B\x11\
5\xb0\xf6\xffW\x91(\x80\xdc\x16\x8a\xf0!F\x00\x1c\
\xeb\x03h\xff\xc7?[\xc5\xa0\x97\xb5vc\xd0\x80\xb1\
\x00]\xbc\xab^|n \x80\xf4\x88\xe8\x00\x1a\x00\x01\
\xa4\x87}\x00\xa8\x0a\x04\x90\x1eQ\x0e\x00\x00\x00\x00\x00\
\x00\x00P\x05\x11\xfd\x03\xf8&3!\xca\xe2\xeb\x07\x00\
\x00\x00\x00IEND\xaeB`\x82\
\x00\x00\x0f{\
\x89\
PNG\x0d\x0a\x1a\x0a\x00\x00\x00\x0dIHDR\x00\
\x00\x00\x80\x00\x00\x00\x80\x10\x06\x00\x00\x00\x93\xae\xbd\x88\
\x00\x00\x00\x09pHYs\x00\x00.#\x00\x00.#\
\x01x\xa5?v\x00\x00\x06\xa9iTXtXML\
:com.adobe.xmp\x00\x00\
\x00\x00\x00<?xpacket beg\
in=\x22\xef\xbb\xbf\x22 id=\x22W5M\
0MpCehiHzreSzNTc\
zkc9d\x22?> <x:xmpm\
eta xmlns:x=\x22ado\
be:ns:meta/\x22 x:x\
mptk=\x22Adobe XMP \
Core 6.0-c002 79\
.164460, 2020/05\
/12-16:04:17    \
    \x22> <rdf:RDF \
xmlns:rdf=\x22http:\
//www.w3.org/199\
9/02/22-rdf-synt\
ax-ns#\x22> <rdf:De\
scription rdf:ab\
out=\x22\x22 xmlns:xmp\
=\x22http://ns.adob\
e.com/xap/1.0/\x22 \
xmlns:xmpMM=\x22htt\
p://ns.adobe.com\
/xap/1.0/mm/\x22 xm\
lns:stEvt=\x22http:\
//ns.adobe.com/x\
ap/1.0/sType/Res\
ourceEvent#\x22 xml\
ns:photoshop=\x22ht\
tp://ns.adobe.co\
m/photoshop/1.0/\
\x22 xmlns:dc=\x22http\
://purl.org/dc/e\
lements/1.1/\x22 xm\
p:CreatorTool=\x22A\
dobe Photoshop 2\
1.2 (Windows)\x22 x\
mp:CreateDate=\x222\
023-11-07T15:45:\
04+08:00\x22 xmp:Me\
tadataDate=\x222023\
-11-07T15:45:04+\
08:00\x22 xmp:Modif\
yDate=\x222023-11-0\
7T15:45:04+08:00\
\x22 xmpMM:Instance\
ID=\x22xmp.iid:c88a\
8252-28f8-504f-a\
e78-053f5a83a150\
\x22 xmpMM:Document\
ID=\x22adobe:docid:\
photoshop:726ed6\
58-af4f-7646-b6c\
7-0de4ffb72bbb\x22 \
xmpMM:OriginalDo\
cumentID=\x22xmp.di\
d:698751fb-df97-\
f44e-98dd-feaeac\
d6f6e9\x22 photosho\
p:ColorMode=\x223\x22 \
photoshop:ICCPro\
file=\x22sRGB IEC61\
966-2.1\x22 dc:form\
at=\x22image/png\x22> \
<xmpMM:History> \
<rdf:Seq> <rdf:l\
i stEvt:action=\x22\
created\x22 stEvt:i\
nstanceID=\x22xmp.i\
id:698751fb-df97\
-f44e-98dd-feaea\
cd6f6e9\x22 stEvt:w\
hen=\x222023-11-07T\
15:45:04+08:00\x22 \
stEvt:softwareAg\
ent=\x22Adobe Photo\
shop 21.2 (Windo\
ws)\x22/> <rdf:li s\
tEvt:action=\x22sav\
ed\x22 stEvt:instan\
ceID=\x22xmp.iid:c8\
8a8252-28f8-504f\
-ae78-053f5a83a1\
50\x22 stEvt:when=\x22\
2023-11-07T15:45\
:04+08:00\x22 stEvt\
:softwareAgent=\x22\
Adobe Photoshop \
21.2 (Windows)\x22 \
stEvt:changed=\x22/\
\x22/> </rdf:Seq> <\
/xmpMM:History> \
<photoshop:TextL\
ayers> <rdf:Bag>\
 <rdf:li photosh\
op:LayerName=\x22Z\x22\
 photoshop:Layer\
Text=\x22Z\x22/> <rdf:\
li photoshop:Lay\
erName=\x22Y\x22 photo\
shop:LayerText=\x22\
Y\x22/> </rdf:Bag> \
</photoshop:Text\
Layers> </rdf:De\
scription> </rdf\
:RDF> </x:xmpmet\
a> <?xpacket end\
=\x22r\x22?>\xb6\x928.\x00\x00\x08xID\
ATx\x9c\xed\xdd\xcdm\xdcF\x14\xc0q\xd1\xf0=\
\x91;\x88\x5cA`\xe5l\x19\x90*\x08\xec\x0e\x22!\
\x05\x04\x92OvN\x96\xe0\x02\x02+\x15\xc4\xa9 \x90\
\x80]\x9f-\x97 \xa5\x828\xe9`sx~28\
Z\x8a\x5c\xce\x9b\xef\xff\xef\xf2\xb0\x8b\x84\x22\xd7\x9c7\
o\x86C\xb2[\xadV\xab\xd5j+;]\xd7u]\
\xf7tO?\xcb~~X\xa6\xdb#\xa0>]\xde\x09\
`\xb1\xd0\xcf\xb2\x9f\xcf\x9e\xa5\xdc'\xa06\x0fR\xef\
\x80\xab\xdf\xf3\xef\xddF\xf9^?\x03\xb0\x90]\x02\x10\
\xaf_\xad\xff\xfe\xd5\xc0\xf7\xf1IB:>\x91\xb8Z\
\xe5\x11\xaf\xaf\xcb<\xce\xfd}\xeb\xfd\xc6D:\x04H\
\x1d\x85\xf6\xfc\xfa\xcdP\xdc\xdbK\xbd\xbf\xeb\xf7\xff\xf0\
P\xa26\xc4\xb1\xe3\x98\x1b/.$\xee\xec\xa49N\
m\xb0\xa7o6\xdb\xef\xcf\xffH<>I\xfd\xefE\
\x94\x98|\x07nwdkkkkK\xc7\xfcc'\
\xd2b\x91z\x7f\xef?\x8e\x9d\x9d\xb0\x89 ~\xc3\xbf\
\xffx\x8fO\xee\xdf_\xfd\x1d\xb6\x1f\xa5\xde_b?\
&\x1f\x02H\x09\xe8\x8e\xf9\xc7\xe4;' ?\xec\xcd\
\x8d|::\x0a\xf3W\xb6\x1f\x85\xd9\xee\x5c\x9f\xae\xd6\
\x7f\xff\xefg\x89\x07\x07\xf2\xbb\xe8g\xe4\x22y\x02\x10\
Cc\xfe1\xf9\xcc\x09\xb8\xe4\x84\xbf\xbc\x94O\xe7\xe7\
\xb6[\x7f\xfe\xa3\xed\xf6|=\xd9]\xff\xfd\xd9\xdb~\
BDvR\x95\x1eb\xea\x98\x7f,\xe67'\xd0?\
N\x1d\x12\xe8\x18\xd8\xf7xu;\xe9Kjq\xf5\xb1\
\xbf\x7f\x17\x17\xa9\xf7\x8b8-&\xae\x00\xe6\xf6\xfc\xae\
\xdc+\x01\xed\x01\xcf\xde\xdalU\x87\x00:\xe9\x18_\
\x7f\xf6\xde\xad\x00N^\xc6\xdf#\xcc\x12;\xe3\x08\xab\
\x9e\xbf\xb4J@\x1b\xae\xd5\xe4\xe0\xf5u\xda\xe3\xd1\xab\
\x11\xfa\xcd\xe9\x9b\xd4\xbf3q\xb3\x98\xe8\xc4\x99:\xdb\
\xbfi\xcc\xf7\xea@\xff\xf8\xb5\xe7\xb6:\xeex\x97\xd5\
\x84\xf6\xfc\xfaM>C\x12\xe2f1\xf2\x89\x1f\xaa\xe7\
wc\xbe\x95@\xff\xf7\xb0\xaa\x04\xe25@\xe1\x8e\xf9\
\xb9\xae_j\x8c<\x07`5\xe6\x1f\x93\xef\x9c@\xdf\
\xd9\x99\xcdv\xc2\xcf\x09\xe8\x8a@\xf9\xa4c\xfe\x9b\x1b\
9\x91\xceNC\xfd]\x04\x16:\xc3\x88X=\x7f\xa9\
\x95\x80;\x96\xf6\x8dv\x0b\x85\x84&\x18\xf7*\xc6\xfe\
~\xea\xdf\x8f\xe8\x17#U\x00\xb1z~Wk\x95\x80\
:>\xb6\xdd\x9e.\xf9\xd5D\xf0\xe7{9\x81t\x9d\
\x03\x8a\x15*\xb3\x88T=?\x95\x80\xc4'\xbb~\xfb\
\xe3N\xf6i\xccg)2\xd1/\x06>\xa1C\xcd\xf6\
o\x1aK\xb9:\xa0ck\xab\xe3\x9e\xbf G0\xd9\
W{\x0ct\x22\xe7\xd2\xf3\xbb\xb1\x94J\xe0\xdd;\xdb\
\xe3\x9e>V\x17\xeeeJn\xe6\xa95\x06:\x81s\
\xe9\xf9\xddXJ%\xa0K\x87\xad\x8e{|\xc1\x90\x18\
\x9a\xec;<L\xfd\xbb\x10\xc3D\xe3\x137\xd7\x9e\xdf\
\x8d\xadV\x02\xc3\x0dy\xfd\xdf\xbb\xfa\x98\xfaw \x86\
\x8d\xc6'l\xae=\xbf\x1bK\xa9\x04\x86z\xe4\xb9\xf1\
n)/\x86\xe6\x1e\xb8\xccW{\xf4\xbe\x0c8\xef~\
\xfe\xd4\xf2}\x9e\x80\x92\x7f \xbd\x7f\xde\xea&\x22\x1d\
Z\xb8\x0b\x86\xde\xfd\xd6\xff|~.\x7f\x9f\xcb|\xd5\
\xf3\xcd \xa2\x94\x9e\x9fJ\xa0\xbf\x1d\xf7I>\xfa=\
\x97\xf9Z\x89\x9e'f)c\xfe\xb1X\xca\x9c\xc0\xd8\
\xa3\xb7|#\x97\xf9Z\x8b\xb3\xdf\x0b %\xb4\xf6\xfc\
\xf9\x96\xd2\xd3,\x97\xf2;\xe4\xff\xde\x81\xfe\xd3\x7f\xb5\
\xa4\xf7\xa5k\xfa\x1f?\xb6\xd9\x1eJ\xb1\xf1\x1c@\x99\
c\xfe1\xf9\xcf\x09\xf4Y/\x1d>\xff\xddv{(\
\xc5\xccI\xc0Tk\xfbC\xcb\xff\xde\x01\xe9\xa9\xf5\x19\
\x83<k\x0f~&'\x80:{~Wi\x95\x00\x09\
\x00~6\xac\x00j\xed\xf9]\xf9W\x02\x80\x85\xd1\x04\
\xd0F\xcf\xef*\xad\x12\x00\xe6\x99X\x01\xb4\xd2\xf3\xbb\
\xa8\x04P\xb7\xc1\x04\xd0f\xcf\xef\xa2\x12@\xddF*\
\x80V{~\x17\x95\x00\xeat'\x01\xd0\xf3\xafC%\
\x80:\x0dT\x00\xf4\xfc\xebQ\x09\xa0.\xb7\x09\x80\x9e\
\x7f\x0a*\x01\xd4\xc5\xa9\x00\xe8\xf9\xa7\xc9\xa5\x12\xd8\xfe\
\xd6f;;\xdf\xd9l\x07\xa5y@\xcf?G.\x95\
\x80\xd5\xcd@V\x89\x04\xa5\xf9R\x01\xd0\xf3\xcf\x13\xbf\
\x12\x90\xc4\xa3\x0f\xf4\xd0\xe7\x04\xf8z\xfeB\xb6k\x95\
PP\x8a\xd9\xb7\x03\x9b\xed@\xd7u]7\x7f\x0fd\
\xff\xbb\xcer\x9fr\xd4\x7f5\x97\xbe\xa8\xc3\x9a>\x81\
\xe8\xe4e\xff\xa6#\xd4\x8a\x04\x90\x890\xf7\xf9\x87\xa2\
\x8f\x0c;:J\xbd'\xf0C\x02\x00\x1a\x16\xf9\xed\xc0\
\x00rB\x02\x00\x1a\xf60\xf5\x0e\x00\xf7\x91!\xe2\xd8\
\x7f\x95r\x10\x9b\x82>\xbb\xf1\xeb\x03a\xe6\x0e\xe5\xa9\
\x00P0\xab\xcb\xa0\xa58y)\xd1\xeeIP$\x00\
\x14l\xee\xd5\x92OW\x12\xb5Ai\x8f\xaa\xb5\x86o\
\xb4\xbe|\xaa\x0d\xfe\xec\xd4v\xbb\x0c\x01P\xb4\xa9+\
\x18\xdd\x06\x1f\xea\x8dG\xfb\xfb\x12\xdd7/\xf9\x0aw\
\xb9\x95\x04\x80\x82\x8dU\x00\xda\x13\xc7Z\xaf\xa0/W\
\xb5\xa2\xfb\x1f\xee\x15m\x0c\x01P\xb0\xa19\x80\xd8\x0d\
_WhZ-\xe0\xba}'\xa4\xf1\xfb\x1f\xee\x22\x01\
\xa0`\xdb\xdf\xf4?\xebXYK\xfd\xd0\xb4\xc1[/\
\xcd\xd6\x97\xc1\x86\x7f\xec;\x09\x00\x05s+\x00\xed1\
\xb5\x07\x0d\xcd\xba\xe1\xeb\x5c\x85\xfdd\xdf\x10\x96\x02#\
k\xf7\xaf\x03\xb8\xb8\x90\xa8=q\xacw\x1b>\x7f!\
\xf1\xfd\x1f\xb6\xdb\xdd\xfdA\xa2&\x82\xe9X\x07\x80\x06\
i\xc3\x8f\xf5nC\xad8\xccK\xfe/=\xfe\xe6\x0d\
\xdf\x17\x09\x00\x05\xd3\xcb\x80\xe1f\xc9\xfb\x8e\x7f\x91h\
\xf7Vf\x89:\xe6\x8f\x8f!\x00\xb26m)ph\
Ov%^}\xb4\xdd\xae^\xa5\xf0_84\xb7\x1d\
\x93\x00\x90\xb5<\x12\x806|M\x04\xbe\xb4b98\
\xb0\xd9\x1es\x00@\x00\xba\xa2\xcf\xaa\xe1\xab|\x1e\xa4\
B\x02\x00\xee\x085\xd9g\x7f3\x8f/\x86\x00\xc8Z\
\x9a!\x80.\xe9\xb5Z\xd3\xaf\x0d>\xdceJ\x86\x00\
\x80\xb7\xf2n\xe6\xf1E\x02\x00n\x95w3\x8f/\x12\
\x00P\xf0\xcd<\xbeH\x00h\x986x]\xe0c%\
\xde\xcd<\xbe\x98\x04D\xd6\xc2N\x02\xeaZ~]\xdb\
\xefK\x97\xf2\xea\x9a\xfex\x98\x04\x04&\xd3\x06o\xd5\
\xf0\xd5\xd1\xcf\xb6\xdb\x0b\x8f\x04\x80\x86\xd4w3\x8f/\
\x12\x00\x1aR\xdf\xcd<\xbeH\x00h\x80.\xe5\xd5\xd9\
~+\xb1\x1f@b\x8f\x04\x80\x06X\x97\xfcz]?\
\xf5\xdb\x93\xf5\xb8\xe6\xaf_ \x01\xa0b\xba\xa2OW\
\xf8Y\xc9ee\x9f\x1e\xd7\xcd\xdfs\xb7@\x02@\x85\
j\xbf\x99G\x8fO\x876\xf3\x87 $\x00TH\x1b\
\xbe\xd5\xab\xc3\xc2\xbd\x99g\x1e\xf7^\x85\xf9\x09\x89\x04\
\x80\x8a\xb4r3\xcf\xe1O\xfd\xcf\xff\xfe7wK$\
\x00T\xa4\xf6\x9by4\xb1\xb9\x971\xa9\x00\xd0\xb4\xda\
o\xe6\x19z\x01\x89\xee's\x00hR+7\xf3\xe8\
=\x0b\xee\x9c\x86\xff\xfe\x91\x00P0\xeb\xc9\xbe\xf8o\
\xe6YO\x8fG_|2\xf4L\xc2\xf9c\x7fE\x02\
@\x81j\xbd\x99G\x1b\xfa\xc5_\x12\xc7\xd6/P\x01\
\xa0)\xb5\xdd\xcc\xe3\x1e\xcf\xa6\x8f\x1f\x9f\xbf\x00H=\
\xf4\xdd\x00\x10O\xa97\xf3\xe8\xec\xfd\xed\x02\x9e\xef%\
\xfaV0\xfe\xf7 \xf0@\x10dM\xce\x0fm\xf0\xd7\
\xd7i\xf7&7\xfab\x91\xcbK\x1e\x08\x82\x8aY_\
\xdf\xaf\x85\xff$ \x15\x00\xd00*\x00\xa0a$\x00\
\xa0a$\x00\xa0a$\x00\x14M\xe6\x90\x16\x0b\x89O\
\xf7R\xefOiH\x00\xa8\xc0\xde\x9e\xc4\xe5\x82\x84\xb0\
\x19\x12\x00*DB\x98\x8a\x04\x80\x06\x90\x10\x86\x90\x00\
\xd0 \x12\x82\x22\x01\x00\x0d'\x04\x12\x00pG;\x09\
\x81\x04\x00\x8c\xaa7!\x90\x00\x80\x8d\xd5\x93\x10H\x00\
\x80\xb7r\x13\x02\x09\x000WNB \x01\x00\xc1\xe5\
\x9b\x10H\x00@t\xf9$\x04\x12\x00\x90\x5c\xba\x84@\
\x02\x00\xb2\x13/!\x90\x00\x80\xec\x85K\x08\xc5?\x13\
\x10\xc0r)\xf1\xf5\xaf\xd2\x9e?,\xa7\xfe\x9fT\x00\
@\xf1\xe6W\x08$\x00\xa0:\xd3\x13\x02C\x00\xa09\
_\x87\x0cT\x00@s\x1e|i\xf7\x1d\xef\x06\x04\xea\
\xa7\x93\x82:I\xa8\x15@\x06C\x00\x17C\x02\xc0\xd7\
p\x83wQ\x01\x00\xc5\x9b\xde\xe0]\xd9U\x00\xc0&\
\xda\xac\x18\xe77x\x17\x15\x00\x90=\xbb\x06\xef\x22\x01\
\x00\xd9\x09\xd7\xe0]$\x00 \xb9x\x0d\xdeE\x02\x00\
\xa2K\xd7\xe0]$\x00 \xb8|\x1a\xbc\x8b\x04\x00\x98\
\xcb\xb7\xc1\xbbH\x00\x80\xb7r\x1a\xbc\x8b\x04\x00l\xac\
\xdc\x06\xef\x22\x01\x00\xa3\xeai\xf0.\x12\x00pG\xbd\
\x0d\xdeE\x02\x00\x1aj\xf0.\x12\x00\x1a\xd4n\x83w\
\x91\x00\xd0\x00\x1a\xfc\x10\x12\x00*D\x83\x9f\x8a\x04\x80\
\x0a\xd0\xe0\xe7\xfa\x1f\xf8\xa8\xc9\xa6\xc7\xd4\x82k\x00\x00\
\x00\x00IEND\xaeB`\x82\
\x00\x00\x15\x8b\
\x89\
PNG\x0d\x0a\x1a\x0a\x00\x00\x00\x0dIHDR\x00\
\x00\x00\x80\x00\x00\x00\x80\x10\x06\x00\x00\x00\x93\xae\xbd\x88\
\x00\x00\x00\x09pHYs\x00\x00.#\x00\x00.#\
\x01x\xa5?v\x00\x00\x06\xe3iTXtXML\
:com.adobe.xmp\x00\x00\
\x00\x00\x00<?xpacket beg\
in=\x22\xef\xbb\xbf\x22 id=\x22W5M\
0MpCehiHzreSzNTc\
zkc9d\x22?> <x:xmpm\
eta xmlns:x=\x22ado\
be:ns:meta/\x22 x:x\
mptk=\x22Adobe XMP \
Core 6.0-c002 79\
.164460, 2020/05\
/12-16:04:17    \
    \x22> <rdf:RDF \
xmlns:rdf=\x22http:\
//www.w3.org/199\
9/02/22-rdf-synt\
ax-ns#\x22> <rdf:De\
scription rdf:ab\
out=\x22\x22 xmlns:xmp\
=\x22http://ns.adob\
e.com/xap/1.0/\x22 \
xmlns:xmpMM=\x22htt\
p://ns.adobe.com\
/xap/1.0/mm/\x22 xm\
lns:stEvt=\x22http:\
//ns.adobe.com/x\
ap/1.0/sType/Res\
ourceEvent#\x22 xml\
ns:photoshop=\x22ht\
tp://ns.adobe.co\
m/photoshop/1.0/\
\x22 xmlns:dc=\x22http\
://purl.org/dc/e\
lements/1.1/\x22 xm\
p:CreatorTool=\x22A\
dobe Photoshop 2\
1.2 (Windows)\x22 x\
mp:CreateDate=\x222\
023-11-07T15:55:\
14+08:00\x22 xmp:Me\
tadataDate=\x222023\
-11-07T15:55:14+\
08:00\x22 xmp:Modif\
yDate=\x222023-11-0\
7T15:55:14+08:00\
\x22 xmpMM:Instance\
ID=\x22xmp.iid:3d04\
80e0-f239-854d-b\
97a-adc9ad00233c\
\x22 xmpMM:Document\
ID=\x22adobe:docid:\
photoshop:e6f999\
d4-c0be-1140-a26\
e-59bd843abeff\x22 \
xmpMM:OriginalDo\
cumentID=\x22xmp.di\
d:bdb37fb2-c535-\
e841-bb6f-eae7b4\
82971b\x22 photosho\
p:ColorMode=\x223\x22 \
photoshop:ICCPro\
file=\x22sRGB IEC61\
966-2.1\x22 dc:form\
at=\x22image/png\x22> \
<xmpMM:History> \
<rdf:Seq> <rdf:l\
i stEvt:action=\x22\
created\x22 stEvt:i\
nstanceID=\x22xmp.i\
id:bdb37fb2-c535\
-e841-bb6f-eae7b\
482971b\x22 stEvt:w\
hen=\x222023-11-07T\
15:55:14+08:00\x22 \
stEvt:softwareAg\
ent=\x22Adobe Photo\
shop 21.2 (Windo\
ws)\x22/> <rdf:li s\
tEvt:action=\x22sav\
ed\x22 stEvt:instan\
ceID=\x22xmp.iid:3d\
0480e0-f239-854d\
-b97a-adc9ad0023\
3c\x22 stEvt:when=\x22\
2023-11-07T15:55\
:14+08:00\x22 stEvt\
:softwareAgent=\x22\
Adobe Photoshop \
21.2 (Windows)\x22 \
stEvt:changed=\x22/\
\x22/> </rdf:Seq> <\
/xmpMM:History> \
<photoshop:TextL\
ayers> <rdf:Bag>\
 <rdf:li photosh\
op:LayerName=\x22Z\x22\
 photoshop:Layer\
Text=\x22Z\x22/> <rdf:\
li photoshop:Lay\
erName=\x22X\x22 photo\
shop:LayerText=\x22\
X\x22/> <rdf:li pho\
toshop:LayerName\
=\x22Y\x22 photoshop:L\
ayerText=\x22Y\x22/> <\
/rdf:Bag> </phot\
oshop:TextLayers\
> </rdf:Descript\
ion> </rdf:RDF> \
</x:xmpmeta> <?x\
packet end=\x22r\x22?>\
6\xdb\xe1\x91\x00\x00\x0eNIDATx\x9c\xed]\
\xbdn]\xc7\x11>7I\xe9\x22\xf2\x1b\x84jdJ\
\xaaHw\x02B\x01\x14b\xc7\xe9l\xd2\xa9e\x83D\
\x1e  \xd5XJ%\x12z\x80HT^\xc0\x92\xd3\
%pA\x01R\xe1&\x10U\x91\xb1*\xea\x0d\xe2 \
\x96\x91.a\x8a\x8fcf\xf7\x9es\xcf9\xbb3;\
\xbb{\xe6k>\xdc+\xea\xdc\xd993\xb33\xfb;\
;;;;;;k\x0c\x13\xc1l6\x9b\xcdf\xbf\
\x5c\xc3\xa7\x17\xcf\xdd\x7f\xbdy\x13\xf6\xf0\xe2Ej\xb9\
\x0c:\xf8\x89\xb6\x00\x06\x0d\xdc\xbb\xdb\xfe\xfd\xdd\x8e\xef\
\x0d\xb5\xc2\x02\xc0D\xe0\xf6\xfckk\xed\x7f\xb5\xb6\x86\
\xbf\xeb\xfawCm\xb0\x000)t\xf5\xfc>\xfa3\
\x01\x04\x8a\x9d]\xf0\xd9Y\x1e|z\x1a\xab!\x9dv\
\xae\xafs\xcb=\x184\x06`\x5c'\x03\xd4\xf3\xd37\
Cymm\xdc\xeflm\x81\xc9\x11\xc7\xfe\xdeP>\
<\x04/-\xe9\xe8\x93\x1cv\xef\xfe8\xb9\xbf\xfb\x07\
xg7\xb5\xdc\x9d\xed\xd1\x16\xc0X\x96\x81\xe7\xcf\xc3\
\x1c\xed\xf9\xf3\xb0\xdf[Z\x02K\x05\x82\xf4\x8e\xbf\xb8\
\xbd;\xbb\x8b\xe5%=\x5czW[^\x9f\xad\x04\xa8\
\x14H-\xfbj\xfe>\x8c\x1f\x13\x80a\xbdy\x83O\
\xdb\xdba\xbf\xdb\x87K\xef\xca<7\x14\xaf\x8e\xda\xbf\
\xff\xe7w\xe0[\xb7\xa0\x17\xfa\x9c\x0f,\x00T\x8d\xa1\
5\x7f\x1f\xc6\xcf\x0e\xc0\xe0\x9f=\xc3\xa7\x83\x03\x1e9\
\x08\x1b\x1f\xf3>/\x16+\xab\xed\xdf\xef?p\x03b\
\x86\xd0NA\x8cy\x19\x08\xad\xf9\xfbx\xf8\x98\x80+\
\x0f\x95\x04T\x03\xc7\xcaA\xcf\xd1O\xa9\x81\xa3\x97\xae\
|\x87\x87\xdar\x0de\xcb\x00\xaa\x04W\xcf\xef#4\
\x13\xa0\x1ep\xff\x01\x8f\x1cT\x02\xd0\xa0cz\xb8\xa3\
\xf7~\x06\xb0{'\xbdD\x81\xd0\x8e@\xc6<\x0cH\
\xf5\xfc\x5c\x99\x009.\xd7\xe0\xe0\xe9\xa9\xae\xbei6\
\x82\xbe\xd9\xbb\xaf%Op;\xb4\x050\xe6a t\
\xb4\x7f,\x8f\x9f\x1dp\xe5\xa4\x9e\x9bK\x9et\xd3j\
\x00\xf5\xfc\xf4M>%\xc9\xe8\xf6h\x0b`\x1c\xc7@\
\xaa\x9e\xdf\xe7\xf1\x99\x80+7W&\x90\xce\x01\x01\xbf\
\xe6\xcfg^\x7f,\xdb\x18@\x15\x90\xaa\xf9\xfb\x10\xbb\
w`\x7f\x9fG\x0e\xf91\x01Z\x11\x88OT\xf3\xbf\
y\x03G\xda\xdf\x93\xfa]qhG \xe30\x06\xb4\
z~\xeeL\xc0\xaf\xa5c\x99o\xa1\x10@\x01\xc6\x9f\
\xc5X_\xd7\xb6\x83X\xb6\x0c\xa0hh\xf5\xfc>r\
\xc9\x04\x08;;\xbc\xcf\xa3%\xbf\x14\x08\x9e>\x81\x03\
\xd1:\x87\x82\xa1\x1d\x81\x8c\xc71\x90K\xcf\x9f{&\
\xb0\xb2\x1a'\x8f?\xd8G\x9c\xcfR\xe4XV\x17\xc0\
x\x1c\x03\xa9F\xfb\xc7r\xec\xec\x00\xd5\xd6\x5c\xf2\x84\
/\xc8\x01\xea\x19\xec\xebl\xa7\xb6\x00\xc6\xc3\x18\xc8\xb5\
\xe7\xf796\x13x\xf4\x88W\x9e\xe1\xb5:\xe0OS\
\xe6\xbb\x99'\x96\xd5\x050\x1e\xc6@\xae=\xbf\xcf\xb1\
\x99\x00-\x1d\xe6\x92\xa7\x7f\xc1\x10\xd05\xd8\xb7\xb5\xa5\
\xfd\xfe\xa5X]\x00\xe3\xc5\x0c\x94\xd2\xf3\xfb\x9c[&\
\xd0\xed\xc8\xed\xbfw\xf4R\xfb\xfdK\xb3\xba\x00\xc6\x8b\
\x19(\xa5\xe7\xf796\x13\xe8\xea\x91Cy>\x95\x07\
\xba\xc6\x1e\xca\x9f\xe6\xebc\x9b\x06\xcc\x14<\xfb\xf9\xb5\
\x11~\xc6 \x0c\x94\xf6\xcfsm\x22\xa2\xd2\xc2_0\
\xf4\xe8\x8f\xee\xe7\x83\x03\xfc~\x05\xd3|}\xd0\x8e@\
\xc6\xed\x0c\x94\xda\xf3\xe7\x9e\x09\x5c\x1c\xcd\xd5\xfe}=\
\xd3|\xbd\xfa\xd5\x16\xc0\xd8e\xa0\xd4\x9a\xbf\x8fc\xc7\
\x04\xfa\x8e\xde\x8a\xe5\xfa\xa6\xf9\xfax\xe6*\xd8\xa0\x0d\
\xa4\xcc\xd4\xf3\x97\x9a\xfaw\xe1\xc5\x0b\xd8\xdb\xcd\x9b\xa1\
OpO\xff\xa5\x94>\x16\xb4\xa6\xff\xf2e\x9e\xe7\x95\
\x03\x1b\x03\xc8\x04u\xd4\xfc}\xe0\xbaw\x80{\xe9\xf0\
\xc1c\xde\xe7\x95\x03\x0b\x00Y!\x97\xb5\xfd\xd2\x08\xdf\
;\x80\x9e\x9a\xce\x18\xcc\xf8\xac\xbdB`\x01@\x19\xd3\
\xe8\xf9}pe\x02\x16\x00ba\x01 \x0bL\xa5\xe7\
\xf7aw\x11j\xc3\x02\x80\x12\xa6\xd9\xf3\xfb\xb0\xbb\x08\
\xb5a\x01@\x15S\xed\xf9}X&\xa0\x05\x0b\x00\x89\
a=\x7f\x1b,\x13\xd0\x82\x05\x00\x15X\xcf\xdf\x0e\xcb\
\x04R\xc3\x02@\x22X\xcf?\x04\x96\x09\xa4\x86\x05\x80\
\xa4\xb0\x9e\x7f\x18,\x13H\x05\x0b\x00\xc2\xb0\x9e?\x04\
\x96\x09\xa4\x82\x05\x80$\xb0\x9e?\x0c}\x99\xc0\xa5\x9f\
\xf3\xfc\xce\xd2/x\x9eS\x1e~\xa6-@\xed\x88\xdd\
\xfc\x12\x0b\xf4\xa4\xe1\xdb\xbd \xffl\xc6)\x13\x1f\xb8\
6\x03q\x05\x92\xf2`\x19\x80\xa1( \xa0\xd1\x81\x1e\
tN@,66\xf1\x5c\xae\x80R\x0e,\x00\x18\x8a\
\x80{5\x17\x9d\xdd\xc7\x8d\xa3\x97n\x80\xa9\x1fv\x1e\
@\xe5(\xa5\x04\x90\xd9\xe7/\x05:2l{[[\
\x92XX\x00\xa8\x1c\xa5\x04\x00\x83\x0e\xac\x040\x18&\
\x0c\x0b\x00\x06\xc3\x84\x11<\x0d\x18\x9bZ\x96\x89\xcb\x97\
\x91\x12\xdbA\x14\x86:0:\x03\x80\xe3sM\xbf\x94\
\x82\xdd;\xe6\xf8\x86\x1a\x11X\x02\x84\x8e\xd2\xbe:\x02\
\xef\xde\x01S\x8f:\x9b\xc52\x9eGg\xc5q\x81N\
\x8b\xdd\xdf\xe3}\xae\xc1\x90\x07\x02K\x80\xa1+\xa7.\
\x1c\x1e\x8e\xc4\x7f\xd3\x0a2\x12\xba\xc7\x9d{\xfe\xb6\xfc\
i\x1e\x83a\x11\x02\x03@_\x06\x90z\x9e\x94{a\
\xc8\x84\xae\x862L\x1bco\x12\x01\xbanhy\xf4\
h\xec\xf3By\xb1\x1c\xa1\x5c\xdf\xd5P\xb1z\xd1\x96\
\x7fX\xfb\x0e\x0fy\xed\x80\x8b\x87_+\x0e\xd0B\xa8\
T\xf2\xad\xaf\x07*|\xef\xbe\xfb\xa0\xf9[We_\
8\xf7\xfd\xf1\xc4\xf5]\x0d\x15\xab\x17m\xf9\xc7\xb5s\
c\x13\x9c* P\x87\xb1\xb1)\xdb\x9e\xa3\x97q\xf2\
QG9\xef\x9f\x81\x82\xf9\xf7\xa8\x0f\x8ft<\x8ay\
\xf2%\xef\x8b\xac\xf7\x1e\xf8X\xfdh\xcb\x1f\xd7nn\
;\xf1y\xef~\x9av\x8c\xbd\x1c\x95\x02`\x7f\x87\x1c\
9\x0b@\xa3\xe4\xdc\xa3\xef\xf3\xc0`\x1fEDb.\
l\xff\x8e\xf7y\x06m\xc0.7?\xc5\xa7r\xa7o\
\xd1\x0e\xba&\xfd\xe9W\x8b\xff\xfa\xd5\x11\xfe\xfe\xd6-\
\xf7\xffu#2\x00\xc8\xdf\xa9\xe6\xae;\xa0\xd2\x83\x0b\
\xfb{P\x14\xcdV\x18\xea\x04\x05\x02nlm\xa5]\
\x17\xd35\xfbF\x01\xee\xd6\xafF?2,%\xa1T\
de5M\x0a\xe4\x8f9\xc4r\xba1\x0bm\x8e\xd5\
\x97\xb6\xfc\xbcz\xe0\xb6#b\xb9\xc1o\xa0k\xcc+\
~\xd0Z\xfd\xc5,n\xf8\xca\xaa\xcc\x0bK7f\xa1\
\xcd\xb1\xfa\xd2\x96_F\x1fR\xa3\xedR\x83\x81]c\
\x19\xf1\xbf\xa7\xfeB\x167<t\xf4\xb3\x8b\x0f\x0f\xb5\
\xdb\xa5\xa3G\x0b\x00\xae>\xa4:\x16\xbe\xcc\x12\xa0\xb1\
.\xffw\xf8f\xab\xd4_H{\xc3iE\x1f\xf7\x0b\
\xaag~\x7f\x9c>-\x00\xb4\xeb%\xbf\x92\x80\xec\x14\
\xec\x8f\xfa?\xf9\x92]\x0fZ/\xa0\xbd\xe1c\xa7;\
\x86r}\xf3\xfb\xe3\xf4j\x01`\xb1~\xb83M\xe2\
\xf1)z\xbb<r\xd3\xd4\xea/\xc0m\xb8\xbf\xbe \
\x96OO\xb5\xdb\xa5\xcd\xb1z\xd4\x96?\x8d~\xf4K\
\x02\xc0\xaf\xf5\xe5W\xa6f\xf2\x02h3\x0f\xf7\x0bX\
_\xd7n\x9f6\xc7\xeaQ[\xfe\xb4z\xe2^ZN\
\xdc]\x12,\xfe\xdd\x04\xb3ly(\x9e{T6\xdd\
\x9e\x84\xdc9V\x9f\xda\xf2\xeb\xe8K\xbe$\xa0\xcf\xed\
\x7f\x97\xaedUV\xb4m\xe6\x91\xe6X\xbdj\xcb\xaf\
\xa3/\xe9\x92\x80\x9e\xef\x8fu\xc9/-\x9ek\xaf\x8e\
\x82\xbbF9cy\xba\x83}]\x1c\xabWm\xf9u\
\xf5&U\x12\xf8\xac\xb7\x17%\xf9\xb1\xe0X:I\x83\
\x1d\x5ck\xfai\x0d\xf4\xea\xfb<\xcf\xab\x07v,x\
\x1c\xa0?*\x09\xa8\xe7\xe6\x02-\xe1]}\x1fz\xee\
_\xbb\xcf\x8dd\xa7\x02\xdbf\x1eC\xb9\xa8\xd7\xbe\xc4\
\x03\x80m\xe61\x94\x0c\xd7\xbe\xe8,K.P)\xbc\
\xf3{\xde\xe7\x0e\x87x\x09\x80\x00@\x8eO5U,\
\xf4S\xa7R`%\x00/dK\x02\xda\xc6\x9b\xee(\
:\xb1\x00\x00E\x91\x82Ha\x5c\xd8\xde\x86\xdc\xf2\xe7\
\x10\x94\x0e\x0b\x00\xbc\x90\xb5\xeb\xf4\x1d\x9bp\x09\xc0\x9d\
\xf2?{\xa6\xed\xf8\x94\xd1\x80\xa5n\xa9\x8d\x07\xe4\xbb\
q#\x97\xe7\xd4\x82\xeaJ\x02\xeei\x05\xa0\xde\xcd<\
\x00E\xfe\xfc\xa6\x1d\x01r\xd8\xef\xff\xc5\xa3wz\xce\
\x8d\x1b\xda\xed\xcb\x8d\x01\xa9\xed\xc5\xf2+Y\x99\x15Q\
\xeff\x1e\xb7}\xf4M>\xe7\x0a\x90\x83\x82\xb9\x1c\xdf\
\x02\xc1b}K\xaf\x13\x90?\xb8\x86Y!\xf5n\xe6\
i\x7f\xe1\xfa{\x0d\xc8!\xc1R\x8eo\x81\xc0\xd5w\
\xd7JA\xa9%\xc4r+\x04\x99\x14R\xfff\x1e\xc0\
O\xf5\xe47k,\x96'\xb5\xe3O7\x10\x00\xfd\xfb\
\xf4\x01\xa9@\xc0\xef\x0fB\x8e\x11\xcb\xf9l\xe6\x01\xba\
\xc64\xd2\x9f)\x08h;\xfe\xf4\x02\x01\xd0\xbfO\x1f\
\x90\xdbK\xc0\xde\xae8\x85\xd4\xbb\x99\x87\xe4p\xe5\xba\
\x90SG\x9e\xdc\x1c\xbf\xfe@\x00\xf8\xfb\xf4\xa9\xc3\xeb\
\xb6S@j\x8c\x80\xaf$`v\x8cX\xd6\x1f\xecs\
\xdb\xd9\x95\xca\xa5\xdb\xbc\x01H9\xfe\xbf\x7fz\xce\x7f\
\xe3}n\xf9\x81\x80\xec\xb1\xbd}\xc3K?\xb2\x17^\
\xfd\x8e\x97\xa3S\xbe0\xc5\xd4w3\x0f@\xa3\xfc}\
WK\xc9\x1f.\x0aH9\xfe\x85\x83\xba\xfc\xf6\xad\xd4\
\xefh\xbf\xdfqz\xef\xda\xa7?~\xd6\x07\xc8\xb7$\
`RL,k\x0f\xa6\xf9+\xbb\xfa\xe4\x95>\x07>\
\xbdCj\xfdn.\x0c\xc8\xed\xd3\x07\xf2+\x09\x06\x0a\
N=#\xf7`\x9f\xc2\x01\x08N{BO\x85\xe5/\
U\x00}\x07\xccE\x0e\x1d{\xf0\xed\x9b?\xd3\x03\xf2\
)\x09\x06\x0a\x5c\xde\xcd<\x00\x8d\xdeS\xe4\xe5*]\
\xf8\x16\x00\x01\xf99\x5c\xaer\xc9\xd8\x89_\xf2\xc9\xd9\
' u\xbb\xf5\xf8\x92@I\xd0\xd29~>\x16\xc8\
\xdf\xc1J\x913\xac]]\x1d\x1b\xff\x0d?\xed\xbf/\
U\x12\x0c\xcfP{\x04Lu\xcfzi\x1c>f\x01\
\x94\xe7P\xa5\xca\xdd\xde\x8e.\xc7K\xbf\xfe\x04\xd0+\
\x09\x925t\xea\x5c\x97\x03\x95\xd7\x0e\xa0o\x93Z\xfa\
\xc1h@j%m\x7fI\xa0\xee\x18\xb5s\xa9\x0eS\
K\xbb\x80\xa1\xbbS\xf5n\x8b\x06\xa42\x81\x05\xf7\x12\
h58LA\x1f|\xa0-\xc78y\xf3w\x90Z\
\xdb\x09\x8c\xad\xb1\xe3gw\x80\xf1v\x0aH\x05\x80\xee\
\xf6\xa9;\xca0\xc5\x5c\xb9\x02\xfe\xef\x7f\xc0\xb7ok\
\xcb\xb5X\xde\xfc\x1c\xa2\xd6v\x034\x7fO\x0e\x1f;\
]M\xbbZ\xc7\xae\xf8\xbb}\x1bLvz\xe5\xca\xe2\
\xbf\xa7\xd4\x9f{a]\x1f\xd3\xef\xad\xac\xaa\x1b\xce0\
\xc5~\xf1\x85\xdb\x80\xfc\x02\x010=\xc7\xd7\xd2\x03\x98\
{\xfb\xf9P\xbe\xd8\x03\x00\xf8\x8eO\xffr\xf7\x9e\xfb\
wR\xb5~\x04k\x1b\xcc0\x83:>no\x80~\
 \x00\xcc\xf1\xd3\xea\x85\x9e\xa7\xa7\x17\xb2;\xd7\x0e}\
9\x8f\x8f\xb5\xdfCo;\xb4\x05\xe8\x14\xaci\x9a\x8b\
\xd4\xbf\xcf \xd2\x07\x02Y\x03/\xd7\xf1\xd3\xea)}\
  ;s\xed\xaeO\xce\xeeR@\x9b\xd5\x05\xe8\x14\
\xaci\x9a\xf9\xd4_?\x10\xc8\x1at=\x8e\x9fVo\
\xf2\x81\x80\xec\xca\xb5\xb3\xa1\xf2]\x94\x02\xb9\xb1\xba\x00\
\x9d\x825M\xd3\x9d\xfa\xa7\x0f\x04\xb2\x06\x5c\xaf\xe3\xa7\
\xd5#\x7f  ;r\xedj\xac\x5c\xf9\x96\x02\xea\x02\
\xcc\x09\xd44\xcd\xf0\xd4_>\x10\x90A\xb9\x06f\x8e\
\x1f\xcb\xb2z\x8d\x0f\x04\xc0g\x9f\xbbv\x14+\xd7{\
\xcb\xdaz\x9fk\xa7\xb6\x00s\x025M3>\xf5\xe7\
\x0f\x04d@\xaeA\x99\xe3s\xb3\xac\x9e\xc7\x07\x02\x80\
\xdb\xf1\x89\xf3+\x05\xd4\x05\x98\x13\xa8i\x9a\xf0\xd4\x7f\
h \xf8\xec\xf3\xc5\xbfo\x8e\x9f\x9ae\xf5\xde\x1f\x08\
\xc8.\x5c;\xe1\xb6\xbf\xfcJ\x01u\x01~\x14\xa4i\
\x1a\xbe\xd4\x7f|  \x03\x01\x9b\xe3k\xb1\xec{\x98\
\x0f\x04d\x07\xae]H\xdb_>\xa5\x80\xba\x00?\x0a\
\xd24\x0d\x7f\xea?4\x10<x\x006\xc7\xcf\x85I\
o2\xef\x85\x9eG\xef=\x95\xe3\x13\xe7S\x0a\x88\xdf\
\x0e<\x14\xb8\x83\x8eR\xffk\xd7t\xa5\x89\xc5\xdb\xef\
\xc1\xbf\xfe\x08\xfa\xfd\xe6\x1b]y\xca\x85{7\xe1\xd7\
_\x83\xdfyGO\x22\x0e\x9c\x9c\xc0.\xae_\xd7\x96\
D=\x00\xe0\x05S\xea\xff\xfa\xb5\x9e$\x1c0\xc7\x97\
B\x9d\x81`\xf9*\xec\xe4\xf5\xb7Z\x12\x08\xdf\x0e<\
\x14\x9b\x9b\xda\x12\xc4\xc1\x1c_\x1a\xae^?\xfc\x10\xfc\
\xc3\x0fz\x12q@\xdf\xee3\x09\x00\x1b\x1b\xda\x12\x84\
\xc1\x1c?5\xea\x0a\x04\x9f|\xac-\x81Z\x09Pv\
\xeao\x8e\x9f\x0b\xea(\x0d\xf4J\x01\xe5\x0c\xe0\xd3\xdf\
\xea\xfe~(\x1e>4\xc7\xcf\x03\xee{x\xf8PW\
\x9aP(\x96\x02Z\xd3\x0f\x80\xd4\x82\x9fT\xd3\x87\xf9\
\x9cG0U\x06R\xcf\xe3s\xb3\xde\x02!\xa5\x17\x96\
j\xc1\x8f\x05\x82Z\x19(\xdd\xf1}N\xbf@H\xa9\
\x04(5\xf5\xf71;\xd7\xdf\x9f\x1e\xa3\x16\xa5]c\
\x06)@\xcf\xe4\xf8\x8f\xcfO\x04\x9ae2\x98\x1d\x0b\
\x85R@'r\x97\x9a\xfa[F\xa0\xc5@m=\xbe\
\xcf\xe9K\x81\xc4/\xb0\x96\xd4\xdf\x02A*\x06jw\
|\x9f\xd3\x95\x02\x89S\xa7ZR\xff>Xi\x10\x8b\
\xbaS\xfd>$,\x05\xd2F\xf2ZS\x7f\xcb\x08\xb8\
\x18\x98Z\x8f\xefs\xbaR \xd1\x0b\x9dJ\xeao\x81\
 \x94\x81\xa9;\xbe\xcf\xf2\xa5@\xa2\x94j*\xa9\x7f\
\x1f\xfc\xd2\x80\x0c~\xba\x98v\xaa\xdf\x87\x04\xa5@\x9a\
\xc8>\xd5\xd4\x7fhF\xd0}BQ\xadL\xedv\xf5\
\xa0\xfd>rc\xf9R@\xf8\x05[\xea?\x8c\xc9\x01\
>\xfa\x8d\xf4\x0b\xd7fj\xa7\xdbnm\xfd\xe7\xcer\
\xa5\x80p\xaae\xa9\x7f;\xfe~\x02\xbe\xf7\x07\xf0\xb5\
\xebx!\x7f\xfd\x8b\x9eLi\xe0\xb6\xf3\xda\xf9\x81\x18\
\xa4\x07\xd2\x8b\xc1\x85\x5c) \xb6\x1b\xb0\xae\x13~B\
A\x06\xfd\xf4\xcf\xe7\xfc\x04\xfa\xfeV\xed\x00\x88\xdc\x01\
\xbbY^\xc6\xa7\x8ds\xc3\xdf8\xdf6{u\xa2v\
$w\x82\x10{\x00({\x9bo(\xcc\xd1\xa5a\x81\
\xa1iD\xb6\x0d\xcb\xd4xw\xef\xd1\xd3\xeb\xe2\x93c\
\xb7}\xcb\xd9\x9c\xee:U\xa6\xf7\xe0\xbe\x97\x93J\x07\
\x9d\xf9\x0f\x13\x15\xca\x00JO\xfd\xadG/\x1duf\
\x0c\xfc\xa5\x00[\x00(3\xf57G\x9f\x1a\xea\x08\x0c\
W\xaf\xb2\xd9)o*\x96k\xeao\xa9\xbb\xf1b&\
\xbbp\xed$\xd7R\x82\xaf\x14`\xce\x00\xb4S\x7f\xeb\
\xd1\x0d\xbc\xc83c\xe0+\x05\xa2\x03\x80N\xeao\x8e\
n\xd0E\x1e\x81\x81\xa1\x14\xe0I\x9d\xa4R\x7fK\xdd\
\x8d\xcbb\xb2S\xd7n\xa5J\x89\xf8R\x80)\x03\x88\
M\xfd\xadG7\xd4\x8d\xf6\x8c\x81\xee\x05\x08\xf5\x9b\xf8\
R 8\x00\x84\xa5\xfe\xe6\xe8\x06\xc3\xff\x03~\xf4\x1e\
\x05\x86O\xce\xf9\xfc\xa2\x9c\xa1\x81!\xa2\x14\x88Ku\
\xbaR\x7fK\xdd\x8d\x8dc\x18\xa0\xc0@\xb7fw\xed\
\xaa\x0d/\x05\xfe\x07T`\xa9`\x87\xff\xfd\xef\x00\x00\
\x00\x00IEND\xaeB`\x82\
\x00\x00\x04\x81\
\x89\
PNG\x0d\x0a\x1a\x0a\x00\x00\x00\x0dIHDR\x00\
\x00\x00\x80\x00\x00\x00\x80\x08\x06\x00\x00\x00\xc3>a\xcb\
\x00\x00\x04HIDATx\x9c\xed\xddO\xa8TU\
\x00\xc7\xf1\xef\xf4\xd2\x10n\x9b \xa74*Lh-\
\x15\x11\xd8.7I\xa0\xd4\x8b\xb6\xb5\x0e\xd2\x16>r\
\x96q%s\x11D.\xa3m\xa0\xa4\x12\xad\xa2]-\
\x84\xe2A\xbb\xc0\xc2B\x89k\xd0\xc6A\xe8iM\x5c\
:\x8b\xde\x9d3\xef\x8dr\xcf\x9d\xb9\xe7\xf7\xfb\x80\x1b\
\xf1\x1d\xef9\xe7\xab\xef\xbe\xf9s\x06333\x934\
hNz2\x99d\xb7\x0e\xc3\xf1h'p$\xfcz\
\x01\xd8\x03\xd4\xbf\xd74\x06\xae\x01\xeb\xc0\x05\xe0RU\
\x94\x1b\x8b\xbd\xfav\x0d\x06\x9b\xb7<\xfb\x00\x86\xe3\xd1\
Q\xe0C`\xff=|\xf9\x15`\xad*\xca/\x12\x5c\
\xdaB\xc8\x040\x1c\x8fV\x80S\xc0\x89\x16\x86\xab\x03\
:Y\x15\xe5\xdf-\x8c\xb5P\xcd\x00\xee\xef\xfb\x84\xb6\
\xd0\xd6\xe6\xf3\xbfq\xd6Z\xbf\xca\x05\xcb\xf2\x7f\x80\xe1\
x\xf4\x1ap.\xc1\xd0\xabUQ\x9eO0ng\xb2\
\xff\x16\x10n\xf8~\x06\x1eK0\xfcu`_\x9fo\
\x0c\x9b\x01\xdc\xb7\xb0+Ig5\xd1\xe6\xd7\xf6\x02\xaf\
/\xc3$\xdb\x92c\x00Gz>~\xa7r\x0c\xe0\xb9\
\xc4\xe3?\x9bx\xfcN\xe5\x18\xc0#\x89\xc7\x7f4\xf1\
\xf8\x9d\xca1\x80\x07\x12\x8f\x1f{\x04\xb1\xb7r\x0c\xc0\
\xee\x82\x03\x10\xe7\x00\xc49\x00q\x0e@\x9c\x03\x10\xe7\
\x00\xc49\x00q\x0e@\x9c\x03\x10\xe7\x00\xc49\x00q\
\x0e@\x9c\x03\x10\xe7\x00\xc49\x00q\x0e@\x9c\x03\x10\
\xe7\x00\xc49\x00q\x0e@\x9c\x03\x10\xe7\x00\xc49\x00\
q\x0e@\x9c\x03\x10\xe7\x00\xc49\x00q\x0e@\x9c\x03\
\x10\xe7\x00\xc49\x00q\x0e@\x9c\x03\x10\xe7\x00\xc49\
\x00qS'\x85\xee\xbey\xb2\xef+\xd2\xc5Q\xa7S\
\xeb\xd6\x177\x1e<\xb5\xe9J\xe7=,\xfa\x09\xe0\x0d\
\xe0\xe5p\xec\xfa\x10X\xe9\xeb\x22\xb4`\x19\xcf\xd3\xad\
O2\xaf\xc21\xb9_\x01\x9f\x03\xbfn\xf7E\xdb\x05\
\xb0\x0b(\x81\xb7\x81\x1d\xed]\xab%\xb0\x12>\x08\xa3\
\xfe\xf5\x22\xf0>p\x16\x18\x01\xb7f\xfdu[\xdd\x03\
<\x0c|\x07\x1c\xf7\xe6\xf7R\xbdg\xc7\x80o\xc3^\
F\xcd\x0a\xa0>\x0c\xf1K\xe0\x80\xfa*f\xe0@\xd8\
\xcb\xe8\x01\x9a\xb3\x028\x0d<\xaf\xber\x19\xa9\xf7\xf2\
\x83\xd8tb\x01<\x1e\xbe\xe7[^\xea=}r\x9e\
\x00\xde\xca\xfc\xa3dT\xd5{\xfafs\xee\xb1\x00^\
R_\xa9\x8c\x1djN-\x16\xc0>\xf5U\xca\xd8\xd3\
\xcd\xa9\xc5\x02\xd8\xad\xbeJ\x19{\xa89\xb5X\x00\xca\
\x8f\xf0\xc9\xf1\x93A\xe2\x1c\x808\x07 \xce\x01\x88\x8b\
\x05\xd0\xfb\x0fH\xb6\xf9\xc5\x02\xb8\xe1\xf5\xcb\xd6\x9f\xcd\
\x89\xc5\x02\xf8E}\x952\xf6Ssj\xb1\x00\xbeQ\
_\xa5\x8c}\xdd\x9cZ,\x80O\x81;\xea+\x95\xa1\
zO?kN+\x16\xc0o\xc0'\xea\xab\x95\xa1\xfa\
\xe5aW\x9b\xd3\x9a\xf5c\xe0\x1apY}\xc52r\
9\xec\xe9\x94Y\x01l\x00\xaf\x00\xeb\xea+\x97\x81\xf5\
\xb0\x97\x7f\xc5\xa6\xb2\xd5\x03A\x7f\x00\x07\x81\x8f}O\
\xd0Kw\xc2\xde\x1d\x0c{\x19\xb5\xdd+\x7f\xea\x97\x13\
\xbf\x03|\x14\xde\x17p\x18x*<e\xecg\x0d\x97\
\xcb?\x91\xf7\x05L}\xcfo\x9a\xf7\xa5_W\xc3\x8b\
\x0a\xa3/,\x5c2~g\xd0]\x98\x9a\xc8d\xb2\x8c\
oz\x99\xdfp<J>\x81\xaa({\x1b\xc0`\xb0\
\xf9\xd2\xfdd\x908\x07 \xce\x01\x88s\x00\xe2\x1c\x80\
8\x07 \xce\x01\x88s\x00\xe2\x1c\x808\x07 \xce\x01\
\x88s\x00\xe2\x1c\x808\x07 \xce\x01\x88s\x00\xe2\x1c\
\x808\x07 \xce\x01\x88s\x00\xe2\x1c\x808\x07 \xce\
\x01\x88s\x00\xe2\x1c\x808\x07 \xce\x01\x88s\x00\xe2\
\x1c\x808\x07 \xce\x01\x88s\x00\xe2\x1c\x808\x07 \
\xce\x01\x88\xcb1\x80\x9b\x89\xc7\xdfH<~\xa7r\x0c\
\xe0\xf7\x9e\x8f\xdf\xa9\x1c\x03\xf81\xf1\xf8\xdf'\x1e\xbf\
S9\x06p\xb1\xe7\xe3w*\xc7\x00\xce\x01\xd7\x12\x8d\
}=\x8c\x9f\x8d\xec\x02\xa8\x8a\xb2\xbeI{7\xd1\xf0\
\xc7\xab\xa2\x8c\x1e\xba\xdcWY\xfe\x18X\x15e\xfd\xaf\
\xf4L\xcb\xc3\x9e\x09\xe3f%\xe7\xc7\x01\xdek\xf1\x83\
/\xce\x86\xf1\xb2\x93\xddY\xc1M\xc3\xf1\xe8\xd5p\xc8\
\xf5\xfe{\xf8\xf2+\xf5\xc6WEy>\xedUv\xa7\
yVp\xf6\x01\xf0_\x04;\x81U\xe0(\xf0\x0c\xb0\
\x17\xd8\x11\xf9\xa3\xb7\xc3\x8d\xde\x0f\xc0\x85\xfa\x86/\xdc\
Sd\xa3\x19\x80\x99\x99\x99\x09\x02\xfe\x05R\xcc\xa1\xe8\
\x8e\xb0\xb5D\x00\x00\x00\x00IEND\xaeB`\x82\
\
\x00\x00\x03\x92\
\x89\
PNG\x0d\x0a\x1a\x0a\x00\x00\x00\x0dIHDR\x00\
\x00\x00\x80\x00\x00\x00\x80\x08\x06\x00\x00\x00\xc3>a\xcb\
\x00\x00\x03YIDATx\x9c\xed\xdd\x89mSA\
\x18E\xe1K\xaa\x00j\xa2\x1bvp\x12\xc8\xbeP\x0e\
5A\x1bh\xa4A\x8a\x9c\xc4\xf1{\x9e\xe5_\xce\xa9\
`<\xf7\x93eY^DDDDD\xf9zU\x1e\
\xf1\x9bw\x7f\xce%\x1dgy\xf4\x7f\x7f\xbf5p\x0a\
\x1b\x1d\xd5Sl$\x9dg\xbf\x8c\x8c\x1d=x\xcc \
H\xd8\xd1\xd6C.\x08\xce\xb2_J\xa6\xb6\x01\xa8\xbe\
\x16\x00A\x92\x9e\x02 \x10\xe4\xe99\x00\x02A\x8ev\
\x01PE\xf03\xfb%E\xee%\x00\xa5\x13\x10\xc4m\
\x1f\x00\x02A\xdc\xf6\x05\xa0\x8a\xe0G\xf6\x0b\x8b\xd6\x12\
\x00\xa5S\x10\xc4j)\x00\x81 Vk\x00\x08\x04q\
Z\x0b@\x15\xc1i\xf6\x0b\xf4\xde!\x00T\x9f\x05@\
\xe0\xb8C\x01\x08\x04\xbek\x01@ \xf0[+\x00\xaa\
\x08N\xb2]\xa0\xf7Z\x02P}\xb7\x10\x04\x8ej\x0d\
@ \xf0U\x0f\x00\xaa\x08\xd2|\xc8\xd4s\xbd\x00\xa8\
~\x96\x00\x04\xc6\xeb\x09@ \xb0_o\x00\x02\x81\xed\
F\x00PE\xb0\xf1zI\x91\x1b\x05@\xf5;\x07 \
0\xd6H\x00\x02\x81\xbdF\x03PE\xf0\xdd\xfa\xc5d\
i\x06\x80\xd2\x05\x08l4\x0b\x80@`\xa3\x99\x00\x04\
\x82\xf9\xcd\x06 \x10\xcc\xcd\x02\x00U\x04\xdf\x0c\x9c#\
]V\x00\x94.A0>K\x00\x04\x82\xf1Y\x03\xa0\
\x8a\xe0\xab\x81s\xa4\xc8\x22\x80\xd2\x15\x08\xc6d\x15\x80\
@0&\xcb\x00\x04\x82\xfeY\x07\xa0\x8a\xe0\x8b\x81s\
\x84\xcc\x03\x80\xd25\x08\xfa\xe4\x05\x80@\xd0'O\x00\
T\x11|6p\x8e0y\x03P\xba\x01A\xbb<\x02\
\x10\x08\xda\xe5\x15\x80@\xd0&\xcf\x00T\x11|2p\
\x0e\xb7y\x07P\xba\x05\xc1\xfa\x22\x00\x10\x08\xd6\x17\x05\
\x80*\x82\x8f\x06\xce\xe1\xaaH\x00Jw XV4\
\x00\x02\xc1\xb2\x22\x02\x10\x08\xf6/*\x00U\x04\x1f\x0c\
\x9c\xc3t\x91\x01\x94\xeeA\xb0\xbb\xe8\x00\x04\x82\xdde\
\x00\xa0\x8a\xe0\xbd\x81s\x98+\x0b\x80\xd2/\x10<.\
\x13\x00\x81\xe0q\xd9\x00\x94^\x1b8\x83\x992>\x03\
\xf0\xfe\xc0\x83\xb2\xbd\x06`\xfc\xad\xb2\x00`\xfcg\xca\
\x00\x80\xf1w\x94\xe1\x9d@\xc6\xdfQd\x00\xf7|H\
\xe4\xe5\xa2\x02`\xfc=\x8b\x08\x80\xf1\x17\x14\x0d\x00\xe3\
/,\x12\x80;\xc6_^\x14\x00w|Id]\x11\
\x000\xfe\x01y\x07\xc0\xf8\x07\xe6\x19\x00\xe37\xc8+\
\x00\xc6o\x94G\x00\xb7\x8c\xdf.o\x00n\xf9\x99\x98\
\xb6y\x02\xc0\xf8\x1d\xf2\x02\x80\xf1;\xe5\x01\x00\xe3w\
\xcc:\x00\xc6\xef\x9ce\x007\x8c\xdf?\xab\x00n\xf8\
\x8d\xe01Y\x04\xc0\xf8\x03\xb3\x06\x80\xf1\x07g\x09\x00\
\xe3O\xc8\x0a\x00\xc6\x9f\x94\x05\x00\xd7\x8c?\xaf\xd9\x00\
\xae\xf9\x97\xb0\xb9\xcd\x04\xc0\xf8\x06\x9a\x05\x80\xf1\x8d4\
\x03\x00\xe3\x1bj4\x00\xc67\xd6H\x00W\x8co\xaf\
Q\x00\xae\xf8\x8bx\x9b\x8d\x00\xc0\xf8\x86\xeb\x0d\x80\xf1\
\x8d\xd7\x13\x00\xe3;\xa8\x17\x00\xc6wR\x0f\x00\x97\x8c\
\xef\xa7\xd6\x00\xca\xf8\x9b\xc8\x17\x16\xad\x96\x00\x18\xdfa\
\xad\x000\xbe\xd3Z\x00`|\xc7\x1d\x0a\x80\xf1\x9dw\
\x08\x80\x0b\xc6\xf7\xdfZ\x00e\xfc\xe3\xec\x97\x17\xa15\
\x00\x18?PK\x010~\xb0\x96\x00`\xfc\x80\xed\x0b\
\x80\xf1\x83\xb6\x0f\x80s\xc6\x8f\xdbK\x00\xca\xf8'\xd9\
/)r\xbb\x000~\x82\x9e\x03\xc0\xf8Iz\x0a\x00\
\xe3'j\x1b\x00\xe3'\xeb!\x803\xc6\xcf\xd7\x7f\x00\
e\xfc\xd3\xec\x97ADD\x94%I\xff\x00-\x98z\
\xee@\x8f\x9e\xe5\x00\x00\x00\x00IEND\xaeB`\
\x82\
\x00\x00\x11/\
\x89\
PNG\x0d\x0a\x1a\x0a\x00\x00\x00\x0dIHDR\x00\
\x00\x00\x80\x00\x00\x00\x80\x10\x06\x00\x00\x00\x93\xae\xbd\x88\
\x00\x00\x00\x09pHYs\x00\x00.#\x00\x00.#\
\x01x\xa5?v\x00\x00\x06\xa9iTXtXML\
:com.adobe.xmp\x00\x00\
\x00\x00\x00<?xpacket beg\
in=\x22\xef\xbb\xbf\x22 id=\x22W5M\
0MpCehiHzreSzNTc\
zkc9d\x22?> <x:xmpm\
eta xmlns:x=\x22ado\
be:ns:meta/\x22 x:x\
mptk=\x22Adobe XMP \
Core 6.0-c002 79\
.164460, 2020/05\
/12-16:04:17    \
    \x22> <rdf:RDF \
xmlns:rdf=\x22http:\
//www.w3.org/199\
9/02/22-rdf-synt\
ax-ns#\x22> <rdf:De\
scription rdf:ab\
out=\x22\x22 xmlns:xmp\
=\x22http://ns.adob\
e.com/xap/1.0/\x22 \
xmlns:xmpMM=\x22htt\
p://ns.adobe.com\
/xap/1.0/mm/\x22 xm\
lns:stEvt=\x22http:\
//ns.adobe.com/x\
ap/1.0/sType/Res\
ourceEvent#\x22 xml\
ns:photoshop=\x22ht\
tp://ns.adobe.co\
m/photoshop/1.0/\
\x22 xmlns:dc=\x22http\
://purl.org/dc/e\
lements/1.1/\x22 xm\
p:CreatorTool=\x22A\
dobe Photoshop 2\
1.2 (Windows)\x22 x\
mp:CreateDate=\x222\
023-11-07T15:50:\
55+08:00\x22 xmp:Me\
tadataDate=\x222023\
-11-07T15:50:55+\
08:00\x22 xmp:Modif\
yDate=\x222023-11-0\
7T15:50:55+08:00\
\x22 xmpMM:Instance\
ID=\x22xmp.iid:d0a4\
a89b-2366-6c46-b\
b7f-d774991b37c1\
\x22 xmpMM:Document\
ID=\x22adobe:docid:\
photoshop:bc08f7\
d4-d2cc-7845-968\
d-081e6c919573\x22 \
xmpMM:OriginalDo\
cumentID=\x22xmp.di\
d:739d93c7-4bc4-\
ce42-8529-5b8ed6\
f5ffb4\x22 photosho\
p:ColorMode=\x223\x22 \
photoshop:ICCPro\
file=\x22sRGB IEC61\
966-2.1\x22 dc:form\
at=\x22image/png\x22> \
<xmpMM:History> \
<rdf:Seq> <rdf:l\
i stEvt:action=\x22\
created\x22 stEvt:i\
nstanceID=\x22xmp.i\
id:739d93c7-4bc4\
-ce42-8529-5b8ed\
6f5ffb4\x22 stEvt:w\
hen=\x222023-11-07T\
15:50:55+08:00\x22 \
stEvt:softwareAg\
ent=\x22Adobe Photo\
shop 21.2 (Windo\
ws)\x22/> <rdf:li s\
tEvt:action=\x22sav\
ed\x22 stEvt:instan\
ceID=\x22xmp.iid:d0\
a4a89b-2366-6c46\
-bb7f-d774991b37\
c1\x22 stEvt:when=\x22\
2023-11-07T15:50\
:55+08:00\x22 stEvt\
:softwareAgent=\x22\
Adobe Photoshop \
21.2 (Windows)\x22 \
stEvt:changed=\x22/\
\x22/> </rdf:Seq> <\
/xmpMM:History> \
<photoshop:TextL\
ayers> <rdf:Bag>\
 <rdf:li photosh\
op:LayerName=\x22Z\x22\
 photoshop:Layer\
Text=\x22Z\x22/> <rdf:\
li photoshop:Lay\
erName=\x22X\x22 photo\
shop:LayerText=\x22\
X\x22/> </rdf:Bag> \
</photoshop:Text\
Layers> </rdf:De\
scription> </rdf\
:RDF> </x:xmpmet\
a> <?xpacket end\
=\x22r\x22?>lQ\xe6\x1d\x00\x00\x0a,ID\
ATx\x9c\xed\x9dAn\x1c\xb7\x12\x86\xd9\x81\x0f\x10\
;7\xb0O\x10XYG\x06\x22\xe4\x04qn !\
\x07\x08\xa4\xec\xe2\x95e\xe4\x00\x0f\xf2;\xc1\xb3\xdf\x05\
\x02\x09\xd0d\x1d\xe7\x08qN\x10;7P\x16ty\
\x5c\x9c\xe1t7\x9bd\xb1\xbb\xbfo\xf3c\xa4\x99\xee\
\x22\x87U,\xb2INwwwwww\xe7\x00f\
I\xd7u]\xd7\xdd\xde\xfaW??\xf3\xed\xf9\xb7\x8d\
\xa9Q3\xe23k\x03\x00\xa6s|\xecus+\x01\
\xc1\xeb\xd7\xc7\x96V\xcd\x01\x02\x00,\x10\x02\xc2P\x08\
\x00\xb0\x02\x08\x081\x08\x00\xb0B\x08\x08\x02\x01\x00`\
\xc5\x01\x81\x00\x00\xb0\xc3z\x02\x02\x01\x00\xa0\x97\xe5\x06\
\x04\x02\x00\xc0h\x96\x13\x10\x08\x00\x00\x93\x99o@ \
\x00\x00dg>\x01\x81\x00\x00P\x9cv\x03\x02\x01\x00\
\xa0:\xed\x04\x04\x02\x00\x809v\x01\x81\x00\x00\xd0\x1c\
\xf5\x02\x02\x01\x00\xa0y\xca\x05\x84\xae\xb5\xf3\x00|\xc1\
Z\xb2\x08\xa0u6\x1b\xaf\xe3\xcfC \x03\x00\x98=\
\xe9\x19\x82y\x06@\x8f\x0fP\x9ax\x86@\x00\x00X\
\x1d\xdb\x80\xc0\x10\x00`u|\xf6\xc1\xef;w\xcf\xd6\
\x10\x00(\x8f\xa4\xfc2\x04\x90\x0c\xc0\x11\x00\x00\x96G\
\xdc\xe1C\x08\x00\x00\xb3g\xb8\xc3\x87\xcc>\x00\xf8\x02\
w\x9d\xb5\x1d`\xc3:'\x91\xd3\x1d>d\xf6\x01\x00\
`\xf9\xe4s\xf8\x10\x02\x00@s\x94s\xf8\x10\x02\x00\
\x809\xf5\x1c>\x84\x00\x00P\x1d;\x87\x0f!\x00\x00\
\x14\xa7\x1d\x87\x0f!\x00\x00d\xa7]\x87\x0f!\x00\x00\
Lf>\x0e\x1fB\x00\x00\x18\xcd|\x1d>\x84\x00\x00\
\xd0\xcbr\x1c>\x84\x00\x00\xb0\xc3r\x1d>\x84\x00\x00\
\xb0\x22\x87\x0f!\x00\xc0\x0aY\xaf\xc3\x87\x10\x00`\x05\
\xe0\xf01\x08\x00\xb0@p\xf8\xa1\x10\x00`\x01\xe0\xf0\
\xa9\xcc\xfePP\xce\x03\x00H\x87CA\x01V\x0c\x01\
\x00f\x81\xcf\x14\xaf\xaf%clKOO\xc7\x95\xe3\
\xcf?\xeb\xda\xf7\xcd71{\x08\x000\x0b\xfcP\xef\
\xe4\xc4\xbfz\xfa\xbd\xd7\x9b\x9b:w\x7f\xffN\xee+\
CN\xad/_\x0e\xbd\x92\x7f\xff\xa3Gz\xe8*\xe5\
\xf9\xe3\xcd4\xfb.~\xf2\xfa\xe0\x0bm\xdf\x81z\x92\
9\x00+\x15+R\xd5\xda~\xd4V=\xaf\xfe7\xb5\
\x1d\x1d\xd6\xcb\xe7u\xcaq\xff\x81\xd7w\x7f\x0f\xb3\xeb\
\xfaZ>\x97z_2\x00\x985\xbe!K\x0f\xfa\xf6\
\xad\xad5\xe9\xf8rHO\xfe\xfa\xff\x87\xdf\xfd\xc7\x1b\
\xff\xfe\x93\x13\xfd\xb9\xf1\x10\x00`AH \xc8\xcd\xe9\
\xa9\x1fKK\x0f]\x9a\xfb\x9f\xef\xff\xbb\x04\xb8\x93o\
s\xdd\x89\x00\x00\x8b\xc0\xf7\x842\x86~q\x99\xf7\xea\
\xe2\xf8\x97\xcf\xf3^w\x8b\x0f0\x0f\x1f\xfaW\xdf=\
\xd5\xff\x95\x1e~z\x8f\xbfs_=\x06\xa9\x8f\xccV\
\xa6~\xde\xdb\xcf:\x00\xd0\xc8l\xbb\x7f%\x8e\x95\x0b\
\x99\x0c|\xfd*\xd7\x15\xbd\xbd2\x97\x11\x06\x80\xfc\xf7\
\x13\xc8\x00`\xc1\x94\x1a\x12\x5c>\xcf5$\xf0\xd7\x11\
\x87\x0f\x1d\xff\xe2\xa7R\x8e/\x10\x00`\x91\x94\x1d\x12\
HF\x91>$\xd0)\xff\xd5\x7f\xf4\x7f_\xbf\xf2\xf6\
\xe7\xb6{\x8f\x1d\x0c\x01`\x0d\xf8v\xf6\xe6w\xff\xea\
\xf1Q\xde\xab\x8fO\xd1\xf7\xdb#\xb3\xfbG_\xe5\xb5\
/\x0e\x19\x00\xac\x88\xb3\x1f\xca\x5cw\xf8\x90@\x8f\xf5\
\xc5\xf1\xb7\x0b\x8d\xca\xd8\x17\x87\x00\x00\xab@\x0f\x09d\
\xc5\x5c.\xfa\x87\x04\xde\xf1\xcf/\xfc\xabp\xac\x7f\xf2\
\xad\xb7\xcf`\x1dC\xea\x0a\xa2\x5c*V\xa4\xaa\xb5\xfd\
\xe8<\xd5#)xz\xfb\xdb\xaf\xdf=\xd5\xf7\x11\x87\
\x0f\xdfw~a]\x0f\xcc\x01\xc0*\xf1\xedNRp\
\x09\x04\xb9\x90\x9e\x5cR\xfa\xeb_\xbd\xca\x10\xe1\xc5\xa5\
o\xb7\xb93\x91\xf1\x10\x00`\xd5\xe8\xd4\xbc\xdcB\x1f\
O\xfdI\xbe>\x08\x00\x00\xae\xf4S\x02\xc9\x08\x8e\xbe\
\xf2\xed5\xdfJ\xbe\xa90\x09\x08\xf0\x91RO\x09\xda\
\x85\x00\x00\xe0j=%8\xff1\xefu\xa7\xc3\x10\x00\
`\x0fe\x87\x04\xb2\xa9\xa7\xd6\x81&q\x08\x00\x00{\
\xa8\xf3\x94\xc0~N\x80!\x00\xc0\x1e\xd62$ \x03\
\x00\x18@\xd9\xed\xc5vC\x022\x00\x80\x03\xe8u\x02\
\xb9\x1d_\xb8\xba\xaa{\xe2\xd0\x16\x02\x00\xc0\x1e\xf4\x1c\
@\xb8@(\xf5\xf4\xde\x18vC\x02\x02\x00\xc0'\xe8\
}\xfa\xb2\x84W\x90}\xfa\xb2\x92/w 8\xbf\xe8\
;\xc7?7\xcc\x01\x00|\xc2\xd0}\xfa\xa5\x9f\x12\xf8\
\xfb=z\x94\xf7\xba\xbb\x90\x01\x00\xb8\xd8>\xfdpS\
\xcf\x96\xd2O\x09\xbc=\xa5\xf7&\x90\x01\xc0\xca9\xbc\
\x19H\x9e\xd3\xf7\xa7\xfae\x17\x0e\x0d\xb7c,d\x00\
\xb0J\xbc\xc3\xca>\xfd\xd0\xf1\xcf\xce\xd2\x1c\xae\xd4^\
\x02\xc9L\xf2C\x00\x80U\xa1\xc7\xee\xe1a\x9c\xb2O\
\x7f\xf8o\xfd\x09s\x1d\x120\x04\x80U\xa0\x9f\xb3K\
\xaa.\xb3\xfd77\xbe\x1d\xc9\x8f\x8f\xe6\xba_\xfbC\
\x02\x02\x00\xac\x02\xdf\xce\xe4\xc74\xe51[\xb95\xf9\
\xfaq\xa2\xac \xccE\xbe\xa7\x04\x0c\x01`\xd1\xe8\xd4\
9|\xbe.?\xbc\x91\x7f3\x8e\xbf\xae\x04\x98RC\
\x02\x99\xbc\x9c\x80d\x00V*V\xa4\xaa\xb5\xfdh\x9b\
\xea\x11\x07\x09\xdb\xcd\xd5\x95\x8d=\xa5\x0e!}|\x94\
j\x17\x19\x00,\x0a\xdf3\x9e\x9e\xfaW\xb1I\xb3\x97\
\xff\xadg\xd1\xa7\x94:\x044\xfd)\x01\x01\x00\x16\x81\
v\xfc\xab\xab\xc3\xef\xae\x7f\xfe\xbe\xefqe\xb7_\xfe\
\xbd\x04\xbe\xfc}\xe5\xde\x85\x00\x00\xb3F\x8f\x85\x87:\
\x80\x04\x8a\xa5qz:zn\xa0\xf6Xh\xff\xd8\x88\
9\x00\xf4\xb0z\xe4q\x9a4p\x99]Om?\x12\
0\xd2\xc7\xd0\xc3\xec\x96\xc9GI\xd5s\xcf\x01\xc4t\
\xbb\xb49j_\x1b_,\x01\x00\xdd\xaf\xdaQk9\
\x8e\xe8\xc3\x87i\xf6\x8a\xc3\xd7\xb6\xb7Ow'?Y\
\x07\x00\xb0b\x98\x03\x00X1\x04\x00\x80\x15C\x00\x00\
X1\x04\x00\x80\x15s\xcf\xda\x80\xa5\xe0'3\xfb\xde\
e9\xddj\x81lV\xd9.\xbc\xb1\x9et\x06\x0d\x19\
@\x15\xea\x1f\xf7l\x8b,y\xad\xbf\xe2\x0e\x92\xd8\xdc\
z\xb5~N97\xdd\xdc\x0e\xeb\xd1d\x01\xcb\xd8\xeb\
\xcb\xe6\x91R\xe7\xd2\xe7~\xbe\xde\xbf\xed\xd5z]\x01\
\xaa\xf5\x03\xc7\xc7y\x1b\xc2Z\xf4\xf88\xa8\xc8\x08C\
\x17\x86\x88\xc3\x97>\x16\xba\xd4B\x95~\xbb\xad\x1b<\
\xaa5\x88\x04\xb7\xb7e\x1a\xc6\xd2t\xdb\xf3\xeb\xfa\x8b\
!k\xcfc\xd7\x1b\xbf\x89c\x1aS\x97\xd0\xa6\xdbo\
\xdd\xe0Q\xadA\x03&\x13\x18\xa6\xdb\x9e_\xd7_\x8c\
\xf8\xbe\xf4\xbeO\xe6%fG\xaa\xbe\xfb\xdb\xeb\xf0\xa1\
\x89u\x83G\xb5\xee\xfe\xc19G&\x10\xd3\xdd\x9e_\
\xd7[\x0c\xd9\x97.\xef\x94\x1e\xb8\xd6\xe4\xa08h\xee\
\xfa\x18\x7f\x22\x8du\x83G\xb5F\x1a2\x99\xc0~\xdd\
\xed\xf9u\xbd\xc5\x08'\xdbjoG\xcd\xbd\x0b-\xfd\
\x97p\xac\x1b<\xaa5\xfe\x0f\xe7\x1c\x99\x80h\xbc\xe7\
\xd7\xf5\x15C\x0e\xa3\xcc}8d\x1fr\xee}\xee\xfa\
H?\xe5\xd6\xba\xc1\xa3Z{\x1a4\x99\x80\xd7x\xcf\
\xaf\xeb+\x868~\x86C\x1c\x07!C\x8b\xdc\x93}\
\xd3\xcf\xa5\xb7n\xf0\xa8\xd6\xfe78\xe7\xd6\x9b\x09\xf4\
\xf7\xfc\xba\x9eb\xc8dY\xee\xf3\xe1c\x84s\x0eS\
5\xdf\x9c\x85u\x83G\xb5\x0el\xd8k\xcd\x04\xfa{\
~]O\xd6\xa4.8\xea\xd3|s\x16\xd6\x0d\x1e\xd5\
:\xfc\x8d\xce\xb9\xf5d\x02\xc3{~]?\xd6\xe4>\
vZ\xe6.\xf2a\xdd\xe0Q\xad#\x1b\xf8Z2\x81\
\xe1=\xbf\xae\x1f+\xfa\x16\x1a\xa5j\xee\xa5\xc7\xf6\x0d\
\x1e\xd5:\xfe\x03\xce\xb9\xe5f\x02\xe3{~]/\xb5\
\x911\xb9\xcc1\xe4\xaa\x87r\x93\x95\xd6\x0d\x1e\xd5\x9a\
\xd8\xd0\x97\x9a\x09\x8c\xef\xf9u\xbd\xd4\xa6\xfef\x9e\xa9\
X7xTk\xfa\x07\x9ds\xcb\xc9\x04\xd2{~]\
\x1f\xb5\xb0\xdb\xcc3\x15\xeb\x06\x8fj\x9d\xd8\xe0\x97\x92\
\x09\xa4\xf7\xfc\xba>ja\xb7\x99g*\xd6\x0d\x1e\xd5\
:\xfd\x02\xce\xb9\xf9f\x02\xd3{~]\x0f\xa5\xb1\xdf\
\xcc3\x95\xda\x0d\x1c=\xac\x99\x1a\xfe\x5c3\x81\xe9=\
\xbf\xae\x87R\x88\x83\xceg\xb2/\x86UCG\xf7k\
\xbe\x0b9\xe7\xe6\x93\x09\xe4\xeb\xf9u\xf9K\xd1\xcef\
\x9e\xa9\x94n\xd0\xe88\xcd\xec\x00s\xc9\x04\xf2\xf5\xfc\
\xba\xfc\xb9io3\xcfTj5lt\x98\xe6\xbf\xa0\
s\xae\xddL \x7f\xcf\xaf\xcb\x9d\x8bv7\xf3L\xa5\
T\xfd\xa3iZ\xc8\x11Z\xcd\x04\xf2\xf7\xfc\xba\xdc\xb9\
hw3\xcfTJ\xd5?\x9a\xa6\xe5.\xec\x9ck'\
\x13(\xd7\xf3\xeb\xf2N\xa5\xfd\xcd<S)\xfd=\xa0\
\xe3\xb4\xb0C\xb4\x92\x09\x94\xeb\xf9uy\xa7\x22\x9bo\
r\x95;\xfff\x9e4$\xa3\xd9\xfdyj\xd4V\x8b\
\xfd0\x88\xbf\xc1f\xe3_\x89\xd6\xe6\xb7\x8d\xb6\xa3U\
\xa4\x87\xce\xbd\x12\xef\xec,\xef\xf5R\x91r\xbd\xfd\xcb\
\xd6\x0e\x08\xa9\xf4\xcb@\xcf\x9e\xd5\xb9O\xc8\xcfF\xf7\
\x1d\x8a\x8c\xc9sO\xce\xb5\xf2\xcb<R>\x19\xda\xbc\
\x7fgg\x0b\xec\xa3x\x00\xb0\xc9\x04\xe6\xd2\xf3\x8b\xe3\
\xe7\x9a\x9c\x13\x87\x7fq\x99\xe7zS\x09\xe7\x1e\xac\x03\
\x12\xecPk\xac\xe1\xa95'P~\xcc\xbf\xbf|C\
\x99\xeff\x9eq\x84\x8f1\x1f\x1f\xd5\xfe^\xd0\xc3Z\
\xff\x86\xce\xb9rO\x07\xca\xcf\xf6\x1f.W\xaacL\
\xd5\xda?0\xd2G\xec\x80\x92\xfb\x0f\xac\xbe\x1ft\xbf\
\x1a9J\xa9L\xa0~\xcf\xaf\xcb\xd5\xc7\xfc7\xf3\x1c\
&\xb6gA^\xdb7xT\xab\xdd\x8d\x9ds\xf92\
\x01\xbb\x9e_\x97g\xaccL\xd5\xfa\x9by\x0e\x13;\
\x93p\xbb\xf7\xc0\xfa{B\xb5\x1a;L\xaeL\xc0\xae\
\xe7\xd7\xe5\x89\xb1\x9c\xcd<\x1a\x99\xbc\xec[\xbf\xb0]\
\x8f`\xfd=\xa1Z\xed\x0dp\xce\xa5g\x02\xf6=\xbf\
.G\xc8\xf26\xf3\xe8\xfb\x0f=\x85x;Ga\xfd\
=\xa1Z\xed\x0dp\xce\xa5g\x02\xf6=\xbf.\x87\xb0\
\xb4\xcd<\xe1z\x85\xb1vo\x87*\xd6\xdf\x13\xaa\xf5\
^\xc9f3\x04o\xc8f\xd3u]\xd7u\xf2\xdc^\
\x02B\x8c\xd6\x9f\xf3\x9f\xff\xe85\xd7\xe4\xdc\xc7\xe7\xfb\
\xbf\xe4\xb9^\x0c\x99\xbd\xff\xb8\x80\xe7K\xaf\x92\xc9\xa4\
\xc2\x02\xa0V\xe9$\x12X\xe3\x03\x808\xbe\x0c\x09b\
<y\xd2Z\x00\xf0\xf6\x8b\xc3\xd7\xfe\x11\xd0\xd699\
\xf1zs\xd3J{\x03O\xa5\xa5\xc0\xfdh\x87\x8e9\
v\xeb=\x7fk\xcf\xe3[\xe1\xfd?\xd6\x16\xc0~\x9a\
\xc9\x00\x84\xc3\x99@{=?\xc0\x9ci.\x00\x08>\
\x10H\x00\xe8>d\x08\xc7Ol\xad\x02X\x16\xe6\x93\
\x80\x87\xb1\xdaE\x08\xb0\x0e\xfe\x05\xdd\xa9\xea\xf0\xc5\x96\
/\xbe\x00\x00\x00\x00IEND\xaeB`\x82\
\x00\x00\x10{\
\x89\
PNG\x0d\x0a\x1a\x0a\x00\x00\x00\x0dIHDR\x00\
\x00\x00\x80\x00\x00\x00\x80\x10\x06\x00\x00\x00\x93\xae\xbd\x88\
\x00\x00\x00\x09pHYs\x00\x00.#\x00\x00.#\
\x01x\xa5?v\x00\x00\x06\xa9iTXtXML\
:com.adobe.xmp\x00\x00\
\x00\x00\x00<?xpacket beg\
in=\x22\xef\xbb\xbf\x22 id=\x22W5M\
0MpCehiHzreSzNTc\
zkc9d\x22?> <x:xmpm\
eta xmlns:x=\x22ado\
be:ns:meta/\x22 x:x\
mptk=\x22Adobe XMP \
Core 6.0-c002 79\
.164460, 2020/05\
/12-16:04:17    \
    \x22> <rdf:RDF \
xmlns:rdf=\x22http:\
//www.w3.org/199\
9/02/22-rdf-synt\
ax-ns#\x22> <rdf:De\
scription rdf:ab\
out=\x22\x22 xmlns:xmp\
=\x22http://ns.adob\
e.com/xap/1.0/\x22 \
xmlns:xmpMM=\x22htt\
p://ns.adobe.com\
/xap/1.0/mm/\x22 xm\
lns:stEvt=\x22http:\
//ns.adobe.com/x\
ap/1.0/sType/Res\
ourceEvent#\x22 xml\
ns:photoshop=\x22ht\
tp://ns.adobe.co\
m/photoshop/1.0/\
\x22 xmlns:dc=\x22http\
://purl.org/dc/e\
lements/1.1/\x22 xm\
p:CreatorTool=\x22A\
dobe Photoshop 2\
1.2 (Windows)\x22 x\
mp:CreateDate=\x222\
023-11-07T15:41:\
37+08:00\x22 xmp:Me\
tadataDate=\x222023\
-11-07T15:41:37+\
08:00\x22 xmp:Modif\
yDate=\x222023-11-0\
7T15:41:37+08:00\
\x22 xmpMM:Instance\
ID=\x22xmp.iid:a144\
d865-3fb3-6542-8\
814-3cd0617f52a4\
\x22 xmpMM:Document\
ID=\x22adobe:docid:\
photoshop:610fc0\
24-47cb-c647-8c6\
e-d50b39457d6e\x22 \
xmpMM:OriginalDo\
cumentID=\x22xmp.di\
d:d537f112-b314-\
4244-a484-0db4e9\
8b42e8\x22 photosho\
p:ColorMode=\x223\x22 \
photoshop:ICCPro\
file=\x22sRGB IEC61\
966-2.1\x22 dc:form\
at=\x22image/png\x22> \
<xmpMM:History> \
<rdf:Seq> <rdf:l\
i stEvt:action=\x22\
created\x22 stEvt:i\
nstanceID=\x22xmp.i\
id:d537f112-b314\
-4244-a484-0db4e\
98b42e8\x22 stEvt:w\
hen=\x222023-11-07T\
15:41:37+08:00\x22 \
stEvt:softwareAg\
ent=\x22Adobe Photo\
shop 21.2 (Windo\
ws)\x22/> <rdf:li s\
tEvt:action=\x22sav\
ed\x22 stEvt:instan\
ceID=\x22xmp.iid:a1\
44d865-3fb3-6542\
-8814-3cd0617f52\
a4\x22 stEvt:when=\x22\
2023-11-07T15:41\
:37+08:00\x22 stEvt\
:softwareAgent=\x22\
Adobe Photoshop \
21.2 (Windows)\x22 \
stEvt:changed=\x22/\
\x22/> </rdf:Seq> <\
/xmpMM:History> \
<photoshop:TextL\
ayers> <rdf:Bag>\
 <rdf:li photosh\
op:LayerName=\x22X\x22\
 photoshop:Layer\
Text=\x22X\x22/> <rdf:\
li photoshop:Lay\
erName=\x22Y\x22 photo\
shop:LayerText=\x22\
Y\x22/> </rdf:Bag> \
</photoshop:Text\
Layers> </rdf:De\
scription> </rdf\
:RDF> </x:xmpmet\
a> <?xpacket end\
=\x22r\x22?>\xd0\xe1\xbdH\x00\x00\x09xID\
ATx\x9c\xed\x9d\xddm\x1bG\x10\xc7yF\x0a\x88\
\x9d\x0aB\x95 \xf994 \xc2\x05\x04\x92;\xa0\x90\
\x02\x02\xd2Ov\x9e$\xc1\x05\x04\x94+\x88\x94\x06\x02\
\x09\x90\xfcl\xb9\x04\xa9\x838%0\x0f\xe3\xb1\xb4+\
\x1e\xefx\xb7_\xb7\xfb\xfb\xbd\x0c\x8e\x91\x8fs\xcc\xee\
\x7fgf?\xaeZ\xadV\xab\xd5j\x94\x1cUUU\
U\xf5\xcbD\xaf\xc5\xcfO7\xf1<\x02\xc8\x8f*m\
\x01\xb8\xbe\xd6k\xf1\xf3\xd5\xab\x98>\x01\xe4\xc6\xb3\xd8\
\x0e\xd8\x98#\xff\xe4\xbb\x95\xcf\xf5\x1a\x00\x5c\x90\x9c\x00\
\x08\xef\xdf\xad\xff\xfc]\xcd\xe7\xfd\x11\x81\x99/\xc4\xae\
Vi\xd8\xbb\xbba>\xe7\xfe\xbek\xbf\xc1\x13\x9a\x02\
\xc4\xb6\x82\x8e\xfc\xfaI\x9d\x9dL\xc2\xf83\x9b\x89\xd5\
\x8e\xd8\xe4WW{y)v<\x8e\xf3\xbbk\x87=\
9\xde\xce\xef\xaf\xff\x8a\x9d/B\xfb\x8duc\xa3;\
\xf0\xdd\x91\xd1h4\x1ai\xce\xdf\xd4\xf0\xae\xaf\xc3\xfa\
5\x1e\xfb\x15\x82\xf0\x1d\x7f\xf3\xf3\xce\x17\x9b\xfd\xd5\xdf\
\xe1\xf9\x8b\xd8\xfeb\xfb\xd9\xe8)\x80\x84\x8cv\xce\xdf\
D\xb8\x9a\x80\xfcP\xf7\xf7rut\xe4\xe7[\x9e\xbf\
\xf0s\xdf\xae|\xb9]\xff\xf9\x7f_\xc5N\xa7\xf2\xbb\
\xe85\x0c\x95\xe8\x02 \xd4\xe5\xfcM\xf8\xab\x09\xd8H\
\x83\xbf\xba\x92\xab\xb33\xb7w?\xf8\xd5\xed\xfd\xfa\xb2\
\xbb\xb7\xfe\xf3\xd3\x0f\xa6 \xc2\xe0\x89\x15z\x08ms\
\xfe&\xeb\xbf&`\xfa\xad)\x81\xe6\xc0}\xfd\xd7\xfb\
\xc4\x0f\xa9\x85\xdb\xcf\xa6\x7f\x97\x97\xb1\xfd\xc2\xfa\xb1\x91\
#\x80\xae#\xbfM\xe8H@G\xc0\xd3\x0fn\xee\xaa\
)\x80\x16\x1d\xc3cV\xef\xed\x08`\xf16\xbcG\x10\
\x84\xd0\x8a#\xb8\x1a\xf9cG\x02\xdaq]\x15\x07\xef\
\xeeB\xff\xff0\x9fGg#\xf4\x93\x93\xe3X\xfe`\
\xc3\xd8H\x0d\xadm\xb5\x7f[\x1bnv\xc0|\x1e\x1d\
\xb9]=G\xb8i5AG~\xfd$\x9d\x94\x04\xeb\
\xd7\x06\xee(\xbeF~\xdb\x86\x8b\x04\xcc\xe7s\x15\x09\
\x84\xeb\x80\x82\x9d\xf33\xaf_\x8a\x0d\x5c\x03p\x95\xf3\
7\x11\xae&`rz\xea\xe6>\xfek\x02\xba\x22P\
\xae4\xe7\xbf\xbf\x97\x86qz\xe2\xeb{!1|+\
\x8c\x10j\xe4O%\x12\xb0s\xe9\xbe\xd6\xddB!A\
\x05\xc6\x9e\xc5\xd8\xdf\x0f\xfd{a\xe3\xda@\x11@\xa8\
\x91\xdff\xe8\x91\x802\x9f\xbb\xbd\x9f.\xf9U!\xb8\
8\x97\x06\xa1\xeb\x1c\xa0\x18|)\x8b\x10k\xe4\xcf5\
\x12\xd8\xdd\xeb\xe7\x8f]\xecS\x9b\xceRdlX\xeb\
\xb9\x03\xf8\xaa\xf6okc\xcd\x0ehn\xed\xea9\xba\
/\xc8\x11(\xf6aM\xeb\xa9\xe1\xa72\xf2\xdb6V\
$\xb0\x5c\xba}\x8e\xf6\xb9\xba`OS\xb2\x99\x07+\
\xd6S\x83Oe\xe4\xb7m\xacH@\x97\x0e\xbbz\x8e\
\xe6\x05CB]\xb1o6\x0b\xfd;`\xd3\xb4\x8e\x1b\
z\xaa#\xbfms\x89\x04\xea;\xf2\xfa\xef\xbb\xfd\x1c\
\xfa\xb9\xb1i[\xc7\x0d<\xd5\x91\xdf\xb6\xb1\x22\x81\xba\
\x11\xb9\xab}\x1a\xca\x0bu\xb5\x07\xa6\xf9\xb0\xa6\xed=\
\x0d\xd8m?\x7fl\xc2\x9f1(?\xb8\xee\x9fw\xb5\
\x89HS\x0b{\xc1\xd0\xf2O\xf3\xfa\xecL\xbe\x9fi\
>\xb0\xe8\xab \xc2PF\xfe\x5c#\x81\x87\xa3\xb9\xd6\
\x7f\xce4\x1fv\xbd\xed\xd9\x90\x87\x92\xf37\xd9X5\
\x81\xa6\xa3\xb7\xfaZ\xa6\xf9\xb0\x9bm\xe7\xf7\x02H\x08\
\xad#\xffPB\xff:nn\xe4w\x08\xff\xde\x01\xf3\
\xf4_\x0d\xe9\xfb\xa2k\xfawv\xdc\xdc\x0fre\xeb\
\x1a\xc00s\xfe&b\xbfw\xc0\xf5\xd2\xe1\xb3\x8fn\
\xef\x07\xb9\xd2\xb1\x08\x18km\xbfo\xc2\xef\x1d\x90\x91\
Z\xcf\x18\xe4\xac=\x08Kk\x01\xc8s\xe4\xb7\x89\x1d\
\x09 \x00\x10\x96-#\x80\x5cG~\x9bX\xbb\x08\x01\
\xc2\xd2(\x00e\x8c\xfc6\xb1#\x01\x800\xb4\x8c\x00\
J\x19\xf9m\x88\x04 oj\x05\xa0\xcc\x91\xdf\x86H\
\x00\xf2\xa6!\x02(u\xe4\xb7!\x12\x80<y\x22\x00\
\x8c\xfc\xeb \x12\x80<\xa9\x89\x00\x18\xf9\xd7C$\x00\
y\xf1]\x00\x18\xf9\xdb@$\x00yaE\x00\x8c\xfc\
\xed\xf0\x15\x09<\xff\xd1\xcd}\xc6?\xbb\xb9\x0f\xe4\xce\
3F\xfe.\xf8\x8a\x04\x5cm\x06r%$\x90;\xdf\
\x22\x00F\xfen\xf4\x8f\x04DH\xf4@\x0f='\xa0\
/\x07\x87r_W\x82\x02\xb9\xd2y;\xb03\x07\xaa\
\xaa\xaa\xaa\xee\x1e\x88\xffU\xe5\xd2\xa7\x10\x98\xaf\xe6\xd2\
\x17u\xb8FO Z\xbc57\x1d\x01\x08\x08\x80'\
\xfc\xec\xf3\xf7\x85\x1e\x19vt\x14\xdb\x13\x08\x0b\x02\x00\
P0\x81\xdf\x0e\x0c\x00)\x81\x00\x00\x14\x0c\x02\x00I\
#)\xe2\xe5\xa5\xa6\x8aiY\xfb8\xf6\xa6\xe7\xb8\xbb\
\x0b\xeb\x9f\xbe\x0c\xb6\x1e\x04\x00\x92Fj<\xd3\xa9\x5c\
\x1d\xbe\x11\x1b\xea\xfd\x06:\x8br\xf8FkM\xa6m\
?\xab\xa2\x87\xb4\x9a5+}\x9e/\xb7\xfd\xfc[\xbc\
\x15\xfb\xe2'\xd3\xbf\x16\xbf\x93\xefc\x87\x9b\xacz\xd1\
\xd5\xc6\xf6\x1f\x1b\xc7\x0a\xe7\x7f\xf5m?\x9b\xed\xc9q\
\x98\xe7\xd8\xf6=\x11\xfa\xda\xf9\xfe/w%\x02\x80A\
\x22\x0dXG\xd0\xe1\x9e\xa5(\xcf\xa1#\xf9\xc5\xdf\x9b\
\xff\xfa\xcb\xad\xfc\xfdtj\xfe\xbb\xee \x00\x90\x01*\
\x04\xae\x99\xcd$\x97v\xb5B\xb3\x89\xba%\xdc*p\
\xd3\xd7\xae\xbf\x11\x01\x80A##\xa1\xe6\xd0\xa7'n\
\xef\xae\x1d\xdf\xd7JM-\x0e\xeaB\xb1\x83C\xf3\xbf\
\xea\x08\xefn\xc4\x7f\xf2\xfdf.\x12\x1e\xadZv\xfd\
\xf7\xe2?\x0b\x81@\xd0j\xbb\x5c\xb9^\x81\xa9\xc5\xc0\
\x8bsWw\x14\x7f\xb5\x96a\x0b\x80\xfb\xef\xb3!\x02\
\x80\x0c\xf1\x95\x12\x9c\x1c\xbbJ\x09\xe4>\xda\xe1\xed\x8e\
\xaf{7\xfcu|\x05\x01\x80\xac\xf0\x9b\x12hD\xd1\
=%0C~\xfb5\xee\x17\xe7\xe2\xbfk\xbf7\xf8\
C\x0a\x009#\xed\xeb\xf6\xb3\x5c\xed\xee\xb9\xbd\xfb\xf6\
!\xfaz\x7f\xb4\xba\xbf\xf7\xd2\xad\x7f\xcd\x10\x01@\x01\
\x1c\xfd\xe6\xe7\xbe\xedS\x023\xd7\xd7\x8e\xff\xb0\xd0\xc8\
\x8f\x7f\xcd \x00\x905fJ\xa0+\xe6\x5c\xd1\x9c\x12\
H\xc7\xd7s\x1f\xec\x5c\x7f\xfaZ\xfc\x8b\xb8\x8e\xa1\xef\
J\xa2\xbeV\xbd\xe8jc\xfb\x8f\x1d\x96\x154\x04\xef\
\xde\xee\xd6\xdb\x83C\xf3{\xb4\xc3\xdb\x7f7_\xc4\xfe\
\x1d\xd4R\x03\x80\xa2\x90\xf6\xa6!\xb8\x0a\x81+t$\
\xd7\x90\xfe\xf2\x1f\xb1\x9a\x22\x9c\x9eH{u\x1d\x89t\
\x07\x01\x80\x221Cs\x7f\x0b}\x84xE\xbe&\x10\
\x00(\x1a\xbf\xb3\x04\x1a\x11\xec\xbd\x94v\xea~%_\
_(\x02\x02x\x9b%H\x1f\x04\x00\x8aFFf\xdf\
\xb3\x04\xf3\xdf\xdd\xde\xd7\x1d\xa4\x00\x00\x8f\xf0\x9b\x12\xe8\
\xa6\x9eP\x07\x9a4\x83\x00\x00<\x22\xcc,A:5\
\x01R\x00\x80G\x94\x96\x12\x10\x01\x00l\xc0\xef\xf6\xe2\
\xf8)\x01\x11\x00\xc0\x1a\xccu\x02\xbe\xde\xec\xb4\x5c\x86\
=q\xe8)\x08\x00\xc0#\xcc\x1a\x80\xbd@\xa8\xeb\xe9\
\xbdu\xc4O\x09\x10\x00\x80\x91\xbdO_\x97\xf0*\xba\
O_W\xf2\xb9\x16\x82\xf9\xa2\xed9\xfe\xae\xa1\x06\x00\
0j\xbfO\xdf\xf7,\x81|\xdf\xce\x8e\xdb\xfb\xd6C\
\x04\x00E\xb3~\x9f\xbe\xbd\xa9\xe7\x01\xdf\xb3\x04\xe2\x8f\
\xef\xbd\x09\x0f\x10\x01@\x91l\xde\x0c\xa4\xf3\xf4\xcd\xa1\
\xbe\xdf\x85C\xed\xfd\xe8\x0a\x11\x00\x14\x85tX\xdd\xa7\
ow\xfc\xa3\xa3n\x1d\xce\xd7^\x02\x8dL\xfc\x81\x00\
@\x11\x98\xb9\xbb}\x18\xa7\xee\xd3o\xff\xae?e\xe8\
)\x01)\x00d\x8d9\xcf\xae\xa1\xbaV\xfb\xaf\xae\xa4\
\xfd\xe8\xcbG]}\xdfpR\x02\x04\x00\xb2F\xda\x97\
\xbeLS\xa7\xd9\xfc\xad\xc97\xa7\x13u\x05\xa1+\xdc\
\xcf\x12\x90\x02@\x96\x98\xa1\xb3=\xbf\xae/\xdep\xbf\
\x19G\xee\xab\x02\xe3+%\xd0\xe2\xa5\x034\x02\x88e\
\xd5\x8b\xae6\xb6\xff\xd8\xb4\xac\xa0\x1d\xc4n/\xcbe\
\x1c\x7f|\x1dB\xba\xbb\xd7\xd7?\x22\x00\xc8\x02\x19\x19\
g3\xb9\xaa+\x9a\x9d}\x0c\xe7\xd1c|\x1d\x02\xda\
\x7f\x96\x00\x01\x80Acv\xfc\xe5r\xf3_\x87?\x7f\
_FZ\xdd\xed\xe7~/\x81<\x7f\xd3s\xd7\x83\x00\
\xc0 1s\xe1\xb6\x1d@\x85\x227f\xb3\xce\xb5\x81\
\xd09\xd1\xfa\x1c\x89\x1a\x00v\xbd\x15t:M\x1b\xb8\
V\xd7\xbb\xb6\x1b\x15\x8c\xfe9\xf4f\xbf\xb5\xf8\xa8\xa1\
\xba\xeb\x1a@\x9d}X\xda\xdc\xe8g\x1a\xff\x83\x11\x00\
\xaci\xcd\x8e\x1a\xaa\xe3\xa8\x1d\x8f\xbb\xf9\xab\x1d>\xb4\
\xbfM\xb6\xbe\xf8\xc9:\x00\x80\x82\xa1\x06\x00P0\x08\
\x00@\xc1 \x00\x00\x05\x83\x00\xc0\xa0\x91\x1a\xd2\xf5\xb5\
\xd8_&\xb1\xfd\x19\x1a\x08\x00d\xc0d\x22\xf6\xe6\x1a\
A\xd8\x0e\x04\x002\x04Ah\x0b\x02\x00\x05\x80 \xd4\
\x81\x00@\x81 \x08\x0a\x02\x00P\xb0  \x00\x00O\
(G\x10\x10\x00\x80F\xf2\x15\x04\x04\x00`k\xf2\x11\
\x04\x04\x00\xa07\xc3\x15\x04\x04\x00\xc09\xc3\x11\x04\x04\
\x00\xc0;\xe9\x0a\x02\x02\x00\x10\x9ct\x04\x01\x01\x00\x88\
N<A@\x00\x00\x92#\x9c  \x00\x00\xc9\xe3O\
\x10\x06\x7f& \x00\xdc\xdc\x88}\xff\x87\xf4\xe7O7\
m\xff%\x11\x00\xc0\xe0\xe9\x1e! \x00\x00\xd9\xd1^\
\x10H\x01\x00\x8a\xe3!e \x02\x00(\x8eg\xdf\xfa\
}5\xfa!\xae#\x00\xe0\x1f-\x0aj\x91P#\x80\
\x04R\x00\x1bR\x02\x80\xbe\xd4wx\x1b\x22\x00\x80\xc1\
\xd3\xbe\xc3\xdb$\x17\x01\x00lC\x99\x11c\xf7\x0eo\
C\x04\x00\x90<\xee:\xbc\x0d\x02\x00\x90\x1c\xfe:\xbc\
\x0d\x02\x00\x10\x9dp\x1d\xde\x06\x01\x00\x08N\xbc\x0eo\
\x83\x00\x00x'\x9d\x0eo\x83\x00\x008'\xdd\x0eo\
\x83\x00\x00\xf4f8\x1d\xde\x06\x01\x00\xd8\x9a\xe1vx\
\x1b\x04\x00\xa0\x91|:\xbc\x0d\x02\x00\xf0\x84|;\xbc\
\x0d\x02\x00PP\x87\xb7A\x00\xa0@\xca\xed\xf06\x08\
\x00\x14\x00\x1d\xbe\x0e\x04\x002\x84\x0e\xdf\x16\x04\x002\
\x80\x0e\xdf\x95\xff\x01\xf0\xc7\xbd{\x1cU+\x1b\x00\x00\
\x00\x00IEND\xaeB`\x82\
\x00\x00\x0f\xaf\
\x89\
PNG\x0d\x0a\x1a\x0a\x00\x00\x00\x0dIHDR\x00\
\x00\x00\x80\x00\x00\x00\x80\x10\x06\x00\x00\x00\x93\xae\xbd\x88\
\x00\x00\x00\x09pHYs\x00\x00.#\x00\x00.#\
\x01x\xa5?v\x00\x00\x06\xa9iTXtXML\
:com.adobe.xmp\x00\x00\
\x00\x00\x00<?xpacket beg\
in=\x22\xef\xbb\xbf\x22 id=\x22W5M\
0MpCehiHzreSzNTc\
zkc9d\x22?> <x:xmpm\
eta xmlns:x=\x22ado\
be:ns:meta/\x22 x:x\
mptk=\x22Adobe XMP \
Core 6.0-c002 79\
.164460, 2020/05\
/12-16:04:17    \
    \x22> <rdf:RDF \
xmlns:rdf=\x22http:\
//www.w3.org/199\
9/02/22-rdf-synt\
ax-ns#\x22> <rdf:De\
scription rdf:ab\
out=\x22\x22 xmlns:xmp\
=\x22http://ns.adob\
e.com/xap/1.0/\x22 \
xmlns:xmpMM=\x22htt\
p://ns.adobe.com\
/xap/1.0/mm/\x22 xm\
lns:stEvt=\x22http:\
//ns.adobe.com/x\
ap/1.0/sType/Res\
ourceEvent#\x22 xml\
ns:photoshop=\x22ht\
tp://ns.adobe.co\
m/photoshop/1.0/\
\x22 xmlns:dc=\x22http\
://purl.org/dc/e\
lements/1.1/\x22 xm\
p:CreatorTool=\x22A\
dobe Photoshop 2\
1.2 (Windows)\x22 x\
mp:CreateDate=\x222\
023-11-07T15:49:\
52+08:00\x22 xmp:Me\
tadataDate=\x222023\
-11-07T15:49:52+\
08:00\x22 xmp:Modif\
yDate=\x222023-11-0\
7T15:49:52+08:00\
\x22 xmpMM:Instance\
ID=\x22xmp.iid:783d\
911f-e890-274e-a\
935-c10a35375bcf\
\x22 xmpMM:Document\
ID=\x22adobe:docid:\
photoshop:5c446c\
cd-d689-a641-b1e\
0-102e13730036\x22 \
xmpMM:OriginalDo\
cumentID=\x22xmp.di\
d:7da4ff96-4102-\
4b44-b1d1-41ce15\
1aebd4\x22 photosho\
p:ColorMode=\x223\x22 \
photoshop:ICCPro\
file=\x22sRGB IEC61\
966-2.1\x22 dc:form\
at=\x22image/png\x22> \
<xmpMM:History> \
<rdf:Seq> <rdf:l\
i stEvt:action=\x22\
created\x22 stEvt:i\
nstanceID=\x22xmp.i\
id:7da4ff96-4102\
-4b44-b1d1-41ce1\
51aebd4\x22 stEvt:w\
hen=\x222023-11-07T\
15:49:52+08:00\x22 \
stEvt:softwareAg\
ent=\x22Adobe Photo\
shop 21.2 (Windo\
ws)\x22/> <rdf:li s\
tEvt:action=\x22sav\
ed\x22 stEvt:instan\
ceID=\x22xmp.iid:78\
3d911f-e890-274e\
-a935-c10a35375b\
cf\x22 stEvt:when=\x22\
2023-11-07T15:49\
:52+08:00\x22 stEvt\
:softwareAgent=\x22\
Adobe Photoshop \
21.2 (Windows)\x22 \
stEvt:changed=\x22/\
\x22/> </rdf:Seq> <\
/xmpMM:History> \
<photoshop:TextL\
ayers> <rdf:Bag>\
 <rdf:li photosh\
op:LayerName=\x22Z\x22\
 photoshop:Layer\
Text=\x22Z\x22/> <rdf:\
li photoshop:Lay\
erName=\x22Y\x22 photo\
shop:LayerText=\x22\
Y\x22/> </rdf:Bag> \
</photoshop:Text\
Layers> </rdf:De\
scription> </rdf\
:RDF> </x:xmpmet\
a> <?xpacket end\
=\x22r\x22?>\xe5?\x1c\xaa\x00\x00\x08\xacID\
ATx\x9c\xed\xddMn\x14G\x14\xc0\xf1\x19\xc4>\
\xc0\x0d\x82O\x10A\xb60\x96\xec\x13D\xe4\x06\xb1\x95\
\x03D6+\xd8a\x8b\x03D8'\x089AdK\
\x1e\xd6\x98#\xd89A 7\x98,\x1e\x0f\xab\xcb3\
\xd3_\xaf\xeaUu\xfd\x7f\x9b\xa7\x99\x90\xa6\xa6\xe9z\
\xf5\xd1U\xdd\xf3\xd5j\xb5Z\xadf\x00\x0c\xcd\xe7\xf3\
\xf9|\xfe|\xa1\x9f\xa5\x9e}X\xfa\x95h\xbd9\x09\
\x00\xb0'\x09\xe0\xf2R?K=\xdb\xdd\xf5,\xd3:\
\xf7\xbc\x0b\x00LI\xb3\xe5_|\x8b\xf2\xbd~\xce\x07\
\x09 Sr\xc1\x1c\x1dK\x5c\xad\xf2\x88\xd7\xd7e\xfe\
\xce\xbd=\xebro\xf7\xfa\xd5\xfa\xef_m\xf8\xde\x91\
\x0e\x01\x88yGqp Q+\xa2\xfe\x17\xebx~\
.\xf1\xf1c\x9f\xdf\xa9\x15\xf6\xe4M\xbfr\x7f\xfeW\
\xe2\xd1\xb1O\xb9\xb5\xe5o+\xe7b\x91\xba|\x1b\xcb\
\xed]\x00b\xbf\xa8\x153n\x22H_\xf1\xb7\xff\xde\
\xa3\xe3\xed\xe5\xd5\xf3\xf0\xf0\x91o9u\xcc\xdfv~\
//\xbd\xcf\xabF\x86\x00\x85\x91\x7f\xb8\x9b\x1b\xf9t\
x\x18\xe7oy\xf8(\xceq\x87\xfat\xb5\xfe\xfb/\
\x9f%\xee\xef\xcby\xd1\xcf\xe9\xc8\x10#\x1c\xf3\xb7\xc9\
gN\x80\x04P(\xb9\xe0/.\xe4\xd3\xd9\x99\xed\xd1\
_\xfcd{\xbc\xb1\x9e<]\xff\xfd\xe9\xdbfB\xf4\
\xb2i\xcc\xdf&\x839\x01\xef.\x08q\x5c\x14:$\
\xd01\xf0\xd8!\x80\x1e\xc7\xafK\xdd\xfc}W\x1f\x9b\
\xe5;?\xcf\xa3\x5c]\xc7\xfcm\xd1oN\x80\x1e@\
\xe1\xe4\x1fR[\xc0\xd3\xb76G\xd5!\x80N:\xa6\
\xd7\x9c\xbd\x0f{\x00\xc7/\xd3\x97h\x9d\xa1-\x7f\xc8\
\xb1'\xe0\x9dI\x896Qh\xc5\xb5\x9a\x1c\xbc\xbe\xf6\
\xfd=z7B\xbf9y\x93\xc7y\xb6j\xf9\xfd{\
\x02\xee\x17.\xd16\x0am\xb9\xad.\xcct\xb7\xd5\x84\
\xb6\xfc\xfaMnC\x92\xae\xb3\xfd}c\xfa\xbb\x03\xee\
\x17,1N\x14V=\x81t\x15P\x84c\xfe\xf4\xf7\
\xf5\xd7\x97+V\xcb\x1f\xc6t=\x01\xe6\x00&\xed\xf4\
\xd4\xe68\xf1\xe7\x04tE\xa0|\xd21\xff\xcd\x8d\x5c\
\xa8\xa7'\xb1\xfe\xde~\xac\xc6\xfcm\x12\xce\x09xg\
Vb\xdc(\xc2\xb1\xf4\xd8h\xb7PHh\x82\x09\xef\
b\xec\xed\xe5q\xfeR\xb5\xfc\xe9{\x02\xf4\x00\xaa`\
\xd5\x13PGG\xb6\xc7\xd3%\xbf\x9a\x08\xfez/\x17\
\xa8\xaes\xf0\x96\xaa\xe5\x0f%\xe8\x09xgXb\x9a\
(\xac{\x02O\x9e\x8e+O8\xd9\xa7\xd1\x7f)\xb2\
\xf0j\xf9\xd3\xf5\x04\xdc/Lb\x9a\xa8\x15\xd6\xf6\xc2\
\x1c\xbe G\xe47\xd9\xd7,_\xac\xd9\xfe\xbe1\xde\
\xdd\x01\xf7\x13ML\x1b\xc5\xbbw\xb6\x17h\xf7\xb1\xba\
\x08oS\xfao\xe6i\x96/\x97\x96?\x8c\xf6=\x01\
\xf7\x0b\x92\x986\x0a]:lua\xb6/\x18\x12\x9b\
&\xfb\x0e\x0e\xbc\xcfK\xb3\x9c\xb9\xb4\xfca\xb4\xef\x09\
\xb8\x9fp\xa2O\x14\xd6=\x81\xcd\x15y\xfd\xdfw\xf5\
\xd1\xfb<4\xcb\x97k\xcb\x1fF\xbb\x9e\x80\xfb\x89'\
\xfaD\xb1\xa9E\x1e\x1a\xefv\xe5\xc5\xa6\xb9\x07\xff\xdb\
|\xcdr\xe6\xda\xf2\x87\xd1\xae'\xc0m\xc0J\xc9\x05\
\xa0\xfb\xe7\xad6\x11\xe9\xd0\x22\x5c0\xf4\xee\xf7\xe6\xe7\
\xb33\xf9\xfb\xfdo\xf3\x0d\xdb\xcf\xef\xcd\xf0y\x02\xde\
\x99\x97\xe8\x1b\x85uO\xe0\xf6\xd1\x5c\xeb\xbf\xf7\xbf\xcd\
\xd7\xfc\xfd\xa5\xb4\xfc\xf6=\x01\xf7\x7f\x00b\x1eq}\
\x85\xb5\x8e\xb9\xdd\xe6+e\xcc\xdf\x16\x87\xcf\x09\xf0^\
\x0044\x9f\xfe\xab]\xfa\xb1tM\xff\xce\x8e\xcd\xf1\
\xc6\x93\xdf\xa9-\x7f)]\xffM\x96K9\xbf\xfd\xdf\
;\xc0\x1c\x00\xd6\xb0^:|\xf6\x87\xed\xf1\x86+s\
\xcc\xdff\xf8\x9c\x00\x09\x00\x0d\xd2\x92\xe83\x06\xbd\x9f\
\xb5\x17\x8b\xd7\xda\xfe\xd8\xfa\xef\x1d \x01`\x8b\xe9$\
\x80i\xb6\xfc\xa1\xfe=\x01\x12\x00*2\xd5\x96?\xd4\
\xbd'@\x02\xc0\xa4\xd5\xd1\xf2\x87\xba\xf7\x04H\x00\xa8\
@--\x7f\xa8\xbd'@\x02\xc0$\xd5\xd9\xf2\x87\xda\
{\x02$\x00LX\xad-\x7fhsO\x80\x04\x80I\
\xa1\xe5_gsO\x80\x04\x80\x09\xa2\xe5_\xefnO\
\x80\x04\x80I\xa0\xe5\xef\xe2nO\x80\x04\x80-\x1e>\
\xb09\xce\xe3\xefm\x8e\xd3\x86\x96\xbf\x9b\xdb\x9e\x00\x09\
\x00[Xm\x06\xb2J$w\xd1\xf2\x0fq\xdb\x13`\
7 \x1a\xe4\xc2\xd0\x07z\xe8#\xbc\xac\xec\xec\xc8\xf5\
f\xb7\xc4xZ\xbb\xfaR[.I\x00\x98\xcdf\xe1\
\xab\xb9\xf4E\x1d\xd6\xf4\x09D\xc7/\x9b\x9b\x8e\xca%\
\xe7mx\x0d\x92\xf30\x9f[\x96\xa9\x0f\x12@%\xe2\
\xec\xf3\x8fE\x1f\x19vx\xe8]\x926$\x00\xa0b\
\xa5'\x00&\x01\x81\x8a\x91\x00\x80\x8a\x91\x00\x80\x8a\x91\
\x00\x80\x8a\xdd\xef\xfa\x07e\xb2\xa3\xedO\xd56\x9d\xa8\
O\xb9\xbd\xbd\xaf\xcd\xa4*Jb\xd4\x03\xd0\x17K\xd4\
\xe2\xf8\xa5\xc4\xe9<3\x0fu2J\x00C\xef+\x7f\
\xba\x92\xa8\x15J[T\xedk\x8c\x8d\xd6\x0bM\xb4\xc2\
\x9f\x9e\xd8\x1e\x17\xf0\xd1y\x08\xb0]\xd7\xb5\xdea\x85\
\x8f\xf5n\xb8\xbd=\x89\xe1;\xea\xc6\xca\x7fa\x0a\xd0\
\x87Q\x02h\xeb\x01hK\x9c\xaa\x02Y\xafa\xd7\xf2\
\xfb\xbf\xcc\x12\xb0\x14y\x0e u\xc5\xd7\xb5\xecVK\
]\xbf\xbd=\xd7\xf8M9@\x1e\xac\x12\xc0w\xcd\xcf\
:V\xd6\xae~lZ\xe1\xad7\xb1\xe8k\xb3\x99\xec\
\xc34E\xea\x01h\x8b\xa9-hl\xd6\x15_\xe7*\
\x98\xec\xc3\xb4u\xde\x0c\xb4}\x1d\xc0\xf9\xb9Dm\x89\
S\xbd\x05\xf6\xc5\xcf\x12\xdf\xffi{\xdc\xa7?J\xd4\
D\xd0\x1d\xeb\x00\xea\xc2f\xa0\xd9lv[\xf1S\xbd\
\x05V{\x1c\xe6]\xfe\xaf-~\xff\x8a\x0f\x94\xc8j\
\x08\xf0@b\xaaY\xf2\xa3\xdf$\xda\xbd\xbf^\xa2\x8e\
\xf9\x81:\x18\x0d\x01Ry\xf2T\xe2\xd5G\xdb\xe3\xea\
]\x8a\xf1\x0b\x87\x18\x02\xd4\xa5\xf4!@a\x09@+\
\xbe&\x82\xb1\xb4\xc7\xb2\xbfos<\x12@mJO\
\x00\x85\xec\x06\xd4\x15}V\x15_\xb1\xb2\x0fu\xcb<\
\x01\xc4\x9a\xecc3\x0f0\x9be?\x04\xd0%\xbdV\
k\xfa\xb5\xc2\xc7\xbbM\xc9\x10\xa0.\x0c\x01\xa2`3\
\x0f\x90B\xa6\x09\x80\xcd<@\x0a\x99%\x006\xf3\x00\
)e\x92\x00\xb4\xc2\xeb\x02\x1f+l\xe6\x01\xb6\xc9d\
\x12P\xd7\xf2\xeb\xda\xfe\xb1t)\xaf\xae\xe9O\x87I\
\xc0\xba0\x098\x8aVx\xab\x8a\xaf\x0e\x7f\xb5=\x1e\
0MN\x09\x80\xcd<@\x0e\x9c\x12\x00\x9by\x80\x1c\
$N\x00\xba\x94Wg\xfb\xad\xa4~\x00\x090\x0d\x89\
\x13\x80u\x97_\xef\xeb{\xbfg^\x7f\x97\xf5\xfa\x05\
 \xaeD\x09@W\xf4\xe9\x0a?+\xb9\xac\xec\xd3\xdf\
u\xf3\x8fo9\x80~\x22'\x80\xa9o\xe6\xd1\xdf\xa7\
C\x1b\x86 (K\xe4\x04\xa0\x15\xdf\xea\xd5a\xb9\xbd\
\x99'\xdc\xab\xe0\x9d\x90\x80~\x22%\x80Z6\xf3\x1c\
\xfc\xd2\xfc\xfc\xe5?\x97b\x00\x03EJ\x00S\xdf\xcc\
\xa3\x89-\xbc\x8dI\x0f\x00e1N\x00S\xdf\xcc\xb3\
\xe9\x05$ZN\xe6\x00P\x16\xe3\xc7\x82O}3\x8f\
\xeeY\x08\xe74r)\x1f\xd0\x8fQ\x02\xb0\x9e\xec\xcb\
\xe5\xcd<\xfa{\xf4\xc5'\x9b\x9eI\xc8\xd8\x1fe\x1a\
\x99\x00\xa6\xba\x99G+\xfa\xf9\xdf\x12\xdb\xd6/\xd0\x03\
@\x99\x06&\x80\xa9m\xe6\x09\x7fO\xdf\xc7\x8f\xb3\x00\
\x08e\xba?\xec\x7f+u3\x8f\xce\xde\x7f[\xc0\xf3\
\x83\xc4\xb1=\x18&\xffP\xa6\x9e\x0f\x04\xd1\x0a\x7f}\
\x1d\xb7X\xa5\xd1\x17\x8b\x5c\x5c\xf0@\x90\xbaT\xf6@\
\x106\xbb\xac\xc7$ \xca\xd4\xb9\x07\x00\xe0\xae\xcaz\
\x00\x00\xa6\x84\x04\xd0\x93d\xfcg\xcf$^^z\x97\
\x07\x18c\xe0]\x80zHE\x7f\xbe\x90O\xaf_I\
\x5c,\xbc\xca\x03X\x22\x01\x04\xa8\xf0\xa8I\xf5\x09\x80\
\x0a\x8f\x9aU\x97\x00\xa8\xf0\xc0\xad\xc9'\x00*<\xb0\
\xd9\xe4\x12\x00\x15\x1e\xe8\xae\xf8\x04@\x85\x07\x86+.\
\x01P\xe1\x01;\xd9'\x00*<\x10Ov\x09\x80\x0a\
\x0f\xa4\xe3\x9e\x00\xa8\xf0\x80\x9f\xe4\x09\x80\x0a\x0f\xe4#\
z\x02\xa0\xc2\x03\xf92O\x00Tx\xa0\x1c\xa3\x13\x00\
\x15\x1e(W\xef\x04@\x85o\x1a\xfbD\x18\xc0Sk\
\x02\xa0\xc2\x03\xd3u'\x01P\xe1\x81z\xdc\xa7\xc2\x03\
\xf5\xfa\xfaL@}(\xa9\xdb\xc3I\x018\xb8'\x8f\
%^.%.v\xe5\xeb\xdd\xaf\xf1\xc3\xd2\xadd\x00\
\xa2k}/\x80\x0c\x11tH\xa0C\x04\x1d2\x00\xe8\
\xc3\xfb=\x00\xa1\xd6\xc7\x82\xd3C\x00\xa6k\xf4\x9b\x81\
j\xef!\xe4\x96\xd1\x81>F\xbf\x18\x84\x1e\x02P.\
\xf37\x03\x91\x10\x80rD\x7f5\x18\x09\x01\xc8W\xf2\
w\x03\x92\x10\x80|\xb8\xbf\x1c\x94\x84\x00\xf8qO\x00\
!\x12\x02\x90Nv\x09 DB\x00\xe2\xc9>\x01\x84\
H\x08\x80\x9d\xe2\x12@\x88\x84\x00\x0cW|\x02\x08\x91\
\x10\x80\xee&\x97\x00B$\x04`\xb3\xc9'\x80\x10\x09\
\x01\xb8U]\x02\x08\x91\x10P\xb3\xea\x13@\x88\x84\x80\
\x9a\x90\x00Z\x90\x100e\xff\x03\x8e\x9a\xfeG\xba\xec\
\xe6r\x00\x00\x00\x00IEND\xaeB`\x82\
\x00\x00\x06\x02\
\x89\
PNG\x0d\x0a\x1a\x0a\x00\x00\x00\x0dIHDR\x00\
\x00\x00\x80\x00\x00\x00\x80\x08\x06\x00\x00\x00\xc3>a\xcb\
\x00\x00\x05\xc9IDATx\x9c\xed\x9d\xcdk\x1ce\
\x1c\xc7\xbf\x93\xcdK5\xd1T\x89\xb4\xd1\xeaA<\xe4\
\x11\xb5\xe2\x0bX\x0f\x0a\xf5\x1fh\xb1\x11\xd1\x8b\x14\xec\
\xa9\xe2\xc5\xb7\x08\xde\xc4j{\xad\xe0\x7f \xbaQ+\
Eo^\x8b\x07E\x88\xc2\xb3H\x04-\x9a\x22\x04I\
_\x926\xd9\xbc\xc8\x13\x9f\x91\x99ggg7eg\
7;\xdf\xef\x07Bgv7\xd9\xdfw\xf7\xbb3\xb3\
\xbbe>\x10B\x08!\x04%Q\x18zjj*\xeb\
q\x18\x06p\xc4\xff\x1c\x02p\xb7\xbfl7s\x0d\xc0\
\x9f\x00~\x02\xf0\x15\x80\xaf\x01\xace\xcdk\xadM\xad\
\x1bc\xfa=\xef9\xf7c\xadm\xc8\x1bE\xe9\xa7\xbc\
\x9d\x02\x1c\x05p\x1a\xc0\x03\x9d\x9f\xb9\xab\xcc\x03x\x1b\
\xc0\x97\xe1\x9d&\x0b`\x8c)U^km*oX\
\x80\x81\x9c?P\x01\xf0\x91\x7f\xc0\xfa\xfd\xc1\x80\xcf\xf0\
\x85\xcfT\x09\xaf4\xc6T\x8c1\xa5\xcb\xeb2\xb9l\
\xcdn4\x98\xf3\x07>\x00\xf0V1\xb3\xf5\x948\x93\
\xdb\x1a$9\x05\xe0M\xa2\xbc\xdb4\xdb\x05\x1c\x03P\
M^\xbeU\x19_\xbb~\xd7\xebs\xf5\xd1\xa7\xee@\
\xb4\xe7\x00\x80\x91\x82\x06\xee\x14\xab\xd1\xe6\xf5\x8b\x83\xcb\
\x17\x96nY<{0\xda\xb8\x1c\xee\xc3\xa7\x01\xcc&\
\x96?/{^k\xedl;\xc7\x00\xee\x17\x7f\x03p\
 \xbe\xac~\xdbs\xff\xac\xec\x9b\x19\x06\x06\xc6\x0a\x0c\
P \x9b\xcb\xb7\xfe}ju\xe8\xeaww&\xee\xe3\
/\x00\xf7\xfbe\x9a\xbc\xb5Z-u`\xd8\xb0o\x98\
\x98\x98x\x11\xc0+\xf1z}\xec\xd9\xfa\xca\xfe\xf7F\
\x81h\xb7\xbf\x02r\x88\x86\xebc\xcf\xec\xa9\xac\xfd\xbe\
^Y\xfb#\xce|;\x80_\x01<\xc8\x94wqq\
q.y\xcb\xac\x83\xc0#\xf1\xc2Ve/V\xf6\xcd\
lem)\xfa\x90\xc8eq\x99\x82\xaclySd\
\x15\xe0\xc9xau\xfc\xa8+\xd3n\x7f\xff\xdb>\xd1\
\xf0\xf0\xea\xdec\xc9\x9b?A\x987EV\x01\xf6\xc7\
\x0b\xebcO\x17=b\xd7\xa9\x8f\x1eJ\xde\xe5$a\
\xde\x14Yo\x03\xff\xdf\xf7m\x0c\xddW\xf4|]g\
s\xe8\xde\xe4]\xa6^\xedly\xd1\xe2\x83\xa0R\x12\
a]y\x13\xe4\x16\xa0R\xbfX\xccT=d\xa0\xbe\
\xa0\xbc\xc9\xeb\xf3\xae\x1c\xbcv\xa1\xd3\xf3\xf4\x9c\xc1\xe5\
\xef\x957An\x01F.\xbb/\xd1p\xa5\x90\xc9z\
\xc3\x95\x91\xa5\xd9\xa6w\xcc\x96\x17\xad\x0a\x10m,\xb9\
\x7f\x8e\xbb\xb7\xc8\x1d\x1e\xac\x17\xb8\x0c\xc7}&\xe5\xf5\
\xb4<\x08\x1c\x9f?\xec\xbeA{\x01\xc0\xd5\xce\xce\xd7\
U\xdc\xec\xd3>K.\x0b\xe7'K\x93\xd7g\xc9\xa5\
\xadw\x01\xe3\xf3\x87g\xfd\xe7\xe6\xee\x1b\xb3_\xdc\xdb\
\xcbB\xc7\xef\x0c\xcb\xfe?G\xbc\xeffo\xe7\xc9\x8f\
Y8?\xd9\xf7y\xdby\xf2\xd1\xe4\xcb\xa0p\xf3W\
\x86\x8fE\x93\xe4n\xde\xad\xb5\xa5\xcak\x8cI\xe5\xad\
\xd5j\xa9|t\x9f\x03\x884*\x009*\x009*\
\x009*\x009*\x009*\x009*\x009*\x00\
9*\x009*\x009*\x009*\x009*\x009\
*\x009*\x009*\x009*\x009*\x009*\
\x009*\x009*\x009*\x009*\x009*\x00\
9*\x009*\x009*\x009*\x009*\x009\
*\x009Y\x05\x08\xcf\x8cQ\x9e3g\x02\xe1\xc9\x9f\
\xd7\xc2\xbc\xde\x16R\x0a\x8c1YySd\x15\xe0R\
\xb0\xfeXY\x1e\x10\x00\x0f\x05\xeb\x97\x08\xf3\xa6\xc8*\
\xc0\x5c\xb0\xfeR1\xb3\xf5\x84\x97\x83;\xfd\x810o\
\x8a\xac\x02\x9c\x0b\xd6O\x008X\xcc|]\xe5\x11\x00\
\xaffdm\xc8k\x8c\xe9\xfb\xbc\xc6\x98fySd\
\x15\xa0\xea\xedS1\xee\xdc\xc1\xdf\x00x\xb4\xd0\x89\x8b\
\xc5\xcd\xfem`\xfdp\x02\x85j\xb3\xbc\xc6\x98\xbe\xcd\
\xebgo\x967E3eL\x83B\xc5\x1f@|\x02\
\xe0S\x00?\xfb\xb3R\xedfF\x01<\xec7\x83'\
2\x0ef\xdd\xa9\xe0\xaa\x89\xe5\xcf\xf2\xf2Zkwu\
^cL\xcb\xbc\xd6\xda\xeaN\xb4q\xa7K*Qr\
\x9cI\x0a\xb1\x9c6\xce\x18\xe3.{\xa3\xb7c\x15\xc6\
\x19k\xedv\xde\x9dh\xe3f\x00\x9c\xed\xc7\xb4-\xf8\
\xd8g\x0by\x87,\xef6y\x05\xd8\x00\xf0\x9a7\x88\
\xcd\x173[W\x99\xf7\xbb\xb6\x93>[\x0ak\xed\x86\
\xb5\xb6ty\xad\xb5']\xb6f7\xda\x89:v\xda\
[D\x1f\x07p\x0f\x80\xa1NO\xdca\xea\xfe\xc0\xe7\
G\xaf\x8e\xad\xeeP\x1d\xdb\xf7y\xdbQ\xc7\xee\xe4\xa3\
\xe0z\xe2\x01\xec\x87\x93)\xaf\x02\xb8\xe1g\xbe\x99S\
\xbd\xf6s\xde\xcc\xa2g\xd1\xb0\x05\xd8\xdaJg-\xbb\
K7\x84\xcd\x1d\xdc\xb4\x00\xde7[F}\xac{r\
\xdf\x0d\xf7\x8b,y\xc3\x02\xe4\xb9\x83\xd9\x5c\xbal\xae\
\xe4m2\xb7\x00\xc6\x18\x1a\x97.\xfe{\xf5S\xb8\x92\
\xe5\x0e\x96;X\xee`\xb9\x83\xe5\x0eN^&wp\
\xc6/\xca\x1d\x5c\x16\xe4\x0enD\xee\xe04r\x07'\
\x90;\x98\x00\xb9\x83\xd3\xc8\x1d\x9c@\xee\xe0\x00\xb9\x83\
\xfb\x1f\xb9\x83\xd3\xc8\x1d\x1c wp\x02\xb9\x833`\
s\xe9\xca\x1d\x9c\x01\x93K\x17r\x07\xa7\xdd\xc1ew\
\xe9\x86\xc8\x1d,\xa8P\x01\xc8Q\x01\xc8Q\x01\xc8Q\
\x01\xc8Q\x01\xc8Q\x01\xc8Q\x01\xc8Q\x01\xc8Q\x01\
\xc8Q\x01\xc8Q\x01\xc8Q\x01\xc8Q\x01\xc8Q\x01\xc8\
Q\x01\xc8Q\x01\xc8Q\x01\xc8Q\x01\xc8Q\x01\xc8Q\
\x01\xc8Q\x01\xc8Q\x01\xc8Q\x01\xc8Q\x01\xc8Q\x01\
\xc8Q\x01\xc8Q\x01\xc8Q\x01\xc8Q\x01\xc8Q\x01\xc8\
i\xe9\x0e&p\xe9\xca\x1d\x1c wpy\x90;8\
@\xee\xe0\x80\xb6\xdc\xc1%w\xe9\xca\x1d\x1c\xc0\xe6\xd2\
\x95;8\x89W\xc6\xd0\xb8t\xfdm[\xba\x92i\xdc\
\xc1\x09k\x18\x85K7\xc6\x18SjW\xf2\xcd\xb8\x83\
\xd9\x5c\xbal\xae\xe4m\xda\x11G>\x0f\xe0\xc3\x92\x88\
\x14gbSX3\xca\x9e\xb7\xed]@\x922\xbbt\
\xb3`r\x07\x0b!\x84\x10\x82\x10\x00\xff\x02\x5c\xda\xdd\
\xa3R\x00M\x85\x00\x00\x00\x00IEND\xaeB`\
\x82\
\x00\x00\x10\xba\
\x89\
PNG\x0d\x0a\x1a\x0a\x00\x00\x00\x0dIHDR\x00\
\x00\x00\x80\x00\x00\x00\x80\x10\x06\x00\x00\x00\x93\xae\xbd\x88\
\x00\x00\x00\x09pHYs\x00\x00.#\x00\x00.#\
\x01x\xa5?v\x00\x00\x06\xa9iTXtXML\
:com.adobe.xmp\x00\x00\
\x00\x00\x00<?xpacket beg\
in=\x22\xef\xbb\xbf\x22 id=\x22W5M\
0MpCehiHzreSzNTc\
zkc9d\x22?> <x:xmpm\
eta xmlns:x=\x22ado\
be:ns:meta/\x22 x:x\
mptk=\x22Adobe XMP \
Core 6.0-c002 79\
.164460, 2020/05\
/12-16:04:17    \
    \x22> <rdf:RDF \
xmlns:rdf=\x22http:\
//www.w3.org/199\
9/02/22-rdf-synt\
ax-ns#\x22> <rdf:De\
scription rdf:ab\
out=\x22\x22 xmlns:xmp\
=\x22http://ns.adob\
e.com/xap/1.0/\x22 \
xmlns:xmpMM=\x22htt\
p://ns.adobe.com\
/xap/1.0/mm/\x22 xm\
lns:stEvt=\x22http:\
//ns.adobe.com/x\
ap/1.0/sType/Res\
ourceEvent#\x22 xml\
ns:photoshop=\x22ht\
tp://ns.adobe.co\
m/photoshop/1.0/\
\x22 xmlns:dc=\x22http\
://purl.org/dc/e\
lements/1.1/\x22 xm\
p:CreatorTool=\x22A\
dobe Photoshop 2\
1.2 (Windows)\x22 x\
mp:CreateDate=\x222\
023-11-07T15:43:\
50+08:00\x22 xmp:Me\
tadataDate=\x222023\
-11-07T15:43:50+\
08:00\x22 xmp:Modif\
yDate=\x222023-11-0\
7T15:43:50+08:00\
\x22 xmpMM:Instance\
ID=\x22xmp.iid:b8d2\
9817-e9ef-af4e-b\
d7f-ee98ad0ad44c\
\x22 xmpMM:Document\
ID=\x22adobe:docid:\
photoshop:a93cb5\
58-af0b-3549-859\
1-b8447df51f78\x22 \
xmpMM:OriginalDo\
cumentID=\x22xmp.di\
d:f6c6aa6c-9336-\
2749-b70e-684a37\
603aba\x22 photosho\
p:ColorMode=\x223\x22 \
photoshop:ICCPro\
file=\x22sRGB IEC61\
966-2.1\x22 dc:form\
at=\x22image/png\x22> \
<xmpMM:History> \
<rdf:Seq> <rdf:l\
i stEvt:action=\x22\
created\x22 stEvt:i\
nstanceID=\x22xmp.i\
id:f6c6aa6c-9336\
-2749-b70e-684a3\
7603aba\x22 stEvt:w\
hen=\x222023-11-07T\
15:43:50+08:00\x22 \
stEvt:softwareAg\
ent=\x22Adobe Photo\
shop 21.2 (Windo\
ws)\x22/> <rdf:li s\
tEvt:action=\x22sav\
ed\x22 stEvt:instan\
ceID=\x22xmp.iid:b8\
d29817-e9ef-af4e\
-bd7f-ee98ad0ad4\
4c\x22 stEvt:when=\x22\
2023-11-07T15:43\
:50+08:00\x22 stEvt\
:softwareAgent=\x22\
Adobe Photoshop \
21.2 (Windows)\x22 \
stEvt:changed=\x22/\
\x22/> </rdf:Seq> <\
/xmpMM:History> \
<photoshop:TextL\
ayers> <rdf:Bag>\
 <rdf:li photosh\
op:LayerName=\x22X\x22\
 photoshop:Layer\
Text=\x22X\x22/> <rdf:\
li photoshop:Lay\
erName=\x22Z\x22 photo\
shop:LayerText=\x22\
Z\x22/> </rdf:Bag> \
</photoshop:Text\
Layers> </rdf:De\
scription> </rdf\
:RDF> </x:xmpmet\
a> <?xpacket end\
=\x22r\x22?>\x18\x0c\xc5\xb4\x00\x00\x09\xb7ID\
ATx\x9c\xed\x9dMr\x1c\xc7\x11F1\x0a\xed-\
\xe8\x08\xc4\x09\x1c\x02\xd7\x02#\x80\xf0\x09,\xdf\x80\x08\
\x1f\xc0Ap%i%\x22t\x02\xc0'\xb0\xe4\x0b8\
\xc0\x08\x8c\xd6\xa2\x8e@\xf8\x04\x96|\x03x\x91\xfaH\
waj\xba\xa7;\xab*\xbb\xfb\xbd\xcd\x17\x03\x82=\
\xd5\xd5\xc8\xac\xcc\xac\x9f\xde<>>>>>\x1e\x85\
c\xb3\xd9l6\x9b/\xcf\xf4\xd9\xda\xf9\xd3\xb6]\x8b\
\x00\x96\xc7&\xb6\x03\xb8\xbf\xd7gk\xe7\x8b\x17-\xdb\
\x04\xb04>i\xdd\x80\x94\xee\xc8\x7f\xf6A\xed\xe7\xfa\
\x0c\x00\x1e\x84\x8b\x00\xba#\x7fj\xf0\xdb\xed\xdc\x22\x01\
\xbb\x9fH=\x5c\x83\x93\x13{N\x0f\x0f\xad[\x02\xfb\
\x09\x13\x01\xec\x1e\xf9S\xe6\x13\x09X;\x8f?o\xdd\
\x8e\xba\x5c\xbd\xc6\xf0\xe7E\x18\x07`|\xf3\xf5\xb0\xdf\
\xfbz\xe0\xef\xb5\xe6\xd9\xb3q\xff\xef\x97w\xa6W\xaf\
M5\xa2n6S\xd5\xaew{;\xfd\xde\xfe\x9f\x87\
\x07\xbb\xfe\xf5\x1b\xdf\xebBq\x94\x02\xb4RC#\xbf\
~2T\xcf\xceZ\xb7\x7f\xff}\x9d\x9f\x0f\xbb\x8fw\
?\xeb\xf7c\xb4\xe7P-\xd7n\xb4\xac\x06\x89\x00\x86\
\x8e\xfc)\xd1#\x81\xbe\x08\xe0\xf6\xd6\x1e\xc4\xe9s\xd3\
\xb7o\xcb\xb6\xe7\xe6\xc6\xf7zj\x7f\xe9vC)\x9a\
9\x80a9\x7f\x1f\xd1k\x02\xb9\x1a\x80\x0c\xe7\xf2\xb2\
t\x0b\xac\x7f^]\xd9\xa7\xb1)I\xcao\xbf\x9a^\
_\xfb\x5c\x0fZ\xd18\x02\x18;\xf2\xa7D\x8d\x04\x8e\
\xff\xd0\xfd\xac\xe2\x98r\xfbr\x98\xe1\xcb\xe0\xdf|\xe7\
{\xf5\xeb\xef\xcd\x81Q\xec\x9b;\xd5\x1d\x80\xcf\xc8\x9f\
\x125\x12H#\x80\xebk3\x1c\x8d\xa0\xa5\xf16\xfc\
_\xdeY\xfb)\xf6-\x85\xea\xeb\x00\xf6\xcf\xf3O%\
\xce:\x01\xbb\xcf\xbb;\xfb\xf4\xec\x99\xb5\xeb\xe4\xa4\xce\
\xf7\xfe\xf9+\xfb\xf4\xc3?|\xaf\xaeZ\x85f)`\
\xeeT\x8b\x00\xca\x8c\xfc)\xd1\x22\x01\x85\xe0\xb7\x7f/\
\xfdM\xddu\x07\xee!\xff\x1b\x0c\x7f\x99TN\x01\xbc\
r\xfe>\xa2\xd4\x04\x8e?3\xadU%\x7f\xf57S\
\xafb\x9fr\xfc\xeb\xef}\xae\x07\xd1(\x9e\x02tG\
\xfe\xed}\xb9o\xda\xc5\x8b\x17v\x7f\xdbm\xdd\xef\xad\
\x87\xf5\xef\x17\xa7\xf6I\xeb\x09\xbc\xb8\xbc\xb4\xfe\xf3^\
8\x04Q\xa8\xe4\x00J\xe5\xfc}\xc4\xa9\x09\x94\xc2\xfa\
W\x86/G0\x95\xb7o\xad\xdf..|\xae\x07Q\
)\x96\x02\xd4\xc9\xf9\xfb\x88V\x13\xf0\xc3\xee\xeb\xe5K\
\xfb\xe4e\xf8\xa2\xfc\xfa\x04\x88A\xe1\x1a@\xad\x9c\xbf\
\x8f(5\x81\xe9\x94-\xf6\xb1\x99gm\xb8\xa7\x00m\
s\xfe>\xe6_\x13\xb0\xfe\xd5\x92^E\x00S\xd1f\
\x9e\xf2\xd3\x94\x10\x8bB\x11@\x94\x91?e\xbe\x91\x80\
\x19\xbe6\xf3x\x19\xbe \xe4_+n\x0e F\xce\
\xdf\xc7\xdck\x02l\xe6\x01_\x9c#\x80\xa8#\x7f\xca\
|\x22\x016\xf3@I&;\x80y\x8c\xfc)\xf1#\
\x81\xeef\x1e-\xf0\xf1\x82\xcd<`L.\x02\xb6\x9d\
\xe7\x9fJ\xdcu\x02\xd6\xafZ\xcb\xaf\xb5\xfdS\xd1f\
\x9e\xd3\xe7>\xd7\x83\xb93:\x02\x98\xe7\xc8\x9f\x12/\
\x12\xe8n\xe6\xf12|q\xf9W\xdf\xeb\xc1\xdc\x99\x98\
\x02\xcc%\xe7\xef\xa3}M\x80\xcd<\xd0\x82\x83\x1d\xc0\
2F\xfe\x94(\x91\x00\x9by\xa0.##\x80\xa5\x8c\
\xfc)\xf5#\x81\xeef\x1eU\xfb\xbd\xa8}\x00\x09\xcc\
\x8e\xdci\xa1\xa9\x1acO\xef\x9d\x9b\xd6;m\xd8\xd0\
\xc1!^\xed\xbf\xbb\xab\xd5\xfe\xfd\xf7\xa5T\xe6\xe6\xa6\
u{\xd0\xddz`\x04\xb0\xd4\x91?\xa5|$\xd0\xdd\
\xcc\xa3\x15~^DY\xd9\xa7\xfbz\xf8w\xdbv@\
\x8e^\x07\xb0\xcc\x9c\xbf\x8fr5\x81\xa5o\xe6\xe9\xde\
\x9fR\x1bR\x90\xa8\x0c\x8c\x00\xd62\xf2\xa7\x94\x8a\x04\
d\xf8^\xaf\x0e\x8b\xf6f\x9et\xaf\x02\x0b\x8e\xc2\x92\
\xcb\x0d\x8c\xb5\xe4\xfc\xe5k\x02\xc6\xf2\xdf\xccc\xbc\x7f\
\xdfm\xdf\x17\xa7\xad\xdb\x85\xee\xd6\x9e\x07\xa9\x15~\xad\
\x0d\xb0\xb5\xde\xdfO\xee\xe8\xa3\xa3\xa3\xa7\x861U\xe3\
\x14\xd7\x0c\x8d\xfci;\x8f?o\xdd>t\xb7f\x1e\
$#\xffn=<\x1204\xbd\xe7\xd5\x8e_\xffc\
\xaa\xe3\xc6[\x1b\xbe\xd6-\xa8]\x1f\xdb\xd9\xba}\xe8\
~\xcd<PF\xfe\xdd:<\x120r\x861U_\
]\xb5\xfe\xc3\xe9\xde\xa7\xce$L\xdb\xf9\xee\xe7\xd6\xed\
C\xf7k\xf2 \x19\xf9\x87i\x7f$`h3\x8f\xd7\
\xf7\xb67(C\xc5\xcb\xbe\xf5\x0b\xed\xd7#\xa0\xfb5\
y\xb0\x8c\xfc\xc34\x1f\x09\x18\xda\xc4\xe3\xfd\xbd\xed\x8a\
i\xfa~\xd3\xdc\x88\x9fj\x9c\x1a\x05\xba[\x7f\x87\x91\
\x7f\x9c~\x8c\x04\x0c\x8d\x8c\xde\xc5\xbe7\xdf\xb5\xf9\xc3\
H\xd7+\x1c\xda\xee8\xa9\x0a\xba[?\xb5\x07\xb5\xd6\
y\xfe\xa9h\x9d\x80\x0e\x19\x9d\xdff\x9e\xee\x8a\xc4\x0f\
\x0bx\xfeh:u;2\x0b\x80\xa2S\xfd\xe5\xa0O\
\x1a\xb0\xd9l6\x9b\xf1-\xb0\xf6o6\x9em:\x84\
\xee\xc9=\x1a\xf9\xc1\xb8\xb8\xb0\xe7\xc3\x99\x83Q\xa9\xfe\
z\xf0e\xe2}X\xe7R\xf8\xed\xbf\xad[\x00\xfb!\
\x02\x00X1D\x00\x00+\x06\x07\x00\xb0bp\x00\x10\
\x12K\x0d\xa5wwJ\x15c\xe9\xcb\x97\xddv\xf6\xe9\
\xfb\xf7u\xdbw~\xae\xef\xcf\xd2z\x1eR\xad\x18\xab\
\xad\xdb\x8f\x96\xd1\xddhZ\xd2\xfb\x04\xa5\x9cj\x09\xb7\
\xf7\xe9\xccB\xd7\x1d\xba\xb0*\xd7>\xed5\xc9o/\
\xcf\xf6s\x8c\x07\x8d\x03@\xbb:\x0c\xef\xa5\xd6\xa9z\
\x1f\xd8\x92C\x86;t\xcf\x88\x1c\xe0\xf0\xf3$r\xfd\
L\x0a\x003\xe6\xab\xbf\x98\xce\xfd\xc0\x11-\x98\xfa\xf1\
\x9f\xfb\x7fO\xc7\xba_\x5ct\xff\xdfxp\x00\xb0\x00\
\xe4\x08\xbcIWH\x96\xe6\xf8\xb3\xdd?\x97\x83\xbb\xf8\
\x93\xf77\xe2\x00`\x01hd\xf4>\x12\xad\xd4\xd9\x8d\
)ZI\x9a\xd6\x1a4\xc2\xfb\x8d\xf8O\x88\x91\xebQ\
\x03@\xbb:\x0d\xef\xcdX\xd2R\xc5\xc0\x5c-\xc3\xef\
\xfb\xb2\xfd\x1c\xe3A\xe3\x00\xd0\xaeNC\xdb\x96\xbd\x1d\
\x80\x1c\x8bWJ\x90\xdb6\xee\xfd\x82\x18\x1c\x00:3\
\xf5a\xec6\xe6>\x9d\xba\xf7#wR\x94\x22\x01\x7f\
\xb2\xfd\x1c\xe3A\xe3\x00\xd0\xae\xfa2v\x9e\xbdO\xc7\
\x86\xe8i{\xf4\xb9\x1c\xb9~\xa6\x08\x08+\xa0\xd4k\
\xd1\x0f}\xbf\x83F\xf8\xf4\x85)\xa5f1\xfa\xc1\x01\
\xc0\x0a\xd0,\xc1\xd5k\xdf\xeb*\x94\xef\x9b%PN\
\x9fF\x0c\x9a\xd6k\xb8\x8e!F\xa8G\x0a\x80v\xb5\
,\xb5R\x82zE\xbe>\xb2\xfd\x1c\xe3A\xe3\x00\xd0\
\xae\x96\xa5\xf4,\x81\xae\x9f\x16\xf9j--~J\xae\
\x9f9\x10\x04B\xd2\xbb\x8b\xcd\x05\x8d\xc4\xa5\x0dS)\
\xc8\xe9\xf3\xb2\xdf\x93'g\xe78\x00\x08I\x1d\x07 \
\x94\x12h\xe4\xf6B\xb9\xbd\x0c\xbf\xdd!\xa99;\xa7\
\x08\x08Pl\x96 >8\x00\x80\xe2\xb3\x04:.>\
\x1e\xa4\x00\x10\x92\xba)@J\xa9\x94@\x9bz\xea\x1f\
\x93N\x0a\x000\x98R)\x81\x96\x10\xd7\xda^\xdc\x0f\
\x0e\x00\xe0\x09\xebI\x09H\x01 $mS\x80\x14\xcd\
\xef{\xbd\xf2M\xd4K\x09H\x01\x00\x0eF\xeb\x04\xbc\
\x0d_\xb4O\x09p\x00\x00OP\xf1/] \xa4\xd4\
\xc0\x8b\xf6)\x01\x0e\x00\xe0\x032\xc8\xbb\x7fu\x7f\xfe\
\xe3\x0f\xa6Z\xd0\xe3\xed\x08\x14i\x9c\x9f\xfb^\xb7\x1f\
j\x00\x10\x9265\x80t\xfa/\xb7\x84W\xff\xee\xbd\
\x8f_+\x07ON|\xafK\x0d\x00`\x0f\xe9>}\
\x19bn\x9f~\xeb\xed\xc5\x8e\xd4\xde\xe5\x95\xaaZ1\
V[\xb7\x1f-\xa3uP\xe8\x9d\xfe]\x1d\xba\x00\xa8\
\xd4\xf6b\xbf\x85H\xd9~\x8e\xf1\xa0q\x00hW\xcb\
\x92\xdb\xa7\xaf\xf7\x00\x1cJ\xe9\xed\xc5\xd3\xc9\xf6s\x8c\
\x07\x8d\x03@\xbbZ\x86\xd2\xfb\xf4s\x11\xc5T\x9d\xde\
\xbe\x5c?S\x04\x84\x90\xf8\x16\x015\xcf\xaeP]\xb9\
\xb6\x16\xe0hA\x8e\x17\xa5\xf6\x12\x8c\x9f\x85\xc8\xd99\
\x0e\x00B\xe2\xeb\x00\xf42MM\xb3\x95\xde\xa7/\x07\
\xe3\x17\xc2\x1b\xe3g\x09rv\xce,\x00,\x18\x85\xce\
\xe9\xfc\xba\xaa\xf7\xa5\x0e\xe8\x90\xa1\x16\xdbK\xe0w\xa6\
`\x8c\x5c\x8f\x1a\x00\xda\xd5i\xe4r\xf1\xa9/\xf4\x18\
K\xfbY\x82l?\xc7x\xd08\x00\xb4\xab\xe3P\x15\
\x7f\xba\xc1\xf8\xa2\x08\xc4\xdb\x01\x0cO1r\xfdL\x0a\
\x00\x0b@\x86\xdf7\xc2\xb7:\x7f_\xc5\xc6R{\x09\
\xc6G68\x00\x981\x0a\xf5\x87\x1a\xc0\xd8y\xfe\xe8\
\xe8\xbeF\xd4\x06b\x84z\xa4\x00hW\xbb(t\xd7\
\x1f\xf8\xd4\xd7\x7f\xcba\x94N\x09\x14\xfa\xe7^\xff]\
J\xd3\xa5\xcd{\xfa9\xc6\x83\xc6\x01\xa0]5d\xa8\
\xb5\x0cG:v\xff\x7f\xa9\x5c\x7f\xaa\xde\xdc\xe4\xfa\x99\
u\x00\x00+\x86\x1a\x00\xc0\x8a\xc1\x01\x00\xac\x18\x1c\x00\
\xc0\x8a\xc1\x01\xc0\xac\xb1\x1a\xd2\xfd\xbd\xe9\x97g\xad\xdb\
37p\x00\xb0\x00\xce\xceL\xb7\xf78\x84\xc3\xc0\x01\
\xc0\x02\xc1!\x0c\x05\x07\x00+\x00\x87\x90\x03\x07\x00+\
\x04\x87 p\x00\x00+v\x088\x00\x80'\xac\xc7!\
\xe0\x00\x00zY\xaeC\xc0\x01\x00\x1c\xccr\x1c\x02\x0e\
\x00`2\xf3u\x088\x00\x00w\xe6\xe3\x10p\x00\x00\
\xc5\x89\xeb\x10p\x00\x00\xd5\x89\xe3\x10p\x00\x00\xcdi\
\xe7\x10p\x00\x00\xe1\xa8\xe7\x10p\x00\x00\xe1)\xe7\x10\
f\x7f& \x00l\xb7\xa6\xdf|k\xf6\xfc\xd3v\xe8\
\xff$\x02\x00\x98=\xe3#\x04\x1c\x00\xc0\xe2\x18\xee\x10\
H\x01\x00V\xc7\xc7\x94\x81\x08\x00`u|\xf2\xbb\xdd\
o\x8e>m\xdb\x10\x00(\x8f\x8a\x82*\x12*\x02\x08\
\x90\x02\xa4\x90\x12\x00L%o\xf0)D\x00\x00\xb3g\
\xb8\xc1\xa7\x84\x8b\x00\x00\x0ea\x9d\x11\xe3x\x83O!\
\x02\x00\x08\x8f\x9f\xc1\xa7\xe0\x00\x00\xc2Q\xce\xe0Sp\
\x00\x00\xcd\xa9g\xf0)8\x00\x80\xea\xb43\xf8\x14\x1c\
\x00@q\xe2\x18|\x0a\x0e\x00\xc0\x9d\xb8\x06\x9f\x82\x03\
\x00\x98\xcc|\x0c>\x05\x07\x00p0\xf35\xf8\x14\x1c\
\x00@/\xcb1\xf8\x14\x1c\x00\xc0\x13\x96k\xf0)8\
\x00\x80\x15\x19|\x0a\x0e\x00V\xc8z\x0d>\x05\x07\x00\
+\x00\x83\xcf\x81\x03\x80\x05\x82\xc1\x0f\x05\x07\x00\x0b\x00\
\x83\x1f\xcb\xff\x00,\x97\xa4\xe8\xa5\x03\x84L\x00\x00\x00\
\x00IEND\xaeB`\x82\
"

qt_resource_name = b"\
\x00\x05\
\x00p7\xd5\
\x00i\
\x00m\x00a\x00g\x00e\
\x00\x06\
\x07\x03}\xc3\
\x00i\
\x00m\x00a\x00g\x00e\x00s\
\x00\x14\
\x0fw\xf6\xe7\
\x00T\
\x00o\x00o\x00l\x00R\x00e\x00n\x00d\x00e\x00r\x00N\x00o\x00r\x00m\x00a\x00l\x00.\
\x00p\x00n\x00g\
\x00\x12\
\x06\xd5\xe4'\
\x00T\
\x00a\x00s\x00k\x00I\x00m\x00p\x00o\x00r\x00t\x00T\x00a\x00s\x00k\x00.\x00p\x00n\
\x00g\
\x00\x19\
\x04\x01m\xe7\
\x00T\
\x00o\x00o\x00l\x00S\x00e\x00l\x00e\x00c\x00t\x00i\x00o\x00n\x00F\x00r\x00o\x00m\
\x00F\x00a\x00c\x00e\x00.\x00p\x00n\x00g\
\x00\x16\
\x0b4\xfc\xc7\
\x00M\
\x00a\x00n\x00a\x00g\x00e\x00r\x00I\x00m\x00p\x00o\x00r\x00t\x00M\x00o\x00d\x00e\
\x00l\x00.\x00p\x00n\x00g\
\x00\x16\
\x02\xf2\xe7\xe7\
\x00M\
\x00a\x00n\x00a\x00g\x00e\x00r\x00C\x00r\x00e\x00a\x00t\x00e\x00M\x00o\x00d\x00e\
\x00l\x00.\x00p\x00n\x00g\
\x00\x18\
\x0d\x1fDg\
\x00T\
\x00o\x00o\x00l\x00R\x00e\x00n\x00d\x00e\x00r\x00V\x00i\x00s\x00i\x00b\x00i\x00l\
\x00i\x00t\x00y\x00.\x00p\x00n\x00g\
\x00\x17\
\x0c\xf0\xadg\
\x00T\
\x00o\x00o\x00l\x00R\x00e\x00n\x00d\x00e\x00r\x00W\x00i\x00r\x00e\x00f\x00r\x00a\
\x00m\x00e\x00.\x00p\x00n\x00g\
\x00 \
\x08\xb7\xfe\x07\
\x00T\
\x00o\x00o\x00l\x00O\x00p\x00t\x00i\x00m\x00i\x00z\x00a\x00t\x00i\x00o\x00n\x00B\
\x00i\x00n\x00a\x00r\x00y\x00z\x00a\x00t\x00i\x00o\x00n\x00.\x00p\x00n\x00g\
\x00\x12\
\x03*\x83\xa7\
\x00T\
\x00o\x00o\x00l\x00S\x00e\x00l\x00e\x00c\x00t\x00N\x00o\x00d\x00e\x00.\x00p\x00n\
\x00g\
\x00\x16\
\x05>>\xc7\
\x00M\
\x00a\x00n\x00a\x00g\x00e\x00r\x00R\x00e\x00m\x00o\x00v\x00e\x00M\x00o\x00d\x00e\
\x00l\x00.\x00p\x00n\x00g\
\x00\x14\
\x04z\x5c\x87\
\x00T\
\x00o\x00o\x00l\x00F\x00u\x00n\x00c\x00t\x00i\x00o\x00n\x00T\x00a\x00s\x00k\x00.\
\x00p\x00n\x00g\
\x00\x15\
\x09#\xde\xe7\
\x00T\
\x00o\x00o\x00l\x00S\x00e\x00l\x00e\x00c\x00t\x00E\x00l\x00e\x00m\x00e\x00n\x00t\
\x00.\x00p\x00n\x00g\
\x00\x16\
\x0d`>\xc7\
\x00M\
\x00a\x00n\x00a\x00g\x00e\x00r\x00R\x00e\x00n\x00a\x00m\x00e\x00M\x00o\x00d\x00e\
\x00l\x00.\x00p\x00n\x00g\
\x00\x1c\
\x0f${\x07\
\x00T\
\x00o\x00o\x00l\x00F\x00u\x00n\x00c\x00t\x00i\x00o\x00n\x00C\x00l\x00e\x00a\x00r\
\x00M\x00e\x00s\x00s\x00a\x00g\x00e\x00.\x00p\x00n\x00g\
\x00\x11\
\x0f\x0a\x00'\
\x00T\
\x00o\x00o\x00l\x00V\x00i\x00e\x00w\x00s\x00B\x00a\x00c\x00k\x00.\x00p\x00n\x00g\
\
\x00\x13\
\x07\xa5\xe3\xc7\
\x00T\
\x00o\x00o\x00l\x00R\x00e\x00n\x00d\x00e\x00r\x00C\x00o\x00l\x00o\x00r\x00.\x00p\
\x00n\x00g\
\x00\x1c\
\x08\xf7\xeb'\
\x00T\
\x00o\x00o\x00l\x00F\x00u\x00n\x00c\x00t\x00i\x00o\x00n\x00O\x00p\x00t\x00i\x00m\
\x00i\x00z\x00a\x00t\x00i\x00o\x00n\x00.\x00p\x00n\x00g\
\x00\x12\
\x01\xddf\xa7\
\x00M\
\x00o\x00d\x00u\x00l\x00e\x00P\x00o\x00s\x00i\x00t\x00i\x00o\x00n\x00.\x00p\x00n\
\x00g\
\x00\x1b\
\x06\x18BG\
\x00M\
\x00a\x00n\x00a\x00g\x00e\x00r\x00C\x00h\x00a\x00n\x00g\x00e\x00R\x00e\x00s\x00u\
\x00l\x00t\x00M\x00o\x00d\x00e\x00.\x00p\x00n\x00g\
\x00\x12\
\x0a\xd7_'\
\x00T\
\x00o\x00o\x00l\x00R\x00e\x00n\x00d\x00e\x00r\x00M\x00e\x00s\x00h\x00.\x00p\x00n\
\x00g\
\x00\x17\
\x08H\xa1\xa7\
\x00M\
\x00a\x00n\x00a\x00g\x00e\x00r\x00O\x00p\x00e\x00n\x00D\x00a\x00t\x00a\x00b\x00a\
\x00s\x00e\x00.\x00p\x00n\x00g\
\x00\x19\
\x0e\xc1m\x07\
\x00T\
\x00o\x00o\x00l\x00S\x00e\x00l\x00e\x00c\x00t\x00i\x00o\x00n\x00F\x00r\x00o\x00m\
\x00E\x00d\x00g\x00e\x00.\x00p\x00n\x00g\
\x00\x19\
\x0c\xddmg\
\x00T\
\x00o\x00o\x00l\x00S\x00e\x00l\x00e\x00c\x00t\x00i\x00o\x00n\x00F\x00r\x00o\x00m\
\x00A\x00r\x00e\x00a\x00.\x00p\x00n\x00g\
\x00\x15\
\x08*\x99\x87\
\x00T\
\x00o\x00o\x00l\x00S\x00h\x00o\x00w\x00V\x00i\x00e\x00w\x00p\x00o\x00r\x00t\x00s\
\x00.\x00p\x00n\x00g\
\x00\x0b\
\x0a\xf1\xbe\xa7\
\x00A\
\x00p\x00p\x00I\x00c\x00o\x00n\x00.\x00p\x00n\x00g\
\x00\x10\
\x0e\x8e\x12'\
\x00T\
\x00o\x00o\x00l\x00V\x00i\x00e\x00w\x00s\x00F\x00i\x00t\x00.\x00p\x00n\x00g\
\x00\x18\
\x03\xaf\xfc\x87\
\x00M\
\x00a\x00n\x00a\x00g\x00e\x00r\x00C\x00l\x00o\x00s\x00e\x00D\x00a\x00t\x00a\x00b\
\x00a\x00s\x00e\x00.\x00p\x00n\x00g\
\x00\x15\
\x008Q\x87\
\x00T\
\x00o\x00o\x00l\x00R\x00e\x00n\x00d\x00e\x00r\x00O\x00p\x00a\x00c\x00i\x00t\x00y\
\x00.\x00p\x00n\x00g\
\x00\x1b\
\x09\x82\xf4\xe7\
\x00T\
\x00o\x00o\x00l\x00S\x00e\x00l\x00e\x00c\x00t\x00i\x00o\x00n\x00F\x00r\x00o\x00m\
\x00E\x00n\x00t\x00i\x00t\x00y\x00.\x00p\x00n\x00g\
\x00\x11\
\x03C\x0fg\
\x00T\
\x00o\x00o\x00l\x00V\x00i\x00e\x00w\x00s\x00L\x00e\x00f\x00t\x00.\x00p\x00n\x00g\
\
\x00\x10\
\x03+\x12\xc7\
\x00T\
\x00o\x00o\x00l\x00V\x00i\x00e\x00w\x00s\x00I\x00s\x00o\x00.\x00p\x00n\x00g\
\x00\x12\
\x0fQ|\x87\
\x00T\
\x00a\x00s\x00k\x00C\x00r\x00e\x00a\x00t\x00e\x00T\x00a\x00s\x00k\x00.\x00p\x00n\
\x00g\
\x00\x12\
\x07\xe9\xd4\xe7\
\x00M\
\x00a\x00n\x00a\x00g\x00e\x00V\x00i\x00e\x00w\x00p\x00o\x00r\x00t\x00.\x00p\x00n\
\x00g\
\x00\x10\
\x08\xea\x13\xc7\
\x00T\
\x00o\x00o\x00l\x00V\x00i\x00e\x00w\x00s\x00T\x00o\x00p\x00.\x00p\x00n\x00g\
\x00\x12\
\x0f\x12+g\
\x00T\
\x00o\x00o\x00l\x00V\x00i\x00e\x00w\x00s\x00F\x00r\x00o\x00n\x00t\x00.\x00p\x00n\
\x00g\
\x00\x12\
\x04\xb3\xc1\xa7\
\x00T\
\x00o\x00o\x00l\x00V\x00i\x00e\x00w\x00s\x00R\x00i\x00g\x00h\x00t\x00.\x00p\x00n\
\x00g\
\x00\x15\
\x08&H\x07\
\x00T\
\x00o\x00o\x00l\x00T\x00i\x00l\x00e\x00V\x00i\x00e\x00w\x00p\x00o\x00r\x00t\x00s\
\x00.\x00p\x00n\x00g\
\x00\x13\
\x0f\x0b\x0b\x07\
\x00T\
\x00o\x00o\x00l\x00V\x00i\x00e\x00w\x00s\x00B\x00o\x00t\x00t\x00o\x00m\x00.\x00p\
\x00n\x00g\
"

qt_resource_struct = b"\
\x00\x00\x00\x00\x00\x02\x00\x00\x00\x01\x00\x00\x00\x01\
\x00\x00\x00\x00\x00\x00\x00\x00\
\x00\x00\x00\x00\x00\x02\x00\x00\x00\x01\x00\x00\x00\x02\
\x00\x00\x00\x00\x00\x00\x00\x00\
\x00\x00\x00\x10\x00\x02\x00\x00\x00&\x00\x00\x00\x03\
\x00\x00\x00\x00\x00\x00\x00\x00\
\x00\x00\x05^\x00\x00\x00\x00\x00\x01\x00\x01\xb9\xf9\
\x00\x00\x01\x96\xae\xee\xf4\xd0\
\x00\x00\x03\x82\x00\x00\x00\x00\x00\x01\x00\x01W\x1c\
\x00\x00\x01\x96\xb8\xe7\xa10\
\x00\x00\x00\xe4\x00\x00\x00\x00\x00\x01\x00\x00\x14p\
\x00\x00\x01\x96\xae\xee\xf4\xd0\
\x00\x00\x01\xc6\x00\x00\x00\x00\x00\x01\x00\x00V\x9a\
\x00\x00\x01\x96\xae\xee\xf4\xd0\
\x00\x00\x05\xf2\x00\x00\x00\x00\x00\x01\x00\x01\xef\xb8\
\x00\x00\x01\x96\xae\xee\xf4\xd0\
\x00\x00\x05\xca\x00\x00\x00\x00\x00\x01\x00\x01\xe09\
\x00\x00\x01\x96\xae\xee\xf4\xd0\
\x00\x00\x05(\x00\x00\x00\x00\x00\x01\x00\x01\xb1\x80\
\x00\x00\x01\x96\xae\xee\xf4\xd0\
\x00\x00\x00z\x00\x00\x00\x00\x00\x01\x00\x00\x0a\xbb\
\x00\x00\x01\x96\xae\xee\xf4\xd0\
\x00\x00\x02\x22\x00\x00\x00\x00\x00\x01\x00\x00eN\
\x00\x00\x01\x96\xae\xee\xf4\xd0\
\x00\x00\x06\xbc\x00\x00\x00\x00\x00\x01\x00\x02/\x14\
\x00\x00\x01\x96\xae\xee\xf4\xd0\
\x00\x00\x01\xf0\x00\x00\x00\x00\x00\x01\x00\x00`v\
\x00\x00\x01\x96\xae\xee\xf4\xd0\
\x00\x00\x03\xac\x00\x00\x00\x00\x00\x01\x00\x01a\xc7\
\x00\x00\x01\x96\xb2\xf3\xbc\x00\
\x00\x00\x00P\x00\x00\x00\x00\x00\x01\x00\x00\x075\
\x00\x00\x01\x96\xae\xee\xf4\xd0\
\x00\x00\x03\x18\x00\x00\x00\x00\x00\x01\x00\x01O\x85\
\x00\x00\x01\x96\xae\xee\xf4\xd0\
\x00\x00\x06B\x00\x00\x00\x00\x00\x01\x00\x02\x09\xcc\
\x00\x00\x01\x96\xae\xee\xf4\xd0\
\x00\x00\x06\xe6\x00\x00\x00\x00\x00\x01\x00\x02>\xc7\
\x00\x00\x01\x96\xae\xee\xf4\xd0\
\x00\x00\x04\xb6\x00\x00\x00\x00\x00\x01\x00\x01\xa1w\
\x00\x00\x01\x96\xae\xee\xf4\xd0\
\x00\x00\x04\x12\x00\x00\x00\x00\x00\x01\x00\x01\x92\x16\
\x00\x00\x01\x96\xae\xee\xf4\xd0\
\x00\x00\x01\x80\x00\x00\x00\x00\x00\x01\x00\x004Y\
\x00\x00\x01\x9b\x07\x7f\xba\x90\
\x00\x00\x06l\x00\x00\x00\x00\x00\x01\x00\x02\x0db\
\x00\x00\x01\x96\xae\xee\xf4\xd0\
\x00\x00\x03D\x00\x00\x00\x00\x00\x01\x00\x01Q9\
\x00\x00\x01\x96\xae\xee\xf4\xd0\
\x00\x00\x02P\x00\x00\x00\x00\x00\x01\x00\x00h\x22\
\x00\x00\x01\x96\xae\xee\xf4\xd0\
\x00\x00\x05\x8e\x00\x00\x00\x00\x00\x01\x00\x01\xda\xf9\
\x00\x00\x01\x96\xae\xee\xf4\xd0\
\x00\x00\x03\xe8\x00\x00\x00\x00\x00\x01\x00\x01id\
\x00\x00\x01\x96\xae\xee\xf4\xd0\
\x00\x00\x04\xe6\x00\x00\x00\x00\x00\x01\x00\x01\xa8Q\
\x00\x00\x01\x96\xae\xee\xf4\xd0\
\x00\x00\x00\xb2\x00\x00\x00\x00\x00\x01\x00\x00\x0e\x89\
\x00\x00\x01\x96\xae\xee\xf4\xd0\
\x00\x00\x04~\x00\x00\x00\x00\x00\x01\x00\x01\x9c+\
\x00\x00\x01\x96\xae\xee\xf4\xd0\
\x00\x00\x01L\x00\x00\x00\x00\x00\x01\x00\x00#+\
\x00\x00\x01\x96\xae\xee\xf4\xd0\
\x00\x00\x01\x16\x00\x00\x00\x00\x00\x01\x00\x00\x19B\
\x00\x00\x01\x96\xae\xee\xf4\xd0\
\x00\x00\x02\x80\x00\x00\x00\x00\x00\x01\x00\x014B\
\x00\x00\x01\x96\xae\xee\xf4\xd0\
\x00\x00\x05\x02\x00\x00\x00\x00\x00\x01\x00\x01\xadS\
\x00\x00\x01\x96\xae\xee\xf4\xd0\
\x00\x00\x04F\x00\x00\x00\x00\x00\x01\x00\x01\x99\xae\
\x00\x00\x01\x96\xae\xee\xf4\xd0\
\x00\x00\x02\xf0\x00\x00\x00\x00\x00\x01\x00\x01>\xc7\
\x00\x00\x01\x96\xae\xee\xf4\xd0\
\x00\x00\x07\x16\x00\x00\x00\x00\x00\x01\x00\x02D\xcd\
\x00\x00\x01\x96\xae\xee\xf4\xd0\
\x00\x00\x06\x92\x00\x00\x00\x00\x00\x01\x00\x02\x1e\x95\
\x00\x00\x01\x96\xae\xee\xf4\xd0\
\x00\x00\x02\xb2\x00\x00\x00\x00\x00\x01\x00\x019\xbd\
\x00\x00\x01\x96\xae\xee\xf4\xd0\
\x00\x00\x06\x18\x00\x00\x00\x00\x00\x01\x00\x02\x05G\
\x00\x00\x01\x96\xae\xee\xf4\xd0\
\x00\x00\x00\x22\x00\x00\x00\x00\x00\x01\x00\x00\x00\x00\
\x00\x00\x01\x96\xae\xee\xf4\xd0\
"

def qInitResources():
    QtCore.qRegisterResourceData(0x03, qt_resource_struct, qt_resource_name, qt_resource_data)

def qCleanupResources():
    QtCore.qUnregisterResourceData(0x03, qt_resource_struct, qt_resource_name, qt_resource_data)

qInitResources()
